trip_id,tpep_pickup_datetime,tpep_dropoff_datetime,PULocationID,DOLocationID,trip_distance,fare_amount,passenger_count,payment_type,flag_bad_time_order,flag_zero_distance,flag_negative_fare,flag_bad_passenger_count,is_flagged,flag_unknown_pu_zone,flag_unknown_do_zone,trip_duration_min,pickup_hour,pickup_date,speed_mph,fare_per_mile,pickup_borough,pickup_zone,dropoff_borough,dropoff_zone,date,precipitation_mm,temp_avg_c,is_rainy_day
1,2024-03-11 23:15:00,2024-03-11 23:20:26,3,2,0.0,13.37,1.0,2,False,True,False,False,True,False,False,5.433333333333334,23,2024-03-11,0.0,,Manhattan,Chelsea,Manhattan,Harlem,2024-03-11,1.8,11.3,True
2,2024-03-02 16:33:00,2024-03-02 16:43:14,10,16,1.82,7.78,1.0,1,False,False,False,False,False,False,False,10.233333333333333,16,2024-03-02,10.671009771986972,4.274725274725275,Brooklyn,Bed-Stuy,Bronx,Fordham,2024-03-02,0.7,3.3,False
3,2024-03-14 06:38:00,2024-03-14 07:17:45,14,18,3.62,11.02,3.0,1,False,False,False,False,False,False,False,39.75,6,2024-03-14,5.464150943396227,3.044198895027624,Queens,Jamaica,Bronx,Mott Haven,2024-03-14,1.5,5.8,True
4,2024-03-17 14:17:00,2024-03-17 14:43:54,14,17,1.61,7.33,1.0,1,False,False,False,False,False,False,False,26.9,14,2024-03-17,3.5910780669144984,4.552795031055901,Queens,Jamaica,Bronx,Riverdale,2024-03-17,1.8,12.0,True
5,2024-03-03 17:43:00,2024-03-03 18:31:27,12,2,0.71,4.59,2.0,1,False,False,False,False,False,False,False,48.45,17,2024-03-03,0.8792569659442724,6.464788732394366,Queens,Flushing,Manhattan,Harlem,2024-03-03,1.4,7.4,True
6,2024-03-24 10:43:00,2024-03-24 10:54:15,13,9,1.08,6.27,1.0,1,False,False,False,False,False,False,False,11.25,10,2024-03-24,5.760000000000001,5.8055555555555545,Queens,Long Island City,Brooklyn,DUMBO,2024-03-24,1.1,11.3,True
7,2024-03-29 07:34:00,2024-03-29 07:37:05,3,1,0.57,4.36,,1,False,False,False,True,True,False,False,3.0833333333333335,7,2024-03-29,11.09189189189189,7.649122807017545,Manhattan,Chelsea,Manhattan,Midtown,2024-03-29,1.1,4.2,True
8,2024-03-03 11:21:00,2024-03-03 11:28:31,3,12,0.61,4.52,1.0,1,False,False,False,False,False,False,False,7.516666666666667,11,2024-03-03,4.869179600886918,7.40983606557377,Manhattan,Chelsea,Queens,Flushing,2024-03-03,1.4,7.4,True
9,2024-03-18 00:58:00,2024-03-18 01:29:44,14,7,3.4,12.93,1.0,1,False,False,False,False,False,False,False,31.733333333333334,0,2024-03-18,6.428571428571429,3.802941176470588,Queens,Jamaica,Brooklyn,Park Slope,2024-03-18,1.5,8.4,True
10,2024-03-01 03:26:00,2024-03-01 03:40:04,7,13,2.85,10.72,3.0,1,False,False,False,False,False,False,False,14.066666666666666,3,2024-03-01,12.156398104265405,3.76140350877193,Brooklyn,Park Slope,Queens,Long Island City,2024-03-01,0.0,4.2,False
11,2024-03-24 11:47:00,2024-03-24 11:58:47,6,12,7.62,24.52,1.0,1,False,False,False,False,False,False,False,11.783333333333333,11,2024-03-24,38.800565770862804,3.217847769028871,Brooklyn,Williamsburg,Queens,Flushing,2024-03-24,1.1,11.3,True
12,2024-03-30 19:41:00,2024-03-30 20:07:45,9,3,1.46,6.84,2.0,1,False,False,False,False,False,False,False,26.75,19,2024-03-30,3.2747663551401867,4.684931506849315,Brooklyn,DUMBO,Manhattan,Chelsea,2024-03-30,1.9,18.9,True
13,2024-03-16 05:59:00,2024-03-16 06:10:30,9,20,9.04,25.1,1.0,1,False,False,False,False,False,False,False,11.5,5,2024-03-16,47.16521739130434,2.776548672566372,Brooklyn,DUMBO,Staten Island,Tottenville,2024-03-16,0.5,14.7,False
14,2024-03-28 07:53:00,2024-03-28 08:06:17,17,2,2.63,9.53,1.0,1,False,False,False,False,False,False,False,13.283333333333333,7,2024-03-28,11.879548306148054,3.623574144486692,Bronx,Riverdale,Manhattan,Harlem,2024-03-28,1.2,7.8,True
15,2024-03-01 14:14:00,2024-03-01 14:16:44,4,11,2.29,9.16,4.0,1,False,False,False,False,False,False,False,2.7333333333333334,14,2024-03-01,50.26829268292683,4.0,Manhattan,SoHo,Queens,Astoria,2024-03-01,0.0,4.2,False
16,2024-03-09 19:28:00,2024-03-09 19:46:47,1,9,6.74,21.44,1.0,1,False,False,False,False,False,False,False,18.783333333333335,19,2024-03-09,21.52972493345164,3.1810089020771515,Manhattan,Midtown,Brooklyn,DUMBO,2024-03-09,4.2,4.7,True
17,2024-03-31 19:17:00,2024-03-31 19:20:53,20,7,1.9,8.52,2.0,1,False,False,False,False,False,False,False,3.8833333333333333,19,2024-03-31,29.356223175965663,4.484210526315789,Staten Island,Tottenville,Brooklyn,Park Slope,2024-03-31,0.3,10.0,False
18,2024-03-14 10:40:00,2024-03-14 11:07:19,10,3,6.17,21.1,1.0,1,False,False,False,False,False,False,False,27.316666666666666,10,2024-03-14,13.55216595485052,3.419773095623987,Brooklyn,Bed-Stuy,Manhattan,Chelsea,2024-03-14,1.5,5.8,True
19,2024-03-22 13:45:00,2024-03-22 14:00:46,9,9,2.92,11.05,2.0,1,False,False,False,False,False,False,False,15.766666666666667,13,2024-03-22,11.112050739957716,3.784246575342466,Brooklyn,DUMBO,Brooklyn,DUMBO,2024-03-22,0.0,8.6,False
20,2024-03-11 12:31:00,2024-03-11 12:47:17,4,6,2.89,11.82,,1,False,False,False,True,True,False,False,16.283333333333335,12,2024-03-11,10.6489252814739,4.0899653979238755,Manhattan,SoHo,Brooklyn,Williamsburg,2024-03-11,1.8,11.3,True
21,2024-03-02 18:37:00,2024-03-02 18:43:13,4,1,0.99,6.15,1.0,1,False,False,False,False,False,False,False,6.216666666666667,18,2024-03-02,9.554959785522788,6.212121212121213,Manhattan,SoHo,Manhattan,Midtown,2024-03-02,0.7,3.3,False
22,2024-03-15 18:55:00,2024-03-15 19:20:50,19,14,6.24,20.27,1.0,1,False,False,False,False,False,False,False,25.833333333333332,18,2024-03-15,14.492903225806453,3.2483974358974357,Staten Island,St. George,Queens,Jamaica,2024-03-15,2.5,10.9,True
23,2024-03-03 09:16:00,2024-03-03 09:44:15,1,5,2.61,10.41,1.0,1,False,False,False,False,False,False,False,28.25,9,2024-03-03,5.543362831858407,3.988505747126437,Manhattan,Midtown,Manhattan,Upper East Side,2024-03-03,1.4,7.4,True
24,2024-03-07 06:07:00,2024-03-07 06:12:40,9,5,3.79,14.81,1.0,2,False,False,False,False,False,False,False,5.666666666666667,6,2024-03-07,40.12941176470588,3.9076517150395778,Brooklyn,DUMBO,Manhattan,Upper East Side,2024-03-07,0.0,3.3,False
25,2024-03-22 16:16:00,2024-03-22 16:57:05,10,3,1.15,6.08,1.0,1,False,False,False,False,False,False,False,41.083333333333336,16,2024-03-22,1.6795131845841784,5.286956521739131,Brooklyn,Bed-Stuy,Manhattan,Chelsea,2024-03-22,0.0,8.6,False
26,2024-03-26 10:31:00,2024-03-26 10:40:04,8,1,0.93,5.32,1.0,1,False,False,False,False,False,False,False,9.066666666666666,10,2024-03-26,6.154411764705882,5.720430107526882,Brooklyn,Bushwick,Manhattan,Midtown,2024-03-26,1.0,4.1,False
27,2024-03-09 16:53:00,2024-03-09 17:30:37,7,4,5.01,18.36,3.0,2,False,False,False,False,False,False,False,37.61666666666667,16,2024-03-09,7.99113867966327,3.6646706586826348,Brooklyn,Park Slope,Manhattan,SoHo,2024-03-09,4.2,4.7,True
28,2024-03-02 15:28:00,2024-03-02 15:37:01,19,17,1.68,6.73,1.0,1,False,False,False,False,False,False,False,9.016666666666667,15,2024-03-02,11.179297597042513,4.005952380952381,Staten Island,St. George,Bronx,Riverdale,2024-03-02,0.7,3.3,False
29,2024-03-21 15:49:00,2024-03-21 16:02:33,6,13,5.2,19.47,1.0,1,False,False,False,False,False,False,False,13.55,15,2024-03-21,23.02583025830258,3.744230769230769,Brooklyn,Williamsburg,Queens,Long Island City,2024-03-21,0.0,8.6,False
30,2024-03-23 06:53:00,2024-03-23 07:02:48,17,19,6.59,20.9,1.0,1,False,False,False,False,False,False,False,9.8,6,2024-03-23,40.346938775510196,3.1714719271623673,Bronx,Riverdale,Staten Island,St. George,2024-03-23,1.2,5.9,True
31,2024-03-19 00:25:00,2024-03-19 00:51:50,16,8,1.37,6.23,1.0,2,False,False,False,False,False,False,False,26.833333333333332,0,2024-03-19,3.0633540372670813,4.547445255474453,Bronx,Fordham,Brooklyn,Bushwick,2024-03-19,1.1,11.7,True
32,2024-03-03 07:43:00,2024-03-03 08:26:45,19,5,1.35,6.03,1.0,1,False,False,False,False,False,False,False,43.75,7,2024-03-03,1.8514285714285716,4.466666666666667,Staten Island,St. George,Manhattan,Upper East Side,2024-03-03,1.4,7.4,True
33,2024-03-20 09:32:00,2024-03-20 10:22:17,7,4,3.69,11.48,1.0,1,False,False,False,False,False,False,False,50.28333333333333,9,2024-03-20,4.403049386808087,3.111111111111111,Brooklyn,Park Slope,Manhattan,SoHo,2024-03-20,1.4,11.9,True
34,2024-03-26 20:20:00,2024-03-26 20:45:55,1,5,7.29,21.78,1.0,1,False,False,False,False,False,False,False,25.916666666666668,20,2024-03-26,16.87717041800643,2.9876543209876543,Manhattan,Midtown,Manhattan,Upper East Side,2024-03-26,1.0,4.1,False
35,2024-03-20 05:03:00,2024-03-20 05:39:13,18,3,2.27,10.13,1.0,1,False,False,False,False,False,False,False,36.21666666666667,5,2024-03-20,3.7606994937873908,4.462555066079296,Bronx,Mott Haven,Manhattan,Chelsea,2024-03-20,1.4,11.9,True
36,2024-03-03 18:40:00,2024-03-03 18:55:43,13,12,3.7,13.55,1.0,1,False,False,False,False,False,False,False,15.716666666666667,18,2024-03-03,14.125132555673385,3.6621621621621623,Queens,Long Island City,Queens,Flushing,2024-03-03,1.4,7.4,True
37,2024-03-09 10:41:00,2024-03-09 11:13:27,2,19,0.58,4.5,1.0,1,False,False,False,False,False,False,False,32.45,10,2024-03-09,1.0724191063174113,7.758620689655173,Manhattan,Harlem,Staten Island,St. George,2024-03-09,4.2,4.7,True
38,2024-03-03 06:27:00,2024-03-03 06:59:04,4,10,3.92,13.25,4.0,1,False,False,False,False,False,False,False,32.06666666666667,6,2024-03-03,7.334719334719334,3.3801020408163267,Manhattan,SoHo,Brooklyn,Bed-Stuy,2024-03-03,1.4,7.4,True
39,2024-03-25 19:35:00,2024-03-25 19:47:57,5,12,2.62,10.81,1.0,1,False,False,False,False,False,False,False,12.95,19,2024-03-25,12.13899613899614,4.125954198473282,Manhattan,Upper East Side,Queens,Flushing,2024-03-25,0.0,7.3,False
40,2024-03-04 22:04:00,2024-03-04 22:20:24,13,19,1.57,7.23,1.0,1,False,False,False,False,False,False,False,16.4,22,2024-03-04,5.7439024390243905,4.605095541401274,Queens,Long Island City,Staten Island,St. George,2024-03-04,3.4,18.0,True
41,2024-03-12 15:39:00,2024-03-12 15:43:11,15,16,1.9,8.48,1.0,1,False,False,False,False,False,False,False,4.183333333333334,15,2024-03-12,27.250996015936252,4.463157894736843,Queens,Forest Hills,Bronx,Fordham,2024-03-12,0.7,10.8,False
42,2024-03-26 20:59:00,2024-03-26 21:28:35,10,7,5.85,20.48,1.0,3,False,False,False,False,False,False,False,29.583333333333332,20,2024-03-26,11.864788732394366,3.5008547008547013,Brooklyn,Bed-Stuy,Brooklyn,Park Slope,2024-03-26,1.0,4.1,False
43,2024-03-27 00:57:00,2024-03-27 01:23:12,12,17,2.08,7.87,2.0,1,False,False,False,False,False,False,False,26.2,0,2024-03-27,4.763358778625954,3.7836538461538463,Queens,Flushing,Bronx,Riverdale,2024-03-27,2.1,4.2,True
44,2024-03-02 01:42:00,2024-03-02 02:08:24,6,19,1.75,7.11,1.0,1,False,False,False,False,False,False,False,26.4,1,2024-03-02,3.977272727272727,4.062857142857143,Brooklyn,Williamsburg,Staten Island,St. George,2024-03-02,0.7,3.3,False
45,2024-03-30 09:48:00,2024-03-30 09:52:06,19,7,1.44,6.97,1.0,1,False,False,False,False,False,False,False,4.1,9,2024-03-30,21.073170731707318,4.840277777777778,Staten Island,St. George,Brooklyn,Park Slope,2024-03-30,1.9,18.9,True
46,2024-03-15 08:12:00,2024-03-15 08:24:39,1,3,1.49,6.46,1.0,1,False,False,False,False,False,False,False,12.65,8,2024-03-15,7.067193675889327,4.3355704697986575,Manhattan,Midtown,Manhattan,Chelsea,2024-03-15,2.5,10.9,True
47,2024-03-01 08:24:00,2024-03-01 08:38:26,13,15,4.36,16.8,1.0,2,False,False,False,False,False,False,False,14.433333333333334,8,2024-03-01,18.12471131639723,3.853211009174312,Queens,Long Island City,Queens,Forest Hills,2024-03-01,0.0,4.2,False
48,2024-03-20 02:29:00,2024-03-20 02:39:48,17,14,2.33,8.31,1.0,1,False,False,False,False,False,False,False,10.8,2,2024-03-20,12.944444444444443,3.5665236051502145,Bronx,Riverdale,Queens,Jamaica,2024-03-20,1.4,11.9,True
49,2024-03-30 09:56:00,2024-03-30 10:14:33,6,12,6.87,24.71,1.0,1,False,False,False,False,False,False,False,18.55,9,2024-03-30,22.221024258760107,3.596797671033479,Brooklyn,Williamsburg,Queens,Flushing,2024-03-30,1.9,18.9,True
50,2024-03-21 15:03:00,2024-03-21 15:11:14,4,17,0.87,5.14,1.0,1,False,False,False,False,False,False,False,8.233333333333333,15,2024-03-21,6.340080971659919,5.9080459770114935,Manhattan,SoHo,Bronx,Riverdale,2024-03-21,0.0,8.6,False
51,2024-03-25 16:27:00,2024-03-25 17:09:04,18,13,2.42,10.55,1.0,1,False,False,False,False,False,False,False,42.06666666666667,16,2024-03-25,3.4516640253565765,4.359504132231406,Bronx,Mott Haven,Queens,Long Island City,2024-03-25,0.0,7.3,False
52,2024-03-01 16:55:00,2024-03-01 17:18:52,13,1,3.32,13.54,2.0,1,False,False,False,False,False,False,False,23.866666666666667,16,2024-03-01,8.346368715083798,4.078313253012048,Queens,Long Island City,Manhattan,Midtown,2024-03-01,0.0,4.2,False
53,2024-03-28 19:14:00,2024-03-28 19:19:31,5,10,3.44,13.7,1.0,2,False,False,False,False,False,False,False,5.516666666666667,19,2024-03-28,37.41389728096677,3.9825581395348837,Manhattan,Upper East Side,Brooklyn,Bed-Stuy,2024-03-28,1.2,7.8,True
54,2024-03-10 08:16:00,2024-03-10 09:05:58,8,2,1.53,6.68,2.0,1,False,False,False,False,False,False,False,49.96666666666667,8,2024-03-10,1.8372248165443628,4.366013071895424,Brooklyn,Bushwick,Manhattan,Harlem,2024-03-10,0.0,3.9,False
55,2024-03-06 00:39:00,2024-03-06 00:46:38,17,16,2.15,9.49,4.0,1,False,False,False,False,False,False,False,7.633333333333334,0,2024-03-06,16.89956331877729,4.413953488372093,Bronx,Riverdale,Bronx,Fordham,2024-03-06,0.0,9.2,False
56,2024-03-11 14:14:00,2024-03-11 14:37:49,6,18,6.61,18.44,1.0,1,False,False,False,False,False,False,False,23.816666666666666,14,2024-03-11,16.652204338698393,2.789712556732224,Brooklyn,Williamsburg,Bronx,Mott Haven,2024-03-11,1.8,11.3,True
57,2024-03-05 19:41:00,2024-03-05 19:48:00,10,19,2.91,10.73,3.0,1,False,False,False,False,False,False,False,7.0,19,2024-03-05,24.942857142857143,3.6872852233676974,Brooklyn,Bed-Stuy,Staten Island,St. George,2024-03-05,2.7,10.6,True
58,2024-03-27 03:40:00,2024-03-27 03:42:38,11,11,2.55,9.88,1.0,1,False,False,False,False,False,False,False,2.6333333333333333,3,2024-03-27,58.10126582278481,3.874509803921569,Queens,Astoria,Queens,Astoria,2024-03-27,2.1,4.2,True
59,2024-03-05 08:14:00,2024-03-05 08:19:29,18,19,3.81,13.18,1.0,1,False,False,False,False,False,False,False,5.483333333333333,8,2024-03-05,41.68996960486322,3.459317585301837,Bronx,Mott Haven,Staten Island,St. George,2024-03-05,2.7,10.6,True
60,2024-03-15 22:28:00,2024-03-15 22:32:29,14,2,0.78,5.13,1.0,1,False,False,False,False,False,False,False,4.483333333333333,22,2024-03-15,10.438661710037175,6.576923076923077,Queens,Jamaica,Manhattan,Harlem,2024-03-15,2.5,10.9,True
61,2024-03-19 06:49:00,2024-03-19 07:02:50,16,17,2.75,9.29,2.0,1,False,False,False,False,False,False,False,13.833333333333334,6,2024-03-19,11.927710843373493,3.378181818181818,Bronx,Fordham,Bronx,Riverdale,2024-03-19,1.1,11.7,True
62,2024-03-10 10:08:00,2024-03-10 10:25:12,14,2,1.36,7.26,1.0,2,False,False,False,False,False,False,False,17.2,10,2024-03-10,4.744186046511628,5.338235294117647,Queens,Jamaica,Manhattan,Harlem,2024-03-10,0.0,3.9,False
63,2024-03-04 05:01:00,2024-03-04 05:28:29,19,15,3.76,14.54,1.0,1,False,False,False,False,False,False,False,27.483333333333334,5,2024-03-04,8.208611279563371,3.867021276595745,Staten Island,St. George,Queens,Forest Hills,2024-03-04,3.4,18.0,True
64,2024-03-27 17:58:00,2024-03-27 18:10:55,17,13,2.57,9.49,1.0,1,False,False,False,False,False,False,False,12.916666666666666,17,2024-03-27,11.938064516129032,3.692607003891051,Bronx,Riverdale,Queens,Long Island City,2024-03-27,2.1,4.2,True
65,2024-03-30 13:23:00,2024-03-30 13:59:38,8,17,0.77,5.28,1.0,1,False,False,False,False,False,False,False,36.63333333333333,13,2024-03-30,1.2611464968152868,6.857142857142858,Brooklyn,Bushwick,Bronx,Riverdale,2024-03-30,1.9,18.9,True
66,2024-03-12 01:13:00,2024-03-12 01:19:57,5,1,0.71,4.81,4.0,1,False,False,False,False,False,False,False,6.95,1,2024-03-12,6.129496402877698,6.774647887323943,Manhattan,Upper East Side,Manhattan,Midtown,2024-03-12,0.7,10.8,False
67,2024-03-19 16:20:00,2024-03-19 16:30:16,9,3,1.57,6.9,1.0,1,False,False,False,False,False,False,False,10.266666666666667,16,2024-03-19,9.175324675324674,4.3949044585987265,Brooklyn,DUMBO,Manhattan,Chelsea,2024-03-19,1.1,11.7,True
68,2024-03-04 00:04:00,2024-03-04 00:24:00,19,2,2.5,9.13,1.0,1,False,False,False,False,False,False,False,20.0,0,2024-03-04,7.5,3.652,Staten Island,St. George,Manhattan,Harlem,2024-03-04,3.4,18.0,True
69,2024-03-10 12:23:00,2024-03-10 12:57:33,20,17,2.49,10.26,1.0,1,False,False,False,False,False,False,False,34.55,12,2024-03-10,4.324167872648336,4.120481927710843,Staten Island,Tottenville,Bronx,Riverdale,2024-03-10,0.0,3.9,False
70,2024-03-02 10:08:00,2024-03-02 10:11:20,1,6,4.68,15.54,1.0,1,False,False,False,False,False,False,False,3.3333333333333335,10,2024-03-02,84.24,3.3205128205128207,Manhattan,Midtown,Brooklyn,Williamsburg,2024-03-02,0.7,3.3,False
71,2024-03-01 00:09:00,2024-03-01 01:01:13,9,17,9.22,24.1,1.0,1,False,False,False,False,False,False,False,52.21666666666667,0,2024-03-01,10.594318544526013,2.6138828633405637,Brooklyn,DUMBO,Bronx,Riverdale,2024-03-01,0.0,4.2,False
72,2024-03-20 02:54:00,2024-03-20 02:55:00,14,11,1.34,7.05,4.0,2,False,False,False,False,False,False,False,1.0,2,2024-03-20,80.4,5.261194029850746,Queens,Jamaica,Queens,Astoria,2024-03-20,1.4,11.9,True
73,2024-03-14 04:59:00,2024-03-14 05:23:10,5,14,2.29,9.84,2.0,2,False,False,False,False,False,False,False,24.166666666666668,4,2024-03-14,5.68551724137931,4.296943231441048,Manhattan,Upper East Side,Queens,Jamaica,2024-03-14,1.5,5.8,True
74,2024-03-15 17:24:00,2024-03-15 17:33:16,18,8,1.49,6.76,1.0,1,False,False,False,False,False,False,False,9.266666666666667,17,2024-03-15,9.647482014388487,4.5369127516778525,Bronx,Mott Haven,Brooklyn,Bushwick,2024-03-15,2.5,10.9,True
75,2024-03-21 08:07:00,2024-03-21 08:15:26,1,15,0.2,3.55,1.0,1,False,False,False,False,False,False,False,8.433333333333334,8,2024-03-21,1.4229249011857708,17.749999999999996,Manhattan,Midtown,Queens,Forest Hills,2024-03-21,0.0,8.6,False
76,2024-03-13 18:21:00,2024-03-13 18:22:01,15,1,6.85,22.84,1.0,1,False,False,False,False,False,False,False,1.0166666666666666,18,2024-03-13,404.26229508196724,3.334306569343066,Queens,Forest Hills,Manhattan,Midtown,2024-03-13,0.7,7.3,False
77,2024-03-07 13:26:00,2024-03-07 13:52:49,5,10,5.34,15.85,2.0,1,False,False,False,False,False,False,False,26.816666666666666,13,2024-03-07,11.947793660658794,2.9681647940074907,Manhattan,Upper East Side,Brooklyn,Bed-Stuy,2024-03-07,0.0,3.3,False
78,2024-03-17 11:10:00,2024-03-17 11:17:38,4,12,0.22,3.59,1.0,2,False,False,False,False,False,False,False,7.633333333333334,11,2024-03-17,1.7292576419213972,16.318181818181817,Manhattan,SoHo,Queens,Flushing,2024-03-17,1.8,12.0,True
79,2024-03-12 10:38:00,2024-03-12 11:14:22,8,6,9.3,31.13,4.0,1,False,False,False,False,False,False,False,36.36666666666667,10,2024-03-12,15.34372135655362,3.3473118279569887,Brooklyn,Bushwick,Brooklyn,Williamsburg,2024-03-12,0.7,10.8,False
80,2024-03-01 13:34:00,2024-03-01 14:00:34,8,11,0.61,4.41,1.0,2,False,False,False,False,False,False,False,26.566666666666666,13,2024-03-01,1.3776662484316187,7.229508196721312,Brooklyn,Bushwick,Queens,Astoria,2024-03-01,0.0,4.2,False
81,2024-03-26 20:19:00,2024-03-26 20:28:01,11,1,6.36,17.66,2.0,1,False,False,False,False,False,False,False,9.016666666666667,20,2024-03-26,42.32162661737523,2.7767295597484276,Queens,Astoria,Manhattan,Midtown,2024-03-26,1.0,4.1,False
82,2024-03-26 04:04:00,2024-03-26 04:14:47,15,15,1.87,7.71,1.0,1,False,False,False,False,False,False,False,10.783333333333333,4,2024-03-26,10.404945904173108,4.122994652406417,Queens,Forest Hills,Queens,Forest Hills,2024-03-26,1.0,4.1,False
83,2024-03-23 03:20:00,2024-03-23 03:43:21,6,2,1.56,7.09,2.0,1,False,False,False,False,False,False,False,23.35,3,2024-03-23,4.008565310492505,4.544871794871795,Brooklyn,Williamsburg,Manhattan,Harlem,2024-03-23,1.2,5.9,True
84,2024-03-07 00:26:00,2024-03-07 00:37:25,7,20,7.81,21.29,1.0,1,False,False,False,False,False,False,False,11.416666666666666,0,2024-03-07,41.04525547445255,2.725992317541613,Brooklyn,Park Slope,Staten Island,Tottenville,2024-03-07,0.0,3.3,False
85,2024-03-16 12:39:00,2024-03-16 13:09:35,17,20,1.47,6.54,1.0,1,False,False,False,False,False,False,False,30.583333333333332,12,2024-03-16,2.883923705722071,4.448979591836735,Bronx,Riverdale,Staten Island,Tottenville,2024-03-16,0.5,14.7,False
86,2024-03-26 16:51:00,2024-03-26 16:58:29,19,19,2.34,9.54,1.0,1,False,False,False,False,False,False,False,7.483333333333333,16,2024-03-26,18.761692650334076,4.076923076923077,Staten Island,St. George,Staten Island,St. George,2024-03-26,1.0,4.1,False
87,2024-03-02 21:17:00,2024-03-02 22:26:03,17,18,0.97,5.58,1.0,1,False,False,False,False,False,False,False,69.05,21,2024-03-02,0.8428674873280231,5.752577319587629,Bronx,Riverdale,Bronx,Mott Haven,2024-03-02,0.7,3.3,False
88,2024-03-18 17:22:00,2024-03-18 17:33:21,14,2,1.97,8.07,1.0,1,False,False,False,False,False,False,False,11.35,17,2024-03-18,10.41409691629956,4.096446700507615,Queens,Jamaica,Manhattan,Harlem,2024-03-18,1.5,8.4,True
89,2024-03-12 09:58:00,2024-03-12 10:19:22,8,15,1.37,-5.0,1.0,1,False,False,True,False,True,False,False,21.366666666666667,9,2024-03-12,3.8471138845553825,-3.64963503649635,Brooklyn,Bushwick,Queens,Forest Hills,2024-03-12,0.7,10.8,False
90,2024-03-28 18:26:00,2024-03-28 18:30:48,11,16,4.43,15.94,2.0,1,False,False,False,False,False,False,False,4.8,18,2024-03-28,55.37499999999999,3.598194130925508,Queens,Astoria,Bronx,Fordham,2024-03-28,1.2,7.8,True
91,2024-03-29 13:24:00,2024-03-29 13:36:01,19,16,1.02,5.9,2.0,1,False,False,False,False,False,False,False,12.016666666666667,13,2024-03-29,5.092926490984743,5.784313725490196,Staten Island,St. George,Bronx,Fordham,2024-03-29,1.1,4.2,True
92,2024-03-10 14:59:00,2024-03-10 15:36:09,3,12,5.18,16.13,2.0,2,False,False,False,False,False,False,False,37.15,14,2024-03-10,8.36608344549125,3.113899613899614,Manhattan,Chelsea,Queens,Flushing,2024-03-10,0.0,3.9,False
93,2024-03-24 07:32:00,2024-03-24 08:06:38,17,10,0.23,3.71,2.0,1,False,False,False,False,False,False,False,34.63333333333333,7,2024-03-24,0.3984600577478345,16.130434782608695,Bronx,Riverdale,Brooklyn,Bed-Stuy,2024-03-24,1.1,11.3,True
94,2024-03-02 11:06:00,2024-03-02 11:22:22,13,7,2.99,10.38,1.0,1,False,False,False,False,False,False,False,16.366666666666667,11,2024-03-02,10.961303462321792,3.471571906354515,Queens,Long Island City,Brooklyn,Park Slope,2024-03-02,0.7,3.3,False
95,2024-03-13 06:45:00,2024-03-13 06:49:27,4,9,2.88,11.97,1.0,1,False,False,False,False,False,False,False,4.45,6,2024-03-13,38.8314606741573,4.15625,Manhattan,SoHo,Brooklyn,DUMBO,2024-03-13,0.7,7.3,False
96,2024-03-28 17:52:00,2024-03-28 18:06:12,6,8,0.1,3.23,1.0,1,False,False,False,False,False,False,False,14.2,17,2024-03-28,0.4225352112676057,32.3,Brooklyn,Williamsburg,Brooklyn,Bushwick,2024-03-28,1.2,7.8,True
97,2024-03-07 00:06:00,2024-03-07 00:39:26,11,1,3.23,11.48,1.0,1,False,False,False,False,False,False,False,33.43333333333333,0,2024-03-07,5.796610169491526,3.5541795665634677,Queens,Astoria,Manhattan,Midtown,2024-03-07,0.0,3.3,False
98,2024-03-09 00:35:00,2024-03-09 00:47:32,15,5,6.02,19.92,3.0,1,False,False,False,False,False,False,False,12.533333333333333,0,2024-03-09,28.819148936170212,3.3089700996677744,Queens,Forest Hills,Manhattan,Upper East Side,2024-03-09,4.2,4.7,True
99,2024-03-29 02:43:00,2024-03-29 02:47:45,9,2,2.98,12.4,1.0,1,False,False,False,False,False,False,False,4.75,2,2024-03-29,37.642105263157895,4.1610738255033555,Brooklyn,DUMBO,Manhattan,Harlem,2024-03-29,1.1,4.2,True
100,2024-03-11 10:48:00,2024-03-11 10:53:50,18,5,0.42,4.12,1.0,1,False,False,False,False,False,False,False,5.833333333333333,10,2024-03-11,4.319999999999999,9.80952380952381,Bronx,Mott Haven,Manhattan,Upper East Side,2024-03-11,1.8,11.3,True
101,2024-03-07 16:50:00,2024-03-07 17:13:26,10,17,0.56,4.75,1.0,1,False,False,False,False,False,False,False,23.433333333333334,16,2024-03-07,1.4338549075391183,8.482142857142856,Brooklyn,Bed-Stuy,Bronx,Riverdale,2024-03-07,0.0,3.3,False
102,2024-03-01 22:21:00,2024-03-01 22:56:25,12,15,4.36,16.86,3.0,1,False,False,False,False,False,False,False,35.416666666666664,22,2024-03-01,7.386352941176471,3.8669724770642198,Queens,Flushing,Queens,Forest Hills,2024-03-01,0.0,4.2,False
103,2024-03-18 09:44:00,2024-03-18 10:04:33,7,9,3.12,12.72,1.0,1,False,False,False,False,False,False,False,20.55,9,2024-03-18,9.10948905109489,4.076923076923077,Brooklyn,Park Slope,Brooklyn,DUMBO,2024-03-18,1.5,8.4,True
104,2024-03-06 13:27:00,2024-03-06 13:59:18,3,12,2.5,10.58,1.0,1,False,False,False,False,False,False,False,32.3,13,2024-03-06,4.643962848297214,4.232,Manhattan,Chelsea,Queens,Flushing,2024-03-06,0.0,9.2,False
105,2024-03-10 07:29:00,2024-03-10 07:44:56,4,13,5.36,17.85,2.0,1,False,False,False,False,False,False,False,15.933333333333334,7,2024-03-10,20.184100418410043,3.330223880597015,Manhattan,SoHo,Queens,Long Island City,2024-03-10,0.0,3.9,False
106,2024-03-20 22:07:00,2024-03-20 22:37:03,13,13,2.28,10.28,1.0,1,False,False,False,False,False,False,False,30.05,22,2024-03-20,4.552412645590682,4.508771929824562,Queens,Long Island City,Queens,Long Island City,2024-03-20,1.4,11.9,True
107,2024-03-10 15:59:00,2024-03-10 16:33:10,15,10,1.49,7.21,2.0,1,False,False,False,False,False,False,False,34.166666666666664,15,2024-03-10,2.6165853658536586,4.8389261744966445,Queens,Forest Hills,Brooklyn,Bed-Stuy,2024-03-10,0.0,3.9,False
108,2024-03-18 01:34:00,2024-03-18 02:15:51,4,18,1.73,7.41,1.0,1,False,False,False,False,False,False,False,41.85,1,2024-03-18,2.4802867383512543,4.283236994219653,Manhattan,SoHo,Bronx,Mott Haven,2024-03-18,1.5,8.4,True
109,2024-03-29 04:40:00,2024-03-29 05:01:00,5,5,2.18,8.66,1.0,1,False,False,False,False,False,False,False,21.0,4,2024-03-29,6.2285714285714295,3.9724770642201834,Manhattan,Upper East Side,Manhattan,Upper East Side,2024-03-29,1.1,4.2,True
110,2024-03-27 02:13:00,2024-03-27 02:39:53,19,13,3.12,10.06,1.0,1,False,False,False,False,False,False,False,26.883333333333333,2,2024-03-27,6.96342219466832,3.2243589743589745,Staten Island,St. George,Queens,Long Island City,2024-03-27,2.1,4.2,True
111,2024-03-28 19:22:00,2024-03-28 19:31:45,15,17,1.61,7.11,1.0,1,False,False,False,False,False,False,False,9.75,19,2024-03-28,9.907692307692308,4.416149068322981,Queens,Forest Hills,Bronx,Riverdale,2024-03-28,1.2,7.8,True
112,2024-03-13 16:57:00,2024-03-13 16:59:39,3,6,3.05,12.75,2.0,1,False,False,False,False,False,False,False,2.65,16,2024-03-13,69.0566037735849,4.180327868852459,Manhattan,Chelsea,Brooklyn,Williamsburg,2024-03-13,0.7,7.3,False
113,2024-03-24 09:00:00,2024-03-24 10:02:26,9,3,5.11,18.73,1.0,3,False,False,False,False,False,False,False,62.43333333333333,9,2024-03-24,4.910838227442606,3.6653620352250487,Brooklyn,DUMBO,Manhattan,Chelsea,2024-03-24,1.1,11.3,True
114,2024-03-19 00:11:00,2024-03-19 00:25:12,6,8,2.3,8.7,1.0,1,False,False,False,False,False,False,False,14.2,0,2024-03-19,9.718309859154928,3.782608695652174,Brooklyn,Williamsburg,Brooklyn,Bushwick,2024-03-19,1.1,11.7,True
115,2024-03-04 16:15:00,2024-03-04 16:22:11,8,13,2.65,9.03,2.0,1,False,False,False,False,False,False,False,7.183333333333334,16,2024-03-04,22.134570765661252,3.4075471698113207,Brooklyn,Bushwick,Queens,Long Island City,2024-03-04,3.4,18.0,True
116,2024-03-02 15:56:00,2024-03-02 16:12:49,19,16,4.88,17.94,2.0,1,False,False,False,False,False,False,False,16.816666666666666,15,2024-03-02,17.411298315163528,3.676229508196722,Staten Island,St. George,Bronx,Fordham,2024-03-02,0.7,3.3,False
117,2024-03-22 17:30:00,2024-03-22 17:50:13,6,7,4.43,15.77,1.0,2,False,False,False,False,False,False,False,20.216666666666665,17,2024-03-22,13.147568013190437,3.559819413092551,Brooklyn,Williamsburg,Brooklyn,Park Slope,2024-03-22,0.0,8.6,False
118,2024-03-07 06:17:00,2024-03-07 06:47:37,18,4,2.48,9.01,0.0,1,False,False,False,True,True,False,False,30.616666666666667,6,2024-03-07,4.8600979858464886,3.633064516129032,Bronx,Mott Haven,Manhattan,SoHo,2024-03-07,0.0,3.3,False
119,2024-03-19 11:08:00,2024-03-19 11:15:37,2,13,1.59,7.38,1.0,2,False,False,False,False,False,False,False,7.616666666666666,11,2024-03-19,12.525164113785559,4.641509433962264,Manhattan,Harlem,Queens,Long Island City,2024-03-19,1.1,11.7,True
120,2024-03-04 18:45:00,2024-03-04 19:18:26,20,4,2.21,9.52,2.0,1,False,False,False,False,False,False,False,33.43333333333333,18,2024-03-04,3.9661016949152543,4.3076923076923075,Staten Island,Tottenville,Manhattan,SoHo,2024-03-04,3.4,18.0,True
121,2024-03-11 07:39:00,2024-03-11 07:55:35,15,12,1.47,6.29,2.0,2,False,False,False,False,False,False,False,16.583333333333332,7,2024-03-11,5.318592964824121,4.278911564625851,Queens,Forest Hills,Queens,Flushing,2024-03-11,1.8,11.3,True
122,2024-03-16 02:10:00,2024-03-16 02:12:37,11,2,6.66,20.14,2.0,1,False,False,False,False,False,False,False,2.6166666666666667,2,2024-03-16,152.71337579617833,3.024024024024024,Queens,Astoria,Manhattan,Harlem,2024-03-16,0.5,14.7,False
123,2024-03-26 02:04:00,2024-03-26 02:20:03,20,11,5.87,20.85,2.0,1,False,False,False,False,False,False,False,16.05,2,2024-03-26,21.94392523364486,3.5519591141396933,Staten Island,Tottenville,Queens,Astoria,2024-03-26,1.0,4.1,False
124,2024-03-31 20:13:00,2024-03-31 20:25:33,5,3,0.93,5.64,1.0,1,False,False,False,False,False,False,False,12.55,20,2024-03-31,4.446215139442232,6.064516129032257,Manhattan,Upper East Side,Manhattan,Chelsea,2024-03-31,0.3,10.0,False
125,2024-03-09 22:17:00,2024-03-09 22:29:22,15,12,3.46,12.87,1.0,1,False,False,False,False,False,False,False,12.366666666666667,22,2024-03-09,16.787061994609164,3.7196531791907512,Queens,Forest Hills,Queens,Flushing,2024-03-09,4.2,4.7,True
126,2024-03-24 20:55:00,2024-03-24 21:05:38,7,3,1.79,7.75,,2,False,False,False,True,True,False,False,10.633333333333333,20,2024-03-24,10.100313479623825,4.329608938547486,Brooklyn,Park Slope,Manhattan,Chelsea,2024-03-24,1.1,11.3,True
127,2024-03-27 23:07:00,2024-03-27 23:41:41,4,9,3.82,11.87,1.0,1,False,False,False,False,False,False,False,34.68333333333333,23,2024-03-27,6.608361364728496,3.107329842931937,Manhattan,SoHo,Brooklyn,DUMBO,2024-03-27,2.1,4.2,True
128,2024-03-07 09:28:00,2024-03-07 09:48:46,17,8,1.09,5.88,4.0,1,False,False,False,False,False,False,False,20.766666666666666,9,2024-03-07,3.1492776886035316,5.394495412844036,Bronx,Riverdale,Brooklyn,Bushwick,2024-03-07,0.0,3.3,False
129,2024-03-19 11:09:00,2024-03-19 11:19:20,6,9,0.14,3.4,2.0,1,False,False,False,False,False,False,False,10.333333333333334,11,2024-03-19,0.8129032258064517,24.28571428571428,Brooklyn,Williamsburg,Brooklyn,DUMBO,2024-03-19,1.1,11.7,True
130,2024-03-23 21:41:00,2024-03-23 21:49:52,20,1,3.67,11.15,1.0,1,False,False,False,False,False,False,False,8.866666666666667,21,2024-03-23,24.834586466165412,3.038147138964578,Staten Island,Tottenville,Manhattan,Midtown,2024-03-23,1.2,5.9,True
131,2024-03-16 13:51:00,2024-03-16 14:21:18,6,7,2.86,10.32,1.0,1,False,False,False,False,False,False,False,30.3,13,2024-03-16,5.663366336633663,3.6083916083916088,Brooklyn,Williamsburg,Brooklyn,Park Slope,2024-03-16,0.5,14.7,False
132,2024-03-08 04:41:00,2024-03-08 04:50:17,6,9,4.03,14.44,2.0,2,False,False,False,False,False,False,False,9.283333333333333,4,2024-03-08,26.046678635547575,3.583126550868486,Brooklyn,Williamsburg,Brooklyn,DUMBO,2024-03-08,2.8,5.6,True
133,2024-03-19 01:35:00,2024-03-19 01:54:45,7,11,2.33,9.94,1.0,2,False,False,False,False,False,False,False,19.75,1,2024-03-19,7.078481012658228,4.266094420600858,Brooklyn,Park Slope,Queens,Astoria,2024-03-19,1.1,11.7,True
134,2024-03-01 14:59:00,2024-03-01 15:35:49,18,12,3.74,11.85,1.0,1,False,False,False,False,False,False,False,36.81666666666667,14,2024-03-01,6.095065640561339,3.168449197860962,Bronx,Mott Haven,Queens,Flushing,2024-03-01,0.0,4.2,False
135,2024-03-02 02:00:00,2024-03-02 02:11:34,19,12,3.64,11.68,2.0,1,False,False,False,False,False,False,False,11.566666666666666,2,2024-03-02,18.88184438040346,3.2087912087912085,Staten Island,St. George,Queens,Flushing,2024-03-02,0.7,3.3,False
136,2024-03-28 15:45:00,2024-03-28 15:49:20,15,1,5.99,16.66,1.0,2,False,False,False,False,False,False,False,4.333333333333333,15,2024-03-28,82.93846153846155,2.7813021702838063,Queens,Forest Hills,Manhattan,Midtown,2024-03-28,1.2,7.8,True
137,2024-03-05 20:45:00,2024-03-05 20:58:57,18,17,3.85,14.29,2.0,1,False,False,False,False,False,False,False,13.95,20,2024-03-05,16.55913978494624,3.7116883116883113,Bronx,Mott Haven,Bronx,Riverdale,2024-03-05,2.7,10.6,True
138,2024-03-05 13:23:00,2024-03-05 13:37:03,19,19,1.97,8.89,1.0,1,False,False,False,False,False,False,False,14.05,13,2024-03-05,8.412811387900355,4.5126903553299496,Staten Island,St. George,Staten Island,St. George,2024-03-05,2.7,10.6,True
139,2024-03-15 15:56:00,2024-03-15 16:18:04,16,10,0.82,4.92,2.0,1,False,False,False,False,False,False,False,22.066666666666666,15,2024-03-15,2.229607250755287,6.0,Bronx,Fordham,Brooklyn,Bed-Stuy,2024-03-15,2.5,10.9,True
140,2024-03-16 21:01:00,2024-03-16 21:02:00,14,7,3.53,11.1,1.0,1,False,False,False,False,False,False,False,1.0,21,2024-03-16,211.79999999999998,3.144475920679887,Queens,Jamaica,Brooklyn,Park Slope,2024-03-16,0.5,14.7,False
141,2024-03-29 12:49:00,2024-03-29 13:07:20,1,8,1.45,7.43,1.0,1,False,False,False,False,False,False,False,18.333333333333332,12,2024-03-29,4.745454545454546,5.124137931034483,Manhattan,Midtown,Brooklyn,Bushwick,2024-03-29,1.1,4.2,True
142,2024-03-23 12:19:00,2024-03-23 12:33:27,10,12,3.78,11.95,1.0,2,False,False,False,False,False,False,False,14.45,12,2024-03-23,15.695501730103807,3.1613756613756614,Brooklyn,Bed-Stuy,Queens,Flushing,2024-03-23,1.2,5.9,True
143,2024-03-30 08:00:00,2024-03-30 08:04:36,17,17,0.79,5.01,1.0,2,False,False,False,False,False,False,False,4.6,8,2024-03-30,10.304347826086957,6.341772151898733,Bronx,Riverdale,Bronx,Riverdale,2024-03-30,1.9,18.9,True
144,2024-03-10 19:35:00,2024-03-10 19:38:23,5,20,2.09,8.16,1.0,1,False,False,False,False,False,False,False,3.3833333333333333,19,2024-03-10,37.06403940886699,3.904306220095694,Manhattan,Upper East Side,Staten Island,Tottenville,2024-03-10,0.0,3.9,False
145,2024-03-11 16:00:00,2024-03-11 16:19:51,10,20,4.48,15.14,1.0,3,False,False,False,False,False,False,False,19.85,16,2024-03-11,13.541561712846347,3.3794642857142856,Brooklyn,Bed-Stuy,Staten Island,Tottenville,2024-03-11,1.8,11.3,True
146,2024-03-01 20:39:00,2024-03-01 20:53:04,6,20,2.81,10.65,1.0,1,False,False,False,False,False,False,False,14.066666666666666,20,2024-03-01,11.985781990521328,3.790035587188612,Brooklyn,Williamsburg,Staten Island,Tottenville,2024-03-01,0.0,4.2,False
147,2024-03-27 18:05:00,2024-03-27 18:25:08,8,6,1.16,6.68,1.0,2,False,False,False,False,False,False,False,20.133333333333333,18,2024-03-27,3.456953642384106,5.758620689655173,Brooklyn,Bushwick,Brooklyn,Williamsburg,2024-03-27,2.1,4.2,True
148,2024-03-27 09:26:00,2024-03-27 09:49:48,12,8,2.6,10.99,1.0,2,False,False,False,False,False,False,False,23.8,9,2024-03-27,6.554621848739496,4.226923076923077,Queens,Flushing,Brooklyn,Bushwick,2024-03-27,2.1,4.2,True
149,2024-03-22 06:59:00,2024-03-22 07:51:23,2,18,4.22,15.02,1.0,1,False,False,False,False,False,False,False,52.38333333333333,6,2024-03-22,4.833598472796691,3.5592417061611377,Manhattan,Harlem,Bronx,Mott Haven,2024-03-22,0.0,8.6,False
150,2024-03-04 23:04:00,2024-03-04 23:09:15,4,6,2.16,9.16,2.0,1,False,False,False,False,False,False,False,5.25,23,2024-03-04,24.68571428571429,4.2407407407407405,Manhattan,SoHo,Brooklyn,Williamsburg,2024-03-04,3.4,18.0,True
151,2024-03-26 05:21:00,2024-03-26 05:30:50,15,1,2.1,7.87,1.0,1,False,False,False,False,False,False,False,9.833333333333334,5,2024-03-26,12.813559322033898,3.7476190476190476,Queens,Forest Hills,Manhattan,Midtown,2024-03-26,1.0,4.1,False
152,2024-03-27 02:14:00,2024-03-27 02:51:20,6,11,4.91,16.49,1.0,1,False,False,False,False,False,False,False,37.333333333333336,2,2024-03-27,7.891071428571428,3.358452138492871,Brooklyn,Williamsburg,Queens,Astoria,2024-03-27,2.1,4.2,True
153,2024-03-18 17:37:00,2024-03-18 17:38:18,12,5,5.25,17.07,1.0,1,False,False,False,False,False,False,False,1.3,17,2024-03-18,242.3076923076923,3.2514285714285713,Queens,Flushing,Manhattan,Upper East Side,2024-03-18,1.5,8.4,True
154,2024-03-09 00:36:00,2024-03-09 00:47:32,11,13,0.14,3.42,2.0,2,False,False,False,False,False,False,False,11.533333333333333,0,2024-03-09,0.7283236994219654,24.428571428571427,Queens,Astoria,Queens,Long Island City,2024-03-09,4.2,4.7,True
155,2024-03-30 03:34:00,2024-03-30 03:43:37,14,4,0.89,5.38,1.0,1,False,False,False,False,False,False,False,9.616666666666667,3,2024-03-30,5.552859618717504,6.044943820224719,Queens,Jamaica,Manhattan,SoHo,2024-03-30,1.9,18.9,True
156,2024-03-20 14:11:00,2024-03-20 14:51:44,2,17,2.79,9.38,2.0,3,False,False,False,False,False,False,False,40.733333333333334,14,2024-03-20,4.109656301145663,3.362007168458782,Manhattan,Harlem,Bronx,Riverdale,2024-03-20,1.4,11.9,True
157,2024-03-25 05:45:00,2024-03-25 06:10:50,17,10,3.97,13.82,2.0,1,False,False,False,False,False,False,False,25.833333333333332,5,2024-03-25,9.220645161290324,3.481108312342569,Bronx,Riverdale,Brooklyn,Bed-Stuy,2024-03-25,0.0,7.3,False
158,2024-03-18 02:11:00,2024-03-18 02:17:19,9,9,3.78,11.32,1.0,1,False,False,False,False,False,False,False,6.316666666666666,2,2024-03-18,35.90501319261214,2.994708994708995,Brooklyn,DUMBO,Brooklyn,DUMBO,2024-03-18,1.5,8.4,True
159,2024-03-08 08:57:00,2024-03-08 08:58:02,19,4,3.05,10.49,1.0,1,False,False,False,False,False,False,False,1.0333333333333334,8,2024-03-08,177.09677419354836,3.4393442622950823,Staten Island,St. George,Manhattan,SoHo,2024-03-08,2.8,5.6,True
160,2024-03-26 00:41:00,2024-03-26 00:59:17,12,2,1.66,6.9,1.0,1,False,False,False,False,False,False,False,18.283333333333335,0,2024-03-26,5.447584320875114,4.156626506024097,Queens,Flushing,Manhattan,Harlem,2024-03-26,1.0,4.1,False
161,2024-03-11 09:56:00,2024-03-11 10:16:36,14,13,2.76,10.58,1.0,1,False,False,False,False,False,False,False,20.6,9,2024-03-11,8.038834951456309,3.8333333333333335,Queens,Jamaica,Queens,Long Island City,2024-03-11,1.8,11.3,True
162,2024-03-06 03:41:00,2024-03-06 03:54:21,9,17,4.3,14.35,1.0,1,False,False,False,False,False,False,False,13.35,3,2024-03-06,19.325842696629213,3.3372093023255816,Brooklyn,DUMBO,Bronx,Riverdale,2024-03-06,0.0,9.2,False
163,2024-03-31 18:31:00,2024-03-31 18:34:14,8,5,3.34,11.27,,2,False,False,False,True,True,False,False,3.2333333333333334,18,2024-03-31,61.97938144329897,3.374251497005988,Brooklyn,Bushwick,Manhattan,Upper East Side,2024-03-31,0.3,10.0,False
164,2024-03-10 20:50:00,2024-03-10 20:59:36,5,12,0.66,4.75,2.0,1,False,False,False,False,False,False,False,9.6,20,2024-03-10,4.125,7.196969696969696,Manhattan,Upper East Side,Queens,Flushing,2024-03-10,0.0,3.9,False
165,2024-03-11 01:24:00,2024-03-11 01:28:48,2,12,7.9,23.99,1.0,1,False,False,False,False,False,False,False,4.8,1,2024-03-11,98.75,3.0367088607594934,Manhattan,Harlem,Queens,Flushing,2024-03-11,1.8,11.3,True
166,2024-03-07 17:26:00,2024-03-07 17:53:33,16,10,2.87,9.82,1.0,1,False,False,False,False,False,False,False,27.55,17,2024-03-07,6.250453720508167,3.421602787456446,Bronx,Fordham,Brooklyn,Bed-Stuy,2024-03-07,0.0,3.3,False
167,2024-03-24 04:40:00,2024-03-24 04:48:23,5,20,2.63,9.09,4.0,2,False,False,False,False,False,False,False,8.383333333333333,4,2024-03-24,18.82306163021869,3.456273764258555,Manhattan,Upper East Side,Staten Island,Tottenville,2024-03-24,1.1,11.3,True
168,2024-03-29 16:43:00,2024-03-29 17:02:54,16,12,1.54,7.6,2.0,2,False,False,False,False,False,False,False,19.9,16,2024-03-29,4.64321608040201,4.9350649350649345,Bronx,Fordham,Queens,Flushing,2024-03-29,1.1,4.2,True
169,2024-03-14 07:29:00,2024-03-14 07:47:24,9,1,2.11,8.45,1.0,1,False,False,False,False,False,False,False,18.4,7,2024-03-14,6.880434782608695,4.004739336492891,Brooklyn,DUMBO,Manhattan,Midtown,2024-03-14,1.5,5.8,True
170,2024-03-27 10:27:00,2024-03-27 10:37:44,12,15,3.71,13.25,1.0,1,False,False,False,False,False,False,False,10.733333333333333,10,2024-03-27,20.73913043478261,3.5714285714285716,Queens,Flushing,Queens,Forest Hills,2024-03-27,2.1,4.2,True
171,2024-03-18 11:29:00,2024-03-18 11:38:38,14,9,3.51,11.23,1.0,1,False,False,False,False,False,False,False,9.633333333333333,11,2024-03-18,21.861591695501733,3.1994301994302,Queens,Jamaica,Brooklyn,DUMBO,2024-03-18,1.5,8.4,True
172,2024-03-17 19:46:00,2024-03-17 20:38:21,1,4,1.05,5.98,2.0,1,False,False,False,False,False,False,False,52.35,19,2024-03-17,1.2034383954154728,5.695238095238095,Manhattan,Midtown,Manhattan,SoHo,2024-03-17,1.8,12.0,True
173,2024-03-22 21:52:00,2024-03-22 22:28:00,2,8,1.54,6.99,1.0,1,False,False,False,False,False,False,False,36.0,21,2024-03-22,2.566666666666667,4.538961038961039,Manhattan,Harlem,Brooklyn,Bushwick,2024-03-22,0.0,8.6,False
174,2024-03-13 01:07:00,2024-03-13 01:29:02,14,20,2.79,10.33,1.0,1,False,False,False,False,False,False,False,22.033333333333335,1,2024-03-13,7.597579425113464,3.7025089605734767,Queens,Jamaica,Staten Island,Tottenville,2024-03-13,0.7,7.3,False
175,2024-03-25 11:42:00,2024-03-25 12:04:02,19,2,3.95,12.28,1.0,1,False,False,False,False,False,False,False,22.033333333333335,11,2024-03-25,10.75642965204236,3.1088607594936706,Staten Island,St. George,Manhattan,Harlem,2024-03-25,0.0,7.3,False
176,2024-03-26 10:18:00,2024-03-26 10:22:29,14,19,0.62,4.46,1.0,1,False,False,False,False,False,False,False,4.483333333333333,10,2024-03-26,8.29739776951673,7.193548387096774,Queens,Jamaica,Staten Island,St. George,2024-03-26,1.0,4.1,False
177,2024-03-17 04:11:00,2024-03-17 04:38:45,4,6,0.81,4.95,1.0,1,False,False,False,False,False,False,False,27.75,4,2024-03-17,1.7513513513513514,6.111111111111111,Manhattan,SoHo,Brooklyn,Williamsburg,2024-03-17,1.8,12.0,True
178,2024-03-11 17:02:00,2024-03-11 17:25:30,7,5,8.01,24.82,1.0,1,False,False,False,False,False,False,False,23.5,17,2024-03-11,20.451063829787234,3.0986267166042447,Brooklyn,Park Slope,Manhattan,Upper East Side,2024-03-11,1.8,11.3,True
179,2024-03-03 13:56:00,2024-03-03 14:01:45,7,5,1.64,7.04,2.0,1,False,False,False,False,False,False,False,5.75,13,2024-03-03,17.113043478260867,4.2926829268292686,Brooklyn,Park Slope,Manhattan,Upper East Side,2024-03-03,1.4,7.4,True
180,2024-03-16 19:00:00,2024-03-16 19:04:57,11,20,3.87,12.96,1.0,1,False,False,False,False,False,False,False,4.95,19,2024-03-16,46.90909090909091,3.3488372093023258,Queens,Astoria,Staten Island,Tottenville,2024-03-16,0.5,14.7,False
181,2024-03-21 08:20:00,2024-03-21 08:24:58,20,6,2.58,9.92,1.0,1,False,False,False,False,False,False,False,4.966666666666667,8,2024-03-21,31.167785234899327,3.8449612403100772,Staten Island,Tottenville,Brooklyn,Williamsburg,2024-03-21,0.0,8.6,False
182,2024-03-31 03:24:00,2024-03-31 03:45:04,8,11,3.03,10.5,3.0,1,False,False,False,False,False,False,False,21.066666666666666,3,2024-03-31,8.629746835443038,3.4653465346534658,Brooklyn,Bushwick,Queens,Astoria,2024-03-31,0.3,10.0,False
183,2024-03-20 20:42:00,2024-03-20 20:45:24,12,1,2.14,9.59,1.0,1,False,False,False,False,False,False,False,3.4,20,2024-03-20,37.76470588235294,4.481308411214953,Queens,Flushing,Manhattan,Midtown,2024-03-20,1.4,11.9,True
184,2024-03-30 03:51:00,2024-03-30 04:02:08,14,4,3.07,12.68,2.0,1,False,False,False,False,False,False,False,11.133333333333333,3,2024-03-30,16.544910179640716,4.130293159609121,Queens,Jamaica,Manhattan,SoHo,2024-03-30,1.9,18.9,True
185,2024-03-27 10:58:00,2024-03-27 11:03:49,10,6,3.94,14.26,2.0,1,False,False,False,False,False,False,False,5.816666666666666,10,2024-03-27,40.64183381088825,3.6192893401015227,Brooklyn,Bed-Stuy,Brooklyn,Williamsburg,2024-03-27,2.1,4.2,True
186,2024-03-28 06:39:00,2024-03-28 07:02:13,14,9,6.4,17.85,1.0,1,False,False,False,False,False,False,False,23.216666666666665,6,2024-03-28,16.53984206748026,2.7890625,Queens,Jamaica,Brooklyn,DUMBO,2024-03-28,1.2,7.8,True
187,2024-03-15 08:29:00,2024-03-15 08:40:41,16,2,4.35,13.07,1.0,1,False,False,False,False,False,False,False,11.683333333333334,8,2024-03-15,22.339514978601997,3.0045977011494256,Bronx,Fordham,Manhattan,Harlem,2024-03-15,2.5,10.9,True
188,2024-03-17 15:13:00,2024-03-17 15:22:05,20,12,0.8,5.25,3.0,1,False,False,False,False,False,False,False,9.083333333333334,15,2024-03-17,5.28440366972477,6.5625,Staten Island,Tottenville,Queens,Flushing,2024-03-17,1.8,12.0,True
189,2024-03-24 05:33:00,2024-03-24 05:37:51,8,14,5.77,18.82,1.0,2,False,False,False,False,False,False,False,4.85,5,2024-03-24,71.38144329896907,3.2616984402079727,Brooklyn,Bushwick,Queens,Jamaica,2024-03-24,1.1,11.3,True
190,2024-03-12 19:50:00,2024-03-12 20:22:13,15,20,1.33,6.9,1.0,2,False,False,False,False,False,False,False,32.21666666666667,19,2024-03-12,2.4769787894464566,5.18796992481203,Queens,Forest Hills,Staten Island,Tottenville,2024-03-12,0.7,10.8,False
191,2024-03-31 23:58:00,2024-04-01 00:02:57,3,19,2.59,10.65,2.0,1,False,False,False,False,False,False,False,4.95,23,2024-03-31,31.39393939393939,4.111969111969112,Manhattan,Chelsea,Staten Island,St. George,2024-03-31,0.3,10.0,False
192,2024-03-21 15:25:00,2024-03-21 15:44:09,1,12,4.99,16.29,1.0,2,False,False,False,False,False,False,False,19.15,15,2024-03-21,15.634464751958227,3.2645290581162323,Manhattan,Midtown,Queens,Flushing,2024-03-21,0.0,8.6,False
193,2024-03-12 16:32:00,2024-03-12 16:39:05,14,7,1.58,6.96,2.0,1,False,False,False,False,False,False,False,7.083333333333333,16,2024-03-12,13.383529411764707,4.40506329113924,Queens,Jamaica,Brooklyn,Park Slope,2024-03-12,0.7,10.8,False
194,2024-03-08 20:49:00,2024-03-08 21:22:38,17,14,1.6,7.72,1.0,1,False,False,False,False,False,False,False,33.63333333333333,20,2024-03-08,2.8543111992071357,4.824999999999999,Bronx,Riverdale,Queens,Jamaica,2024-03-08,2.8,5.6,True
195,2024-03-14 19:13:00,2024-03-14 19:38:54,4,15,5.72,18.28,1.0,1,False,False,False,False,False,False,False,25.9,19,2024-03-14,13.250965250965251,3.1958041958041963,Manhattan,SoHo,Queens,Forest Hills,2024-03-14,1.5,5.8,True
196,2024-03-30 04:03:00,2024-03-30 04:11:25,10,6,4.31,12.49,1.0,1,False,False,False,False,False,False,False,8.416666666666666,4,2024-03-30,30.72475247524752,2.8979118329466362,Brooklyn,Bed-Stuy,Brooklyn,Williamsburg,2024-03-30,1.9,18.9,True
197,2024-03-24 12:08:00,2024-03-24 12:11:41,20,4,0.5,4.45,1.0,1,False,False,False,False,False,False,False,3.683333333333333,12,2024-03-24,8.144796380090497,8.9,Staten Island,Tottenville,Manhattan,SoHo,2024-03-24,1.1,11.3,True
198,2024-03-31 05:43:00,2024-03-31 06:13:19,13,12,4.09,14.03,1.0,2,False,False,False,False,False,False,False,30.316666666666666,5,2024-03-31,8.094557449147882,3.4303178484107577,Queens,Long Island City,Queens,Flushing,2024-03-31,0.3,10.0,False
199,2024-03-27 07:01:00,2024-03-27 07:23:23,1,18,1.77,7.11,2.0,1,False,False,False,False,False,False,False,22.383333333333333,7,2024-03-27,4.744601638123604,4.016949152542373,Manhattan,Midtown,Bronx,Mott Haven,2024-03-27,2.1,4.2,True
200,2024-03-14 07:54:00,2024-03-14 08:17:22,20,16,4.38,-5.0,1.0,1,False,False,True,False,True,False,False,23.366666666666667,7,2024-03-14,11.24679029957204,-1.1415525114155252,Staten Island,Tottenville,Bronx,Fordham,2024-03-14,1.5,5.8,True
201,2024-03-24 23:01:00,2024-03-24 23:19:48,13,6,0.71,5.07,1.0,1,False,False,False,False,False,False,False,18.8,23,2024-03-24,2.2659574468085104,7.140845070422536,Queens,Long Island City,Brooklyn,Williamsburg,2024-03-24,1.1,11.3,True
202,2024-03-13 16:44:00,2024-03-13 16:54:42,5,4,3.91,13.5,1.0,1,False,False,False,False,False,False,False,10.7,16,2024-03-13,21.925233644859816,3.4526854219948846,Manhattan,Upper East Side,Manhattan,SoHo,2024-03-13,0.7,7.3,False
203,2024-03-14 16:35:00,2024-03-14 16:51:11,20,4,2.98,10.23,1.0,1,False,False,False,False,False,False,False,16.183333333333334,16,2024-03-14,11.048403707518021,3.4328859060402688,Staten Island,Tottenville,Manhattan,SoHo,2024-03-14,1.5,5.8,True
204,2024-03-01 23:51:00,2024-03-02 00:04:51,16,16,2.27,10.04,1.0,2,False,False,False,False,False,False,False,13.85,23,2024-03-01,9.833935018050541,4.422907488986784,Bronx,Fordham,Bronx,Fordham,2024-03-01,0.0,4.2,False
205,2024-03-07 19:53:00,2024-03-07 20:03:05,11,4,4.43,12.95,1.0,1,False,False,False,False,False,False,False,10.083333333333334,19,2024-03-07,26.360330578512393,2.9232505643340856,Queens,Astoria,Manhattan,SoHo,2024-03-07,0.0,3.3,False
206,2024-03-22 07:22:00,2024-03-22 07:47:17,7,10,2.13,9.73,1.0,2,False,False,False,False,False,False,False,25.283333333333335,7,2024-03-22,5.0547132498352,4.568075117370893,Brooklyn,Park Slope,Brooklyn,Bed-Stuy,2024-03-22,0.0,8.6,False
207,2024-03-26 12:07:00,2024-03-26 12:34:48,17,19,1.18,6.38,1.0,1,False,False,False,False,False,False,False,27.8,12,2024-03-26,2.5467625899280577,5.406779661016949,Bronx,Riverdale,Staten Island,St. George,2024-03-26,1.0,4.1,False
208,2024-03-21 04:15:00,2024-03-21 04:22:19,11,9,2.34,10.45,1.0,2,False,False,False,False,False,False,False,7.316666666666666,4,2024-03-21,19.189066059225514,4.465811965811966,Queens,Astoria,Brooklyn,DUMBO,2024-03-21,0.0,8.6,False
209,2024-03-15 14:08:00,2024-03-15 14:12:12,2,10,3.98,12.31,1.0,1,False,False,False,False,False,False,False,4.2,14,2024-03-15,56.857142857142854,3.092964824120603,Manhattan,Harlem,Brooklyn,Bed-Stuy,2024-03-15,2.5,10.9,True
210,2024-03-22 05:35:00,2024-03-22 06:18:05,3,19,2.16,8.0,1.0,2,False,False,False,False,False,False,False,43.083333333333336,5,2024-03-22,3.0081237911025145,3.7037037037037033,Manhattan,Chelsea,Staten Island,St. George,2024-03-22,0.0,8.6,False
211,2024-03-27 06:23:00,2024-03-27 06:50:04,8,15,1.99,8.87,1.0,2,False,False,False,False,False,False,False,27.066666666666666,6,2024-03-27,4.411330049261084,4.457286432160804,Brooklyn,Bushwick,Queens,Forest Hills,2024-03-27,2.1,4.2,True
212,2024-03-11 08:59:00,2024-03-11 09:40:55,12,1,3.53,11.1,1.0,1,False,False,False,False,False,False,False,41.916666666666664,8,2024-03-11,5.052882703777336,3.144475920679887,Queens,Flushing,Manhattan,Midtown,2024-03-11,1.8,11.3,True
213,2024-03-13 22:58:00,2024-03-13 23:16:44,12,10,1.4,7.15,4.0,1,False,False,False,False,False,False,False,18.733333333333334,22,2024-03-13,4.4839857651245545,5.107142857142858,Queens,Flushing,Brooklyn,Bed-Stuy,2024-03-13,0.7,7.3,False
214,2024-03-24 02:03:00,2024-03-24 02:10:24,18,10,5.1,15.22,2.0,1,False,False,False,False,False,False,False,7.4,2,2024-03-24,41.35135135135135,2.9843137254901966,Bronx,Mott Haven,Brooklyn,Bed-Stuy,2024-03-24,1.1,11.3,True
215,2024-03-14 19:49:00,2024-03-14 19:57:41,1,1,5.41,16.4,4.0,1,False,False,False,False,False,False,False,8.683333333333334,19,2024-03-14,37.381957773512475,3.031423290203327,Manhattan,Midtown,Manhattan,Midtown,2024-03-14,1.5,5.8,True
216,2024-03-24 04:20:00,2024-03-24 04:46:02,9,12,4.02,15.73,2.0,2,False,False,False,False,False,False,False,26.033333333333335,4,2024-03-24,9.265044814340587,3.9129353233830853,Brooklyn,DUMBO,Queens,Flushing,2024-03-24,1.1,11.3,True
217,2024-03-28 17:51:00,2024-03-28 18:05:53,5,3,3.34,11.43,4.0,1,False,False,False,False,False,False,False,14.883333333333333,17,2024-03-28,13.464725643896976,3.4221556886227544,Manhattan,Upper East Side,Manhattan,Chelsea,2024-03-28,1.2,7.8,True
218,2024-03-26 10:32:00,2024-03-26 10:41:53,6,18,4.0,13.14,1.0,1,False,False,False,False,False,False,False,9.883333333333333,10,2024-03-26,24.283305227655987,3.285,Brooklyn,Williamsburg,Bronx,Mott Haven,2024-03-26,1.0,4.1,False
219,2024-03-12 07:39:00,2024-03-12 07:43:15,16,1,5.59,20.21,1.0,1,False,False,False,False,False,False,False,4.25,7,2024-03-12,78.91764705882353,3.6153846153846154,Bronx,Fordham,Manhattan,Midtown,2024-03-12,0.7,10.8,False
220,2024-03-13 13:39:00,2024-03-13 13:57:05,17,5,3.64,12.58,1.0,2,False,False,False,False,False,False,False,18.083333333333332,13,2024-03-13,12.07741935483871,3.4560439560439558,Bronx,Riverdale,Manhattan,Upper East Side,2024-03-13,0.7,7.3,False
221,2024-03-08 17:01:00,2024-03-08 17:16:26,15,7,2.96,10.47,1.0,1,False,False,False,False,False,False,False,15.433333333333334,17,2024-03-08,11.507559395248379,3.5371621621621623,Queens,Forest Hills,Brooklyn,Park Slope,2024-03-08,2.8,5.6,True
222,2024-03-27 18:27:00,2024-03-27 18:49:54,6,15,1.8,8.21,1.0,1,False,False,False,False,False,False,False,22.9,18,2024-03-27,4.716157205240175,4.561111111111112,Brooklyn,Williamsburg,Queens,Forest Hills,2024-03-27,2.1,4.2,True
223,2024-03-05 10:10:00,2024-03-05 10:19:52,13,15,6.9,19.79,2.0,1,False,False,False,False,False,False,False,9.866666666666667,10,2024-03-05,41.95945945945946,2.8681159420289855,Queens,Long Island City,Queens,Forest Hills,2024-03-05,2.7,10.6,True
224,2024-03-15 16:05:00,2024-03-15 16:29:15,8,3,8.83,26.49,2.0,1,False,False,False,False,False,False,False,24.25,16,2024-03-15,21.84742268041237,3.0,Brooklyn,Bushwick,Manhattan,Chelsea,2024-03-15,2.5,10.9,True
225,2024-03-05 06:22:00,2024-03-05 06:34:55,16,19,1.16,6.6,1.0,3,False,False,False,False,False,False,False,12.916666666666666,6,2024-03-05,5.388387096774194,5.689655172413794,Bronx,Fordham,Staten Island,St. George,2024-03-05,2.7,10.6,True
226,2024-03-14 10:10:00,2024-03-14 10:35:19,19,15,4.15,15.15,1.0,1,False,False,False,False,False,False,False,25.316666666666666,10,2024-03-14,9.835418038183017,3.650602409638554,Staten Island,St. George,Queens,Forest Hills,2024-03-14,1.5,5.8,True
227,2024-03-24 18:28:00,2024-03-24 18:34:42,11,3,2.86,10.64,1.0,1,False,False,False,False,False,False,False,6.7,18,2024-03-24,25.611940298507463,3.7202797202797204,Queens,Astoria,Manhattan,Chelsea,2024-03-24,1.1,11.3,True
228,2024-03-19 17:17:00,2024-03-19 17:45:58,17,16,7.99,21.21,1.0,1,False,False,False,False,False,False,False,28.966666666666665,17,2024-03-19,16.55005753739931,2.6545682102628287,Bronx,Riverdale,Bronx,Fordham,2024-03-19,1.1,11.7,True
229,2024-03-01 12:58:00,2024-03-01 13:05:59,9,4,2.74,9.35,0.0,2,False,False,False,True,True,False,False,7.983333333333333,12,2024-03-01,20.592901878914404,3.4124087591240873,Brooklyn,DUMBO,Manhattan,SoHo,2024-03-01,0.0,4.2,False
230,2024-03-15 13:21:00,2024-03-15 13:38:18,15,15,5.31,16.38,1.0,1,False,False,False,False,False,False,False,17.3,13,2024-03-15,18.416184971098264,3.0847457627118646,Queens,Forest Hills,Queens,Forest Hills,2024-03-15,2.5,10.9,True
231,2024-03-19 12:09:00,2024-03-19 12:20:17,7,4,2.0,8.97,1.0,1,False,False,False,False,False,False,False,11.283333333333333,12,2024-03-19,10.635155096011816,4.485,Brooklyn,Park Slope,Manhattan,SoHo,2024-03-19,1.1,11.7,True
232,2024-03-07 02:10:00,2024-03-07 02:30:29,6,18,2.97,11.05,1.0,1,False,False,False,False,False,False,False,20.483333333333334,2,2024-03-07,8.699755899104963,3.7205387205387206,Brooklyn,Williamsburg,Bronx,Mott Haven,2024-03-07,0.0,3.3,False
233,2024-03-15 18:19:00,2024-03-15 18:45:27,3,8,3.12,11.26,1.0,1,False,False,False,False,False,False,False,26.45,18,2024-03-15,7.077504725897922,3.6089743589743586,Manhattan,Chelsea,Brooklyn,Bushwick,2024-03-15,2.5,10.9,True
234,2024-03-13 09:19:00,2024-03-13 09:25:49,11,20,1.51,6.33,1.0,1,False,False,False,False,False,False,False,6.816666666666666,9,2024-03-13,13.290953545232274,4.19205298013245,Queens,Astoria,Staten Island,Tottenville,2024-03-13,0.7,7.3,False
235,2024-03-27 00:25:00,2024-03-27 00:26:00,5,17,0.66,4.48,1.0,1,False,False,False,False,False,False,False,1.0,0,2024-03-27,39.6,6.787878787878788,Manhattan,Upper East Side,Bronx,Riverdale,2024-03-27,2.1,4.2,True
236,2024-03-24 08:23:00,2024-03-24 08:53:35,11,13,2.85,11.19,1.0,2,False,False,False,False,False,False,False,30.583333333333332,8,2024-03-24,5.591280653950954,3.926315789473684,Queens,Astoria,Queens,Long Island City,2024-03-24,1.1,11.3,True
237,2024-03-31 16:39:00,2024-03-31 16:41:17,13,7,0.0,4.55,1.0,3,False,True,False,False,True,False,False,2.283333333333333,16,2024-03-31,0.0,,Queens,Long Island City,Brooklyn,Park Slope,2024-03-31,0.3,10.0,False
238,2024-03-11 23:32:00,2024-03-11 23:48:44,18,5,1.59,7.1,1.0,1,False,False,False,False,False,False,False,16.733333333333334,23,2024-03-11,5.701195219123506,4.465408805031446,Bronx,Mott Haven,Manhattan,Upper East Side,2024-03-11,1.8,11.3,True
239,2024-03-08 09:31:00,2024-03-08 09:59:25,9,10,2.91,11.58,1.0,1,False,False,False,False,False,False,False,28.416666666666668,9,2024-03-08,6.1442815249266864,3.9793814432989687,Brooklyn,DUMBO,Brooklyn,Bed-Stuy,2024-03-08,2.8,5.6,True
240,2024-03-07 23:38:00,2024-03-07 23:53:39,6,2,12.15,31.59,1.0,1,False,False,False,False,False,False,False,15.65,23,2024-03-07,46.5814696485623,2.6,Brooklyn,Williamsburg,Manhattan,Harlem,2024-03-07,0.0,3.3,False
241,2024-03-24 00:34:00,2024-03-24 00:39:14,13,15,2.9,10.23,1.0,1,False,False,False,False,False,False,False,5.233333333333333,0,2024-03-24,33.2484076433121,3.527586206896552,Queens,Long Island City,Queens,Forest Hills,2024-03-24,1.1,11.3,True
242,2024-03-07 13:08:00,2024-03-07 13:17:18,11,18,4.16,12.43,1.0,1,False,False,False,False,False,False,False,9.3,13,2024-03-07,26.838709677419356,2.987980769230769,Queens,Astoria,Bronx,Mott Haven,2024-03-07,0.0,3.3,False
243,2024-03-26 04:28:00,2024-03-26 04:34:29,12,15,0.98,5.95,2.0,2,False,False,False,False,False,False,False,6.483333333333333,4,2024-03-26,9.069408740359897,6.071428571428572,Queens,Flushing,Queens,Forest Hills,2024-03-26,1.0,4.1,False
244,2024-03-12 15:03:00,2024-03-12 15:15:03,7,4,2.51,9.82,1.0,1,False,False,False,False,False,False,False,12.05,15,2024-03-12,12.497925311203318,3.9123505976095623,Brooklyn,Park Slope,Manhattan,SoHo,2024-03-12,0.7,10.8,False
245,2024-03-15 19:12:00,2024-03-15 19:18:21,11,17,1.87,8.31,1.0,1,False,False,False,False,False,False,False,6.35,19,2024-03-15,17.66929133858268,4.44385026737968,Queens,Astoria,Bronx,Riverdale,2024-03-15,2.5,10.9,True
246,2024-03-07 02:07:00,2024-03-07 02:09:55,13,18,6.25,19.6,1.0,1,False,False,False,False,False,False,False,2.9166666666666665,2,2024-03-07,128.57142857142856,3.136,Queens,Long Island City,Bronx,Mott Haven,2024-03-07,0.0,3.3,False
247,2024-03-30 09:59:00,2024-03-30 10:14:19,10,19,3.63,11.74,3.0,1,False,False,False,False,False,False,False,15.316666666666666,9,2024-03-30,14.219804134929271,3.234159779614325,Brooklyn,Bed-Stuy,Staten Island,St. George,2024-03-30,1.9,18.9,True
248,2024-03-10 19:38:00,2024-03-10 19:52:32,3,6,0.9,5.31,1.0,1,False,False,False,False,False,False,False,14.533333333333333,19,2024-03-10,3.7155963302752295,5.8999999999999995,Manhattan,Chelsea,Brooklyn,Williamsburg,2024-03-10,0.0,3.9,False
249,2024-03-05 06:19:00,2024-03-05 06:26:02,4,5,2.87,9.4,4.0,1,False,False,False,False,False,False,False,7.033333333333333,6,2024-03-05,24.483412322274884,3.275261324041812,Manhattan,SoHo,Manhattan,Upper East Side,2024-03-05,2.7,10.6,True
250,2024-03-02 15:12:00,2024-03-02 15:16:33,13,19,2.93,10.49,2.0,1,False,False,False,False,False,False,False,4.55,15,2024-03-02,38.637362637362635,3.5802047781569963,Queens,Long Island City,Staten Island,St. George,2024-03-02,0.7,3.3,False
251,2024-03-01 05:40:00,2024-03-01 05:44:35,3,13,1.25,6.18,1.0,1,False,False,False,False,False,False,False,4.583333333333333,5,2024-03-01,16.363636363636367,4.944,Manhattan,Chelsea,Queens,Long Island City,2024-03-01,0.0,4.2,False
252,2024-03-19 14:02:00,2024-03-19 14:25:35,19,5,1.53,6.87,2.0,2,False,False,False,False,False,False,False,23.583333333333332,14,2024-03-19,3.8925795053003536,4.490196078431373,Staten Island,St. George,Manhattan,Upper East Side,2024-03-19,1.1,11.7,True
253,2024-03-14 03:51:00,2024-03-14 04:05:39,11,13,1.66,8.24,3.0,1,False,False,False,False,False,False,False,14.65,3,2024-03-14,6.798634812286689,4.963855421686747,Queens,Astoria,Queens,Long Island City,2024-03-14,1.5,5.8,True
254,2024-03-08 06:45:00,2024-03-08 07:03:52,12,6,1.94,7.79,2.0,1,False,False,False,False,False,False,False,18.866666666666667,6,2024-03-08,6.169611307420494,4.015463917525773,Queens,Flushing,Brooklyn,Williamsburg,2024-03-08,2.8,5.6,True
255,2024-03-27 01:29:00,2024-03-27 01:43:50,1,15,3.56,12.16,1.0,1,False,False,False,False,False,False,False,14.833333333333334,1,2024-03-27,14.4,3.4157303370786516,Manhattan,Midtown,Queens,Forest Hills,2024-03-27,2.1,4.2,True
256,2024-03-10 00:31:00,2024-03-10 00:43:04,16,9,5.97,19.56,4.0,1,False,False,False,False,False,False,False,12.066666666666666,0,2024-03-10,29.685082872928177,3.2763819095477387,Bronx,Fordham,Brooklyn,DUMBO,2024-03-10,0.0,3.9,False
257,2024-03-28 16:12:00,2024-03-28 16:23:24,11,3,4.09,15.79,1.0,1,False,False,False,False,False,False,False,11.4,16,2024-03-28,21.526315789473685,3.860635696821516,Queens,Astoria,Manhattan,Chelsea,2024-03-28,1.2,7.8,True
258,2024-03-16 11:53:00,2024-03-16 12:24:27,3,19,3.81,13.4,2.0,1,False,False,False,False,False,False,False,31.45,11,2024-03-16,7.268680445151033,3.5170603674540684,Manhattan,Chelsea,Staten Island,St. George,2024-03-16,0.5,14.7,False
259,2024-03-14 08:25:00,2024-03-14 08:34:35,5,13,4.86,17.73,2.0,2,False,False,False,False,False,False,False,9.583333333333334,8,2024-03-14,30.42782608695652,3.648148148148148,Manhattan,Upper East Side,Queens,Long Island City,2024-03-14,1.5,5.8,True
260,2024-03-06 14:28:00,2024-03-06 14:49:06,2,14,3.8,11.76,1.0,1,False,False,False,False,False,False,False,21.1,14,2024-03-06,10.805687203791468,3.0947368421052635,Manhattan,Harlem,Queens,Jamaica,2024-03-06,0.0,9.2,False
261,2024-03-06 23:25:00,2024-03-07 00:20:16,6,16,4.64,13.23,1.0,1,False,False,False,False,False,False,False,55.266666666666666,23,2024-03-06,5.037394451145959,2.8512931034482762,Brooklyn,Williamsburg,Bronx,Fordham,2024-03-06,0.0,9.2,False
262,2024-03-05 00:16:00,2024-03-05 00:55:03,15,2,2.67,9.08,1.0,1,False,False,False,False,False,False,False,39.05,0,2024-03-05,4.102432778489117,3.4007490636704123,Queens,Forest Hills,Manhattan,Harlem,2024-03-05,2.7,10.6,True
263,2024-03-03 01:11:00,2024-03-03 01:18:34,17,9,1.81,8.03,2.0,1,False,False,False,False,False,False,False,7.566666666666666,1,2024-03-03,14.352422907488986,4.4364640883977895,Bronx,Riverdale,Brooklyn,DUMBO,2024-03-03,1.4,7.4,True
264,2024-03-25 17:16:00,2024-03-25 17:18:49,10,10,6.0,21.54,1.0,2,False,False,False,False,False,False,False,2.816666666666667,17,2024-03-25,127.81065088757396,3.59,Brooklyn,Bed-Stuy,Brooklyn,Bed-Stuy,2024-03-25,0.0,7.3,False
265,2024-03-02 02:29:00,2024-03-02 02:46:34,4,13,1.77,8.36,2.0,2,False,False,False,False,False,False,False,17.566666666666666,2,2024-03-02,6.045540796963947,4.723163841807909,Manhattan,SoHo,Queens,Long Island City,2024-03-02,0.7,3.3,False
266,2024-03-04 21:05:00,2024-03-04 21:10:22,17,15,2.05,8.99,1.0,1,False,False,False,False,False,False,False,5.366666666666666,21,2024-03-04,22.919254658385093,4.385365853658537,Bronx,Riverdale,Queens,Forest Hills,2024-03-04,3.4,18.0,True
267,2024-03-17 08:25:00,2024-03-17 08:49:48,6,5,5.09,17.16,1.0,2,False,False,False,False,False,False,False,24.8,8,2024-03-17,12.314516129032258,3.3713163064833007,Brooklyn,Williamsburg,Manhattan,Upper East Side,2024-03-17,1.8,12.0,True
268,2024-03-04 15:56:00,2024-03-04 16:13:15,19,17,1.03,6.2,3.0,1,False,False,False,False,False,False,False,17.25,15,2024-03-04,3.582608695652174,6.019417475728155,Staten Island,St. George,Bronx,Riverdale,2024-03-04,3.4,18.0,True
269,2024-03-31 20:52:00,2024-03-31 21:17:18,11,13,2.9,9.79,1.0,1,False,False,False,False,False,False,False,25.3,20,2024-03-31,6.877470355731225,3.375862068965517,Queens,Astoria,Queens,Long Island City,2024-03-31,0.3,10.0,False
270,2024-03-17 23:07:00,2024-03-17 23:26:53,5,10,1.33,6.55,1.0,1,False,False,False,False,False,False,False,19.883333333333333,23,2024-03-17,4.013411567476949,4.924812030075188,Manhattan,Upper East Side,Brooklyn,Bed-Stuy,2024-03-17,1.8,12.0,True
271,2024-03-16 06:45:00,2024-03-16 07:00:00,12,9,4.11,12.9,1.0,1,False,False,False,False,False,False,False,15.0,6,2024-03-16,16.44,3.1386861313868613,Queens,Flushing,Brooklyn,DUMBO,2024-03-16,0.5,14.7,False
272,2024-03-15 04:56:00,2024-03-15 05:13:42,1,4,0.76,4.95,2.0,1,False,False,False,False,False,False,False,17.7,4,2024-03-15,2.576271186440678,6.5131578947368425,Manhattan,Midtown,Manhattan,SoHo,2024-03-15,2.5,10.9,True
273,2024-03-30 06:36:00,2024-03-30 06:49:53,12,8,1.87,8.48,,1,False,False,False,True,True,False,False,13.883333333333333,6,2024-03-30,8.081632653061225,4.53475935828877,Queens,Flushing,Brooklyn,Bushwick,2024-03-30,1.9,18.9,True
274,2024-03-06 22:27:00,2024-03-06 22:56:54,13,5,3.88,11.93,1.0,2,False,False,False,False,False,False,False,29.9,22,2024-03-06,7.785953177257525,3.0747422680412373,Queens,Long Island City,Manhattan,Upper East Side,2024-03-06,0.0,9.2,False
275,2024-03-26 10:09:00,2024-03-26 10:21:36,11,4,0.1,3.28,1.0,1,False,False,False,False,False,False,False,12.6,10,2024-03-26,0.4761904761904762,32.8,Queens,Astoria,Manhattan,SoHo,2024-03-26,1.0,4.1,False
276,2024-03-11 13:13:00,2024-03-11 13:18:02,10,15,5.69,18.5,4.0,2,False,False,False,False,False,False,False,5.033333333333333,13,2024-03-11,67.82781456953643,3.251318101933216,Brooklyn,Bed-Stuy,Queens,Forest Hills,2024-03-11,1.8,11.3,True
277,2024-03-21 21:56:00,2024-03-21 22:25:31,11,4,1.41,6.62,1.0,1,False,False,False,False,False,False,False,29.516666666666666,21,2024-03-21,2.86617730095991,4.695035460992909,Queens,Astoria,Manhattan,SoHo,2024-03-21,0.0,8.6,False
278,2024-03-15 12:56:00,2024-03-15 13:30:57,8,3,3.06,10.35,1.0,2,False,False,False,False,False,False,False,34.95,12,2024-03-15,5.253218884120171,3.3823529411764706,Brooklyn,Bushwick,Manhattan,Chelsea,2024-03-15,2.5,10.9,True
279,2024-03-02 12:44:00,2024-03-02 12:57:49,9,5,0.51,4.15,4.0,1,False,False,False,False,False,False,False,13.816666666666666,12,2024-03-02,2.214716525934861,8.137254901960786,Brooklyn,DUMBO,Manhattan,Upper East Side,2024-03-02,0.7,3.3,False
280,2024-03-07 08:51:00,2024-03-07 09:13:08,10,10,2.77,9.73,1.0,1,False,False,False,False,False,False,False,22.133333333333333,8,2024-03-07,7.509036144578314,3.512635379061372,Brooklyn,Bed-Stuy,Brooklyn,Bed-Stuy,2024-03-07,0.0,3.3,False
281,2024-03-23 06:42:00,2024-03-23 07:01:06,17,15,1.97,8.67,1.0,2,False,False,False,False,False,False,False,19.1,6,2024-03-23,6.188481675392669,4.401015228426396,Bronx,Riverdale,Queens,Forest Hills,2024-03-23,1.2,5.9,True
282,2024-03-23 21:43:00,2024-03-23 22:01:46,20,20,8.14,26.52,3.0,1,False,False,False,False,False,False,False,18.766666666666666,21,2024-03-23,26.024866785079933,3.2579852579852577,Staten Island,Tottenville,Staten Island,Tottenville,2024-03-23,1.2,5.9,True
283,2024-03-25 08:23:00,2024-03-25 08:26:00,18,14,3.07,9.98,1.0,1,False,False,False,False,False,False,False,3.0,8,2024-03-25,61.39999999999999,3.250814332247557,Bronx,Mott Haven,Queens,Jamaica,2024-03-25,0.0,7.3,False
284,2024-03-02 08:12:00,2024-03-02 09:12:24,17,16,0.57,4.77,1.0,3,False,False,False,False,False,False,False,60.4,8,2024-03-02,0.5662251655629139,8.368421052631579,Bronx,Riverdale,Bronx,Fordham,2024-03-02,0.7,3.3,False
285,2024-03-30 12:26:00,2024-03-30 13:08:42,12,11,0.98,5.64,1.0,1,False,False,False,False,False,False,False,42.7,12,2024-03-30,1.3770491803278688,5.755102040816326,Queens,Flushing,Queens,Astoria,2024-03-30,1.9,18.9,True
286,2024-03-28 17:54:00,2024-03-28 18:03:51,2,17,1.65,8.0,2.0,3,False,False,False,False,False,False,False,9.85,17,2024-03-28,10.050761421319796,4.848484848484849,Manhattan,Harlem,Bronx,Riverdale,2024-03-28,1.2,7.8,True
287,2024-03-18 05:40:00,2024-03-18 06:10:48,17,20,2.06,8.02,1.0,1,False,False,False,False,False,False,False,30.8,5,2024-03-18,4.012987012987013,3.8932038834951452,Bronx,Riverdale,Staten Island,Tottenville,2024-03-18,1.5,8.4,True
288,2024-03-16 12:37:00,2024-03-16 12:55:50,11,10,5.49,17.15,1.0,1,False,False,False,False,False,False,False,18.833333333333332,12,2024-03-16,17.490265486725665,3.123861566484517,Queens,Astoria,Brooklyn,Bed-Stuy,2024-03-16,0.5,14.7,False
289,2024-03-14 00:33:00,2024-03-14 01:10:35,13,10,2.81,10.3,2.0,2,False,False,False,False,False,False,False,37.583333333333336,0,2024-03-14,4.486031042128603,3.6654804270462633,Queens,Long Island City,Brooklyn,Bed-Stuy,2024-03-14,1.5,5.8,True
290,2024-03-29 06:15:00,2024-03-29 07:58:18,3,17,0.64,4.47,1.0,1,False,False,False,False,False,False,False,103.3,6,2024-03-29,0.3717328170377541,6.984374999999999,Manhattan,Chelsea,Bronx,Riverdale,2024-03-29,1.1,4.2,True
291,2024-03-15 02:33:00,2024-03-15 03:06:32,18,1,1.62,7.15,1.0,1,False,False,False,False,False,False,False,33.53333333333333,2,2024-03-15,2.898608349900597,4.41358024691358,Bronx,Mott Haven,Manhattan,Midtown,2024-03-15,2.5,10.9,True
292,2024-03-21 21:39:00,2024-03-21 21:54:09,2,13,1.14,5.55,1.0,1,False,False,False,False,False,False,False,15.15,21,2024-03-21,4.514851485148514,4.86842105263158,Manhattan,Harlem,Queens,Long Island City,2024-03-21,0.0,8.6,False
293,2024-03-10 00:36:00,2024-03-10 00:57:28,7,15,7.95,27.18,1.0,2,False,False,False,False,False,False,False,21.466666666666665,0,2024-03-10,22.22049689440994,3.4188679245283016,Brooklyn,Park Slope,Queens,Forest Hills,2024-03-10,0.0,3.9,False
294,2024-03-28 03:05:00,2024-03-28 03:17:54,8,9,5.06,16.65,1.0,1,False,False,False,False,False,False,False,12.9,3,2024-03-28,23.53488372093023,3.2905138339920947,Brooklyn,Bushwick,Brooklyn,DUMBO,2024-03-28,1.2,7.8,True
295,2024-03-20 23:43:00,2024-03-20 23:54:08,3,15,3.69,14.6,1.0,2,False,False,False,False,False,False,False,11.133333333333333,23,2024-03-20,19.88622754491018,3.9566395663956637,Manhattan,Chelsea,Queens,Forest Hills,2024-03-20,1.4,11.9,True
296,2024-03-10 21:50:00,2024-03-10 22:24:25,20,13,1.01,5.37,2.0,1,False,False,False,False,False,False,False,34.416666666666664,21,2024-03-10,1.7607748184019372,5.316831683168317,Staten Island,Tottenville,Queens,Long Island City,2024-03-10,0.0,3.9,False
297,2024-03-26 17:24:00,2024-03-26 17:48:32,15,4,1.42,6.46,1.0,3,False,False,False,False,False,False,False,24.533333333333335,17,2024-03-26,3.4728260869565215,4.549295774647888,Queens,Forest Hills,Manhattan,SoHo,2024-03-26,1.0,4.1,False
298,2024-03-14 12:53:00,2024-03-14 12:58:58,5,16,1.0,5.8,2.0,2,False,False,False,False,False,False,False,5.966666666666667,12,2024-03-14,10.05586592178771,5.8,Manhattan,Upper East Side,Bronx,Fordham,2024-03-14,1.5,5.8,True
299,2024-03-12 12:29:00,2024-03-12 13:16:28,16,10,0.71,4.96,1.0,2,False,False,False,False,False,False,False,47.46666666666667,12,2024-03-12,0.8974719101123595,6.985915492957747,Bronx,Fordham,Brooklyn,Bed-Stuy,2024-03-12,0.7,10.8,False
300,2024-03-26 21:46:00,2024-03-26 21:56:13,16,20,0.44,4.18,1.0,1,False,False,False,False,False,False,False,10.216666666666667,21,2024-03-26,2.5840130505709626,9.5,Bronx,Fordham,Staten Island,Tottenville,2024-03-26,1.0,4.1,False
301,2024-03-08 17:56:00,2024-03-08 18:12:36,2,8,4.43,17.05,1.0,1,False,False,False,False,False,False,False,16.6,17,2024-03-08,16.012048192771083,3.848758465011287,Manhattan,Harlem,Brooklyn,Bushwick,2024-03-08,2.8,5.6,True
302,2024-03-02 07:54:00,2024-03-02 08:23:08,6,6,1.89,7.26,1.0,1,False,False,False,False,False,False,False,29.133333333333333,7,2024-03-02,3.892448512585812,3.8412698412698414,Brooklyn,Williamsburg,Brooklyn,Williamsburg,2024-03-02,0.7,3.3,False
303,2024-03-25 08:20:00,2024-03-25 08:48:49,3,15,5.5,20.32,1.0,1,False,False,False,False,False,False,False,28.816666666666666,8,2024-03-25,11.451706188548295,3.694545454545455,Manhattan,Chelsea,Queens,Forest Hills,2024-03-25,0.0,7.3,False
304,2024-03-24 13:19:00,2024-03-24 13:47:44,19,6,3.23,12.83,1.0,1,False,False,False,False,False,False,False,28.733333333333334,13,2024-03-24,6.744779582366589,3.972136222910217,Staten Island,St. George,Brooklyn,Williamsburg,2024-03-24,1.1,11.3,True
305,2024-03-29 09:20:00,2024-03-29 09:31:32,3,19,0.42,3.98,4.0,1,False,False,False,False,False,False,False,11.533333333333333,9,2024-03-29,2.184971098265896,9.476190476190476,Manhattan,Chelsea,Staten Island,St. George,2024-03-29,1.1,4.2,True
306,2024-03-04 11:06:00,2024-03-04 11:14:36,5,8,4.05,13.2,2.0,1,False,False,False,False,False,False,False,8.6,11,2024-03-04,28.25581395348837,3.259259259259259,Manhattan,Upper East Side,Brooklyn,Bushwick,2024-03-04,3.4,18.0,True
307,2024-03-29 16:54:00,2024-03-29 17:24:04,17,6,2.81,10.05,1.0,1,False,False,False,False,False,False,False,30.066666666666666,16,2024-03-29,5.607538802660755,3.5765124555160144,Bronx,Riverdale,Brooklyn,Williamsburg,2024-03-29,1.1,4.2,True
308,2024-03-08 12:08:00,2024-03-08 12:16:43,5,2,0.67,4.53,1.0,1,False,False,False,False,False,False,False,8.716666666666667,12,2024-03-08,4.611854684512428,6.7611940298507465,Manhattan,Upper East Side,Manhattan,Harlem,2024-03-08,2.8,5.6,True
309,2024-03-06 10:46:00,2024-03-06 11:09:03,20,18,6.68,19.03,1.0,2,False,False,False,False,False,False,False,23.05,10,2024-03-06,17.3882863340564,2.848802395209581,Staten Island,Tottenville,Bronx,Mott Haven,2024-03-06,0.0,9.2,False
310,2024-03-21 07:20:00,2024-03-21 07:52:39,9,5,3.59,12.87,4.0,1,False,False,False,False,False,False,False,32.65,7,2024-03-21,6.597243491577335,3.584958217270195,Brooklyn,DUMBO,Manhattan,Upper East Side,2024-03-21,0.0,8.6,False
311,2024-03-10 21:36:00,2024-03-10 21:50:30,10,6,0.62,4.65,1.0,3,False,False,False,False,False,False,False,14.5,21,2024-03-10,2.56551724137931,7.500000000000001,Brooklyn,Bed-Stuy,Brooklyn,Williamsburg,2024-03-10,0.0,3.9,False
312,2024-03-23 08:22:00,2024-03-23 08:30:38,2,3,1.69,7.77,1.0,1,False,False,False,False,False,False,False,8.633333333333333,8,2024-03-23,11.745173745173746,4.597633136094674,Manhattan,Harlem,Manhattan,Chelsea,2024-03-23,1.2,5.9,True
313,2024-03-01 21:46:00,2024-03-01 21:58:03,4,1,4.74,14.71,1.0,1,False,False,False,False,False,False,False,12.05,21,2024-03-01,23.601659751037346,3.1033755274261603,Manhattan,SoHo,Manhattan,Midtown,2024-03-01,0.0,4.2,False
314,2024-03-10 22:16:00,2024-03-10 22:56:54,1,17,2.25,9.52,1.0,1,False,False,False,False,False,False,False,40.9,22,2024-03-10,3.3007334963325183,4.231111111111111,Manhattan,Midtown,Bronx,Riverdale,2024-03-10,0.0,3.9,False
315,2024-03-10 05:58:00,2024-03-10 06:16:27,6,16,4.03,15.25,1.0,1,False,False,False,False,False,False,False,18.45,5,2024-03-10,13.10569105691057,3.7841191066997517,Brooklyn,Williamsburg,Bronx,Fordham,2024-03-10,0.0,3.9,False
316,2024-03-27 04:25:00,2024-03-27 04:39:17,15,4,1.25,6.89,1.0,1,False,False,False,False,False,False,False,14.283333333333333,4,2024-03-27,5.250875145857643,5.512,Queens,Forest Hills,Manhattan,SoHo,2024-03-27,2.1,4.2,True
317,2024-03-17 23:53:00,2024-03-18 00:06:25,7,17,3.25,12.43,1.0,2,False,False,False,False,False,False,False,13.416666666666666,23,2024-03-17,14.53416149068323,3.8246153846153845,Brooklyn,Park Slope,Bronx,Riverdale,2024-03-17,1.8,12.0,True
318,2024-03-01 18:54:00,2024-03-01 18:57:20,3,1,1.47,6.32,1.0,1,False,False,False,False,False,False,False,3.3333333333333335,18,2024-03-01,26.459999999999997,4.299319727891157,Manhattan,Chelsea,Manhattan,Midtown,2024-03-01,0.0,4.2,False
319,2024-03-09 18:25:00,2024-03-09 18:31:59,14,3,4.59,15.36,1.0,1,False,False,False,False,False,False,False,6.983333333333333,18,2024-03-09,39.436754176610975,3.34640522875817,Queens,Jamaica,Manhattan,Chelsea,2024-03-09,4.2,4.7,True
320,2024-03-22 21:52:00,2024-03-22 22:03:27,1,5,1.93,8.8,1.0,1,False,False,False,False,False,False,False,11.45,21,2024-03-22,10.11353711790393,4.5595854922279795,Manhattan,Midtown,Manhattan,Upper East Side,2024-03-22,0.0,8.6,False
321,2024-03-09 22:15:00,2024-03-09 22:54:22,18,11,5.31,19.11,1.0,2,False,False,False,False,False,False,False,39.36666666666667,22,2024-03-09,8.093141405588485,3.598870056497175,Bronx,Mott Haven,Queens,Astoria,2024-03-09,4.2,4.7,True
322,2024-03-06 08:17:00,2024-03-06 08:29:24,11,4,1.79,7.49,1.0,1,False,False,False,False,False,False,False,12.4,8,2024-03-06,8.661290322580646,4.184357541899441,Queens,Astoria,Manhattan,SoHo,2024-03-06,0.0,9.2,False
323,2024-03-06 01:36:00,2024-03-06 01:38:23,5,17,8.16,22.25,1.0,1,False,False,False,False,False,False,False,2.3833333333333333,1,2024-03-06,205.42657342657344,2.7267156862745097,Manhattan,Upper East Side,Bronx,Riverdale,2024-03-06,0.0,9.2,False
324,2024-03-13 19:32:00,2024-03-13 19:38:00,12,10,4.71,17.16,1.0,1,False,False,False,False,False,False,False,6.0,19,2024-03-13,47.099999999999994,3.643312101910828,Queens,Flushing,Brooklyn,Bed-Stuy,2024-03-13,0.7,7.3,False
325,2024-03-23 19:08:00,2024-03-23 19:30:17,4,14,3.79,14.8,4.0,1,False,False,False,False,False,False,False,22.283333333333335,19,2024-03-23,10.204936424831711,3.905013192612137,Manhattan,SoHo,Queens,Jamaica,2024-03-23,1.2,5.9,True
326,2024-03-11 22:01:00,2024-03-11 22:23:17,7,9,1.41,6.22,2.0,2,False,False,False,False,False,False,False,22.283333333333335,22,2024-03-11,3.7965594614809266,4.411347517730497,Brooklyn,Park Slope,Brooklyn,DUMBO,2024-03-11,1.8,11.3,True
327,2024-03-23 19:34:00,2024-03-23 19:39:33,5,13,3.63,13.21,1.0,2,False,False,False,False,False,False,False,5.55,19,2024-03-23,39.24324324324324,3.6391184573002757,Manhattan,Upper East Side,Queens,Long Island City,2024-03-23,1.2,5.9,True
328,2024-03-23 07:15:00,2024-03-23 07:38:12,11,10,2.9,9.63,1.0,2,False,False,False,False,False,False,False,23.2,7,2024-03-23,7.5,3.3206896551724143,Queens,Astoria,Brooklyn,Bed-Stuy,2024-03-23,1.2,5.9,True
329,2024-03-15 15:53:00,2024-03-15 16:38:46,15,19,2.24,9.3,1.0,1,False,False,False,False,False,False,False,45.766666666666666,15,2024-03-15,2.9366351056081577,4.151785714285714,Queens,Forest Hills,Staten Island,St. George,2024-03-15,2.5,10.9,True
330,2024-03-03 09:33:00,2024-03-03 09:44:41,10,8,5.38,17.15,1.0,2,False,False,False,False,False,False,False,11.683333333333334,9,2024-03-03,27.62910128388017,3.187732342007435,Brooklyn,Bed-Stuy,Brooklyn,Bushwick,2024-03-03,1.4,7.4,True
331,2024-03-07 00:00:00,2024-03-07 00:54:42,16,17,3.92,11.71,3.0,1,False,False,False,False,False,False,False,54.7,0,2024-03-07,4.299817184643509,2.987244897959184,Bronx,Fordham,Bronx,Riverdale,2024-03-07,0.0,3.3,False
332,2024-03-20 10:04:00,2024-03-20 10:05:48,7,17,3.67,12.5,2.0,3,False,False,False,False,False,False,False,1.8,10,2024-03-20,122.33333333333331,3.4059945504087192,Brooklyn,Park Slope,Bronx,Riverdale,2024-03-20,1.4,11.9,True
333,2024-03-01 03:12:00,2024-03-01 03:19:26,9,1,12.57,39.31,1.0,1,False,False,False,False,False,False,False,7.433333333333334,3,2024-03-01,101.46188340807174,3.1272871917263325,Brooklyn,DUMBO,Manhattan,Midtown,2024-03-01,0.0,4.2,False
334,2024-03-30 13:41:00,2024-03-30 13:46:26,2,9,0.26,3.69,1.0,2,False,False,False,False,False,False,False,5.433333333333334,13,2024-03-30,2.8711656441717794,14.192307692307692,Manhattan,Harlem,Brooklyn,DUMBO,2024-03-30,1.9,18.9,True
335,2024-03-04 11:14:00,2024-03-04 11:26:55,8,6,8.19,23.33,1.0,1,False,False,False,False,False,False,False,12.916666666666666,11,2024-03-04,38.04387096774194,2.8485958485958487,Brooklyn,Bushwick,Brooklyn,Williamsburg,2024-03-04,3.4,18.0,True
336,2024-03-27 21:59:00,2024-03-27 22:04:39,15,20,3.08,10.94,2.0,3,False,False,False,False,False,False,False,5.65,21,2024-03-27,32.70796460176991,3.5519480519480515,Queens,Forest Hills,Staten Island,Tottenville,2024-03-27,2.1,4.2,True
337,2024-03-24 04:42:00,2024-03-24 04:51:23,4,20,1.4,6.92,2.0,1,False,False,False,False,False,False,False,9.383333333333333,4,2024-03-24,8.952042628774423,4.942857142857143,Manhattan,SoHo,Staten Island,Tottenville,2024-03-24,1.1,11.3,True
338,2024-03-31 07:06:00,2024-03-31 07:19:56,2,15,5.68,17.62,1.0,1,False,False,False,False,False,False,False,13.933333333333334,7,2024-03-31,24.45933014354067,3.1021126760563384,Manhattan,Harlem,Queens,Forest Hills,2024-03-31,0.3,10.0,False
339,2024-03-19 10:11:00,2024-03-19 10:21:46,17,3,6.72,23.17,1.0,1,False,False,False,False,False,False,False,10.766666666666667,10,2024-03-19,37.44891640866872,3.447916666666667,Bronx,Riverdale,Manhattan,Chelsea,2024-03-19,1.1,11.7,True
340,2024-03-17 20:15:00,2024-03-17 20:35:21,16,3,7.43,22.26,1.0,1,False,False,False,False,False,False,False,20.35,20,2024-03-17,21.906633906633907,2.995962314939435,Bronx,Fordham,Manhattan,Chelsea,2024-03-17,1.8,12.0,True
341,2024-03-01 08:09:00,2024-03-01 08:14:29,8,8,1.05,6.07,1.0,1,False,False,False,False,False,False,False,5.483333333333333,8,2024-03-01,11.48936170212766,5.780952380952381,Brooklyn,Bushwick,Brooklyn,Bushwick,2024-03-01,0.0,4.2,False
342,2024-03-28 21:32:00,2024-03-28 21:52:06,2,18,4.84,14.55,1.0,1,False,False,False,False,False,False,False,20.1,21,2024-03-28,14.44776119402985,3.0061983471074383,Manhattan,Harlem,Bronx,Mott Haven,2024-03-28,1.2,7.8,True
343,2024-03-24 08:25:00,2024-03-24 08:38:15,3,1,2.5,9.84,1.0,1,False,False,False,False,False,False,False,13.25,8,2024-03-24,11.320754716981133,3.936,Manhattan,Chelsea,Manhattan,Midtown,2024-03-24,1.1,11.3,True
344,2024-03-16 14:55:00,2024-03-16 15:17:14,15,15,1.07,5.65,1.0,2,False,False,False,False,False,False,False,22.233333333333334,14,2024-03-16,2.8875562218890556,5.280373831775701,Queens,Forest Hills,Queens,Forest Hills,2024-03-16,0.5,14.7,False
345,2024-03-07 22:46:00,2024-03-07 23:10:42,5,6,4.29,13.09,1.0,1,False,False,False,False,False,False,False,24.7,22,2024-03-07,10.421052631578947,3.051282051282051,Manhattan,Upper East Side,Brooklyn,Williamsburg,2024-03-07,0.0,3.3,False
346,2024-03-18 11:43:00,2024-03-18 12:07:38,8,7,1.7,7.3,2.0,3,False,False,False,False,False,False,False,24.633333333333333,11,2024-03-18,4.140730717185385,4.294117647058823,Brooklyn,Bushwick,Brooklyn,Park Slope,2024-03-18,1.5,8.4,True
347,2024-03-21 01:41:00,2024-03-21 01:56:47,12,11,4.52,17.31,2.0,2,False,False,False,False,False,False,False,15.783333333333333,1,2024-03-21,17.182682154171065,3.829646017699115,Queens,Flushing,Queens,Astoria,2024-03-21,0.0,8.6,False
348,2024-03-07 11:06:00,2024-03-07 11:28:57,11,16,1.07,5.74,2.0,1,False,False,False,False,False,False,False,22.95,11,2024-03-07,2.797385620915033,5.364485981308411,Queens,Astoria,Bronx,Fordham,2024-03-07,0.0,3.3,False
349,2024-03-23 20:53:00,2024-03-23 21:05:20,3,3,3.19,10.45,1.0,1,False,False,False,False,False,False,False,12.333333333333334,20,2024-03-23,15.518918918918917,3.275862068965517,Manhattan,Chelsea,Manhattan,Chelsea,2024-03-23,1.2,5.9,True
350,2024-03-23 15:16:00,2024-03-23 15:37:21,11,20,1.51,7.44,1.0,1,False,False,False,False,False,False,False,21.35,15,2024-03-23,4.243559718969555,4.927152317880795,Queens,Astoria,Staten Island,Tottenville,2024-03-23,1.2,5.9,True
351,2024-03-08 16:54:00,2024-03-08 17:07:07,12,18,2.26,8.46,4.0,1,False,False,False,False,False,False,False,13.116666666666667,16,2024-03-08,10.337992376111815,3.743362831858408,Queens,Flushing,Bronx,Mott Haven,2024-03-08,2.8,5.6,True
352,2024-03-04 15:12:00,2024-03-04 15:34:30,18,11,2.68,11.13,1.0,1,False,False,False,False,False,False,False,22.5,15,2024-03-04,7.146666666666667,4.152985074626866,Bronx,Mott Haven,Queens,Astoria,2024-03-04,3.4,18.0,True
353,2024-03-26 08:04:00,2024-03-26 08:28:56,7,4,3.05,11.4,2.0,1,False,False,False,False,False,False,False,24.933333333333334,8,2024-03-26,7.339572192513368,3.737704918032787,Brooklyn,Park Slope,Manhattan,SoHo,2024-03-26,1.0,4.1,False
354,2024-03-12 19:19:00,2024-03-12 19:34:38,16,1,9.24,24.89,1.0,1,False,False,False,False,False,False,False,15.633333333333333,19,2024-03-12,35.462686567164184,2.6937229437229435,Bronx,Fordham,Manhattan,Midtown,2024-03-12,0.7,10.8,False
355,2024-03-27 08:10:00,2024-03-27 08:19:38,13,13,8.86,28.15,4.0,1,False,False,False,False,False,False,False,9.633333333333333,8,2024-03-27,55.18339100346021,3.1772009029345374,Queens,Long Island City,Queens,Long Island City,2024-03-27,2.1,4.2,True
356,2024-03-18 17:20:00,2024-03-18 17:30:14,8,8,2.99,10.64,1.0,1,False,False,False,False,False,False,False,10.233333333333333,17,2024-03-18,17.53094462540717,3.5585284280936453,Brooklyn,Bushwick,Brooklyn,Bushwick,2024-03-18,1.5,8.4,True
357,2024-03-23 13:04:00,2024-03-23 13:29:45,9,3,0.95,5.92,1.0,1,False,False,False,False,False,False,False,25.75,13,2024-03-23,2.2135922330097086,6.231578947368421,Brooklyn,DUMBO,Manhattan,Chelsea,2024-03-23,1.2,5.9,True
358,2024-03-30 17:08:00,2024-03-30 17:31:27,20,7,3.31,13.08,1.0,1,False,False,False,False,False,False,False,23.45,17,2024-03-30,8.46908315565032,3.9516616314199395,Staten Island,Tottenville,Brooklyn,Park Slope,2024-03-30,1.9,18.9,True
359,2024-03-10 04:32:00,2024-03-10 04:47:53,2,20,2.05,9.13,1.0,1,False,False,False,False,False,False,False,15.883333333333333,4,2024-03-10,7.743966421825814,4.453658536585366,Manhattan,Harlem,Staten Island,Tottenville,2024-03-10,0.0,3.9,False
360,2024-03-02 22:15:00,2024-03-02 22:38:59,8,12,2.17,9.43,4.0,1,False,False,False,False,False,False,False,23.983333333333334,22,2024-03-02,5.428769979152189,4.345622119815668,Brooklyn,Bushwick,Queens,Flushing,2024-03-02,0.7,3.3,False
361,2024-03-18 03:25:00,2024-03-18 03:37:21,4,18,1.84,7.61,4.0,1,False,False,False,False,False,False,False,12.35,3,2024-03-18,8.93927125506073,4.135869565217392,Manhattan,SoHo,Bronx,Mott Haven,2024-03-18,1.5,8.4,True
362,2024-03-14 01:34:00,2024-03-14 02:05:34,5,6,1.78,8.17,1.0,2,False,False,False,False,False,False,False,31.566666666666666,1,2024-03-14,3.3833157338965156,4.589887640449438,Manhattan,Upper East Side,Brooklyn,Williamsburg,2024-03-14,1.5,5.8,True
363,2024-03-14 14:23:00,2024-03-14 14:34:59,10,10,0.67,4.53,1.0,1,False,False,False,False,False,False,False,11.983333333333333,14,2024-03-14,3.3546592489568847,6.7611940298507465,Brooklyn,Bed-Stuy,Brooklyn,Bed-Stuy,2024-03-14,1.5,5.8,True
364,2024-03-29 14:25:00,2024-03-29 14:51:02,15,15,3.95,14.76,2.0,1,False,False,False,False,False,False,False,26.033333333333335,14,2024-03-29,9.10371318822023,3.7367088607594936,Queens,Forest Hills,Queens,Forest Hills,2024-03-29,1.1,4.2,True
365,2024-03-15 16:38:00,2024-03-15 17:21:17,6,19,2.7,10.71,1.0,1,False,False,False,False,False,False,False,43.28333333333333,16,2024-03-15,3.742780130920293,3.966666666666667,Brooklyn,Williamsburg,Staten Island,St. George,2024-03-15,2.5,10.9,True
366,2024-03-22 20:40:00,2024-03-22 20:51:16,13,13,0.47,4.39,1.0,3,False,False,False,False,False,False,False,11.266666666666667,20,2024-03-22,2.5029585798816565,9.340425531914894,Queens,Long Island City,Queens,Long Island City,2024-03-22,0.0,8.6,False
367,2024-03-01 20:52:00,2024-03-01 20:58:37,8,13,2.87,10.46,4.0,1,False,False,False,False,False,False,False,6.616666666666666,20,2024-03-01,26.025188916876576,3.6445993031358888,Brooklyn,Bushwick,Queens,Long Island City,2024-03-01,0.0,4.2,False
368,2024-03-11 07:01:00,2024-03-11 07:46:21,16,6,2.24,9.04,1.0,3,False,False,False,False,False,False,False,45.35,7,2024-03-11,2.96361631753032,4.035714285714285,Bronx,Fordham,Brooklyn,Williamsburg,2024-03-11,1.8,11.3,True
369,2024-03-06 17:43:00,2024-03-06 18:00:49,5,20,1.48,7.57,1.0,1,False,False,False,False,False,False,False,17.816666666666666,17,2024-03-06,4.984097287184285,5.114864864864865,Manhattan,Upper East Side,Staten Island,Tottenville,2024-03-06,0.0,9.2,False
370,2024-03-19 16:30:00,2024-03-19 16:56:21,18,17,1.99,7.38,2.0,1,False,False,False,False,False,False,False,26.35,16,2024-03-19,4.531309297912713,3.708542713567839,Bronx,Mott Haven,Bronx,Riverdale,2024-03-19,1.1,11.7,True
371,2024-03-19 23:40:00,2024-03-20 00:02:10,13,14,3.55,11.84,1.0,1,False,False,False,False,False,False,False,22.166666666666668,23,2024-03-19,9.609022556390977,3.335211267605634,Queens,Long Island City,Queens,Jamaica,2024-03-19,1.1,11.7,True
372,2024-03-23 23:22:00,2024-03-23 23:24:46,2,18,2.53,10.48,1.0,1,False,False,False,False,False,False,False,2.7666666666666666,23,2024-03-23,54.86746987951807,4.142292490118577,Manhattan,Harlem,Bronx,Mott Haven,2024-03-23,1.2,5.9,True
373,2024-03-01 14:30:00,2024-03-01 14:57:53,16,17,6.97,23.03,2.0,1,False,False,False,False,False,False,False,27.883333333333333,14,2024-03-01,14.998206814106396,3.3041606886657107,Bronx,Fordham,Bronx,Riverdale,2024-03-01,0.0,4.2,False
374,2024-03-05 16:51:00,2024-03-05 16:57:58,20,9,7.26,23.51,1.0,2,False,False,False,False,False,False,False,6.966666666666667,16,2024-03-05,62.526315789473685,3.238292011019284,Staten Island,Tottenville,Brooklyn,DUMBO,2024-03-05,2.7,10.6,True
375,2024-03-14 12:16:00,2024-03-14 12:29:01,8,8,1.36,6.63,2.0,2,False,False,False,False,False,False,False,13.016666666666667,12,2024-03-14,6.26888604353393,4.875,Brooklyn,Bushwick,Brooklyn,Bushwick,2024-03-14,1.5,5.8,True
376,2024-03-21 19:23:00,2024-03-21 19:47:35,8,6,1.84,7.28,2.0,1,False,False,False,False,False,False,False,24.583333333333332,19,2024-03-21,4.490847457627119,3.9565217391304346,Brooklyn,Bushwick,Brooklyn,Williamsburg,2024-03-21,0.0,8.6,False
377,2024-03-18 00:04:00,2024-03-18 00:38:51,19,2,1.29,6.37,1.0,1,False,False,False,False,False,False,False,34.85,0,2024-03-18,2.2209469153515067,4.937984496124031,Staten Island,St. George,Manhattan,Harlem,2024-03-18,1.5,8.4,True
378,2024-03-25 01:22:00,2024-03-25 01:35:26,5,19,7.94,22.82,1.0,1,False,False,False,False,False,False,False,13.433333333333334,1,2024-03-25,35.464019851116625,2.8740554156171285,Manhattan,Upper East Side,Staten Island,St. George,2024-03-25,0.0,7.3,False
379,2024-03-09 06:59:00,2024-03-09 07:30:20,8,1,4.92,15.35,1.0,1,False,False,False,False,False,False,False,31.333333333333332,6,2024-03-09,9.421276595744681,3.119918699186992,Brooklyn,Bushwick,Manhattan,Midtown,2024-03-09,4.2,4.7,True
380,2024-03-23 14:31:00,2024-03-23 15:10:26,14,13,0.7,4.72,2.0,1,False,False,False,False,False,False,False,39.43333333333333,14,2024-03-23,1.0650887573964498,6.742857142857143,Queens,Jamaica,Queens,Long Island City,2024-03-23,1.2,5.9,True
381,2024-03-22 21:21:00,2024-03-22 21:33:36,3,16,3.25,10.73,1.0,2,False,False,False,False,False,False,False,12.6,21,2024-03-22,15.476190476190476,3.3015384615384615,Manhattan,Chelsea,Bronx,Fordham,2024-03-22,0.0,8.6,False
382,2024-03-13 04:50:00,2024-03-13 05:15:06,4,16,1.15,6.54,2.0,1,False,False,False,False,False,False,False,25.1,4,2024-03-13,2.749003984063745,5.6869565217391305,Manhattan,SoHo,Bronx,Fordham,2024-03-13,0.7,7.3,False
383,2024-03-30 07:49:00,2024-03-30 08:34:50,1,20,1.72,8.2,1.0,1,False,False,False,False,False,False,False,45.833333333333336,7,2024-03-30,2.251636363636363,4.767441860465116,Manhattan,Midtown,Staten Island,Tottenville,2024-03-30,1.9,18.9,True
384,2024-03-20 07:10:00,2024-03-20 07:15:46,6,17,3.62,13.07,1.0,1,False,False,False,False,False,False,False,5.766666666666667,7,2024-03-20,37.664739884393065,3.610497237569061,Brooklyn,Williamsburg,Bronx,Riverdale,2024-03-20,1.4,11.9,True
385,2024-03-29 18:30:00,2024-03-29 18:38:41,17,8,8.87,26.07,1.0,2,False,False,False,False,False,False,False,8.683333333333334,18,2024-03-29,61.289827255278304,2.939120631341601,Bronx,Riverdale,Brooklyn,Bushwick,2024-03-29,1.1,4.2,True
386,2024-03-04 05:48:00,2024-03-04 06:14:30,2,1,1.42,6.45,2.0,1,False,False,False,False,False,False,False,26.5,5,2024-03-04,3.2150943396226412,4.542253521126761,Manhattan,Harlem,Manhattan,Midtown,2024-03-04,3.4,18.0,True
387,2024-03-02 23:46:00,2024-03-02 23:58:17,9,7,1.14,6.17,1.0,3,False,False,False,False,False,False,False,12.283333333333333,23,2024-03-02,5.568521031207598,5.412280701754386,Brooklyn,DUMBO,Brooklyn,Park Slope,2024-03-02,0.7,3.3,False
388,2024-03-16 14:44:00,2024-03-16 14:59:55,10,10,2.72,11.66,1.0,2,False,False,False,False,False,False,False,15.916666666666666,14,2024-03-16,10.253403141361257,4.286764705882352,Brooklyn,Bed-Stuy,Brooklyn,Bed-Stuy,2024-03-16,0.5,14.7,False
389,2024-03-07 13:04:00,2024-03-07 13:14:11,13,17,2.97,9.68,1.0,2,False,False,False,False,False,False,False,10.183333333333334,13,2024-03-07,17.499181669394435,3.259259259259259,Queens,Long Island City,Bronx,Riverdale,2024-03-07,0.0,3.3,False
390,2024-03-01 09:49:00,2024-03-01 10:06:18,13,17,0.79,5.2,2.0,1,False,False,False,False,False,False,False,17.3,9,2024-03-01,2.739884393063584,6.582278481012658,Queens,Long Island City,Bronx,Riverdale,2024-03-01,0.0,4.2,False
391,2024-03-24 11:03:00,2024-03-24 11:21:19,6,18,3.42,12.16,1.0,3,False,False,False,False,False,False,False,18.316666666666666,11,2024-03-24,11.202911737943586,3.555555555555556,Brooklyn,Williamsburg,Bronx,Mott Haven,2024-03-24,1.1,11.3,True
392,2024-03-28 13:36:00,2024-03-28 14:27:10,15,12,1.86,8.04,2.0,1,False,False,False,False,False,False,False,51.166666666666664,13,2024-03-28,2.1811074918566775,4.32258064516129,Queens,Forest Hills,Queens,Flushing,2024-03-28,1.2,7.8,True
393,2024-03-19 09:54:00,2024-03-19 10:16:20,7,11,3.6,12.08,1.0,3,False,False,False,False,False,False,False,22.333333333333332,9,2024-03-19,9.671641791044777,3.3555555555555556,Brooklyn,Park Slope,Queens,Astoria,2024-03-19,1.1,11.7,True
394,2024-03-25 10:10:00,2024-03-25 10:27:02,4,8,8.1,21.38,1.0,1,False,False,False,False,False,False,False,17.033333333333335,10,2024-03-25,28.532289628180035,2.639506172839506,Manhattan,SoHo,Brooklyn,Bushwick,2024-03-25,0.0,7.3,False
395,2024-03-04 08:27:00,2024-03-04 08:34:05,8,15,1.86,8.41,1.0,2,False,False,False,False,False,False,False,7.083333333333333,8,2024-03-04,15.75529411764706,4.521505376344086,Brooklyn,Bushwick,Queens,Forest Hills,2024-03-04,3.4,18.0,True
396,2024-03-11 02:16:00,2024-03-11 02:25:34,6,18,0.19,3.48,1.0,1,False,False,False,False,False,False,False,9.566666666666666,2,2024-03-11,1.1916376306620209,18.31578947368421,Brooklyn,Williamsburg,Bronx,Mott Haven,2024-03-11,1.8,11.3,True
397,2024-03-12 06:44:00,2024-03-12 06:52:32,14,12,4.61,16.98,1.0,1,False,False,False,False,False,False,False,8.533333333333333,6,2024-03-12,32.4140625,3.683297180043384,Queens,Jamaica,Queens,Flushing,2024-03-12,0.7,10.8,False
398,2024-03-20 03:02:00,2024-03-20 03:24:23,6,16,0.56,4.39,3.0,2,False,False,False,False,False,False,False,22.383333333333333,3,2024-03-20,1.5011169024571858,7.839285714285713,Brooklyn,Williamsburg,Bronx,Fordham,2024-03-20,1.4,11.9,True
399,2024-03-09 20:14:00,2024-03-09 20:24:40,6,3,2.48,9.3,1.0,2,False,False,False,False,False,False,False,10.666666666666666,20,2024-03-09,13.950000000000001,3.7500000000000004,Brooklyn,Williamsburg,Manhattan,Chelsea,2024-03-09,4.2,4.7,True
400,2024-03-15 04:35:00,2024-03-15 04:55:25,14,1,1.29,7.12,1.0,1,False,False,False,False,False,False,False,20.416666666666668,4,2024-03-15,3.7910204081632655,5.51937984496124,Queens,Jamaica,Manhattan,Midtown,2024-03-15,2.5,10.9,True
401,2024-03-11 03:06:00,2024-03-11 03:26:45,2,13,0.92,5.54,1.0,1,False,False,False,False,False,False,False,20.75,3,2024-03-11,2.660240963855422,6.021739130434782,Manhattan,Harlem,Queens,Long Island City,2024-03-11,1.8,11.3,True
402,2024-03-21 06:06:00,2024-03-21 06:25:59,14,3,3.22,10.41,,1,False,False,False,True,True,False,False,19.983333333333334,6,2024-03-21,9.668056713928275,3.232919254658385,Queens,Jamaica,Manhattan,Chelsea,2024-03-21,0.0,8.6,False
403,2024-03-29 05:53:00,2024-03-29 06:07:32,2,12,2.54,9.36,1.0,1,False,False,False,False,False,False,False,14.533333333333333,5,2024-03-29,10.486238532110091,3.68503937007874,Manhattan,Harlem,Queens,Flushing,2024-03-29,1.1,4.2,True
404,2024-03-18 17:53:00,2024-03-18 17:54:57,15,15,6.42,17.2,2.0,1,False,False,False,False,False,False,False,1.95,17,2024-03-18,197.53846153846152,2.6791277258566977,Queens,Forest Hills,Queens,Forest Hills,2024-03-18,1.5,8.4,True
405,2024-03-12 10:19:00,2024-03-12 10:48:06,8,7,0.32,3.87,1.0,1,False,False,False,False,False,False,False,29.1,10,2024-03-12,0.6597938144329897,12.09375,Brooklyn,Bushwick,Brooklyn,Park Slope,2024-03-12,0.7,10.8,False
406,2024-03-09 11:25:00,2024-03-09 11:30:08,16,4,2.08,8.11,1.0,1,False,False,False,False,False,False,False,5.133333333333334,11,2024-03-09,24.31168831168831,3.8990384615384612,Bronx,Fordham,Manhattan,SoHo,2024-03-09,4.2,4.7,True
407,2024-03-19 09:00:00,2024-03-19 09:03:42,5,3,4.86,16.91,2.0,1,False,False,False,False,False,False,False,3.7,9,2024-03-19,78.8108108108108,3.479423868312757,Manhattan,Upper East Side,Manhattan,Chelsea,2024-03-19,1.1,11.7,True
408,2024-03-11 23:10:00,2024-03-11 23:14:43,20,6,2.9,11.58,1.0,1,False,False,False,False,False,False,False,4.716666666666667,23,2024-03-11,36.890459363957596,3.9931034482758623,Staten Island,Tottenville,Brooklyn,Williamsburg,2024-03-11,1.8,11.3,True
409,2024-03-03 18:09:00,2024-03-03 18:53:38,13,11,1.25,6.24,1.0,1,False,False,False,False,False,False,False,44.63333333333333,18,2024-03-03,1.6803584764749813,4.992,Queens,Long Island City,Queens,Astoria,2024-03-03,1.4,7.4,True
410,2024-03-05 10:04:00,2024-03-05 10:08:25,20,15,0.84,4.95,1.0,2,False,False,False,False,False,False,False,4.416666666666667,10,2024-03-05,11.41132075471698,5.892857142857143,Staten Island,Tottenville,Queens,Forest Hills,2024-03-05,2.7,10.6,True
411,2024-03-29 13:07:00,2024-03-29 13:36:28,4,12,3.9,14.45,1.0,1,False,False,False,False,False,False,False,29.466666666666665,13,2024-03-29,7.9411764705882355,3.705128205128205,Manhattan,SoHo,Queens,Flushing,2024-03-29,1.1,4.2,True
412,2024-03-28 11:20:00,2024-03-28 11:47:57,20,10,8.51,25.71,1.0,1,False,False,False,False,False,False,False,27.95,11,2024-03-28,18.268336314847943,3.021151586368978,Staten Island,Tottenville,Brooklyn,Bed-Stuy,2024-03-28,1.2,7.8,True
413,2024-03-25 09:31:00,2024-03-25 09:46:06,11,4,9.8,28.77,1.0,1,False,False,False,False,False,False,False,15.1,9,2024-03-25,38.940397350993386,2.9357142857142855,Queens,Astoria,Manhattan,SoHo,2024-03-25,0.0,7.3,False
414,2024-03-18 06:41:00,2024-03-18 06:53:50,7,2,0.5,4.41,2.0,1,False,False,False,False,False,False,False,12.833333333333334,6,2024-03-18,2.3376623376623376,8.82,Brooklyn,Park Slope,Manhattan,Harlem,2024-03-18,1.5,8.4,True
415,2024-03-08 11:30:00,2024-03-08 11:58:04,16,2,3.71,13.37,1.0,1,False,False,False,False,False,False,False,28.066666666666666,11,2024-03-08,7.931116389548693,3.6037735849056602,Bronx,Fordham,Manhattan,Harlem,2024-03-08,2.8,5.6,True
416,2024-03-02 10:37:00,2024-03-02 10:43:04,9,10,2.02,9.34,1.0,1,False,False,False,False,False,False,False,6.066666666666666,10,2024-03-02,19.978021978021978,4.623762376237623,Brooklyn,DUMBO,Brooklyn,Bed-Stuy,2024-03-02,0.7,3.3,False
417,2024-03-13 06:13:00,2024-03-13 06:31:32,2,12,1.1,6.23,1.0,1,False,False,False,False,False,False,False,18.533333333333335,6,2024-03-13,3.5611510791366903,5.663636363636363,Manhattan,Harlem,Queens,Flushing,2024-03-13,0.7,7.3,False
418,2024-03-15 15:07:00,2024-03-15 15:22:56,19,4,2.09,8.6,2.0,1,False,False,False,False,False,False,False,15.933333333333334,15,2024-03-15,7.870292887029288,4.114832535885167,Staten Island,St. George,Manhattan,SoHo,2024-03-15,2.5,10.9,True
419,2024-03-10 04:10:00,2024-03-10 04:43:03,7,10,3.86,13.79,1.0,1,False,False,False,False,False,False,False,33.05,4,2024-03-10,7.007564296520424,3.5725388601036268,Brooklyn,Park Slope,Brooklyn,Bed-Stuy,2024-03-10,0.0,3.9,False
420,2024-03-22 05:24:00,2024-03-22 05:26:45,4,14,5.51,15.9,2.0,2,False,False,False,False,False,False,False,2.75,5,2024-03-22,120.21818181818182,2.885662431941924,Manhattan,SoHo,Queens,Jamaica,2024-03-22,0.0,8.6,False
421,2024-03-02 22:16:00,2024-03-02 22:43:36,16,5,1.77,7.33,2.0,1,False,False,False,False,False,False,False,27.6,22,2024-03-02,3.8478260869565215,4.141242937853107,Bronx,Fordham,Manhattan,Upper East Side,2024-03-02,0.7,3.3,False
422,2024-03-04 21:01:00,2024-03-04 21:10:21,14,15,2.52,10.66,1.0,1,False,False,False,False,False,False,False,9.35,21,2024-03-04,16.171122994652407,4.23015873015873,Queens,Jamaica,Queens,Forest Hills,2024-03-04,3.4,18.0,True
423,2024-03-18 12:56:00,2024-03-18 13:10:03,3,17,0.74,5.28,1.0,1,False,False,False,False,False,False,False,14.05,12,2024-03-18,3.160142348754448,7.135135135135136,Manhattan,Chelsea,Bronx,Riverdale,2024-03-18,1.5,8.4,True
424,2024-03-27 09:17:00,2024-03-27 09:45:28,6,2,5.89,19.28,1.0,1,False,False,False,False,False,False,False,28.466666666666665,9,2024-03-27,12.414519906323186,3.273344651952462,Brooklyn,Williamsburg,Manhattan,Harlem,2024-03-27,2.1,4.2,True
425,2024-03-26 22:51:00,2024-03-26 23:07:36,11,16,1.86,7.25,2.0,3,False,False,False,False,False,False,False,16.6,22,2024-03-26,6.72289156626506,3.897849462365591,Queens,Astoria,Bronx,Fordham,2024-03-26,1.0,4.1,False
426,2024-03-25 03:14:00,2024-03-25 03:18:53,19,1,1.01,5.9,1.0,1,False,False,False,False,False,False,False,4.883333333333334,3,2024-03-25,12.409556313993173,5.841584158415841,Staten Island,St. George,Manhattan,Midtown,2024-03-25,0.0,7.3,False
427,2024-03-19 23:32:00,2024-03-20 00:17:27,6,13,4.4,16.51,1.0,2,False,False,False,False,False,False,False,45.45,23,2024-03-19,5.808580858085809,3.7522727272727274,Brooklyn,Williamsburg,Queens,Long Island City,2024-03-19,1.1,11.7,True
428,2024-03-28 03:39:00,2024-03-28 03:46:49,8,10,5.47,16.31,1.0,1,False,False,False,False,False,False,False,7.816666666666666,3,2024-03-28,41.98720682302772,2.9817184643510055,Brooklyn,Bushwick,Brooklyn,Bed-Stuy,2024-03-28,1.2,7.8,True
429,2024-03-17 01:54:00,2024-03-17 03:02:34,12,15,1.55,6.49,1.0,1,False,False,False,False,False,False,False,68.56666666666666,1,2024-03-17,1.3563441905687896,4.187096774193549,Queens,Flushing,Queens,Forest Hills,2024-03-17,1.8,12.0,True
430,2024-03-20 21:01:00,2024-03-20 21:15:09,20,6,2.34,8.79,1.0,1,False,False,False,False,False,False,False,14.15,21,2024-03-20,9.92226148409894,3.7564102564102564,Staten Island,Tottenville,Brooklyn,Williamsburg,2024-03-20,1.4,11.9,True
431,2024-03-13 05:47:00,2024-03-13 06:29:05,6,14,4.04,13.76,1.0,1,False,False,False,False,False,False,False,42.083333333333336,5,2024-03-13,5.76,3.405940594059406,Brooklyn,Williamsburg,Queens,Jamaica,2024-03-13,0.7,7.3,False
432,2024-03-09 05:06:00,2024-03-09 05:17:03,11,17,2.36,8.97,1.0,1,False,False,False,False,False,False,False,11.05,5,2024-03-09,12.814479638009049,3.800847457627119,Queens,Astoria,Bronx,Riverdale,2024-03-09,4.2,4.7,True
433,2024-03-10 16:25:00,2024-03-10 16:49:21,19,1,2.39,9.67,4.0,1,False,False,False,False,False,False,False,24.35,16,2024-03-10,5.88911704312115,4.04602510460251,Staten Island,St. George,Manhattan,Midtown,2024-03-10,0.0,3.9,False
434,2024-03-26 06:26:00,2024-03-26 06:27:31,10,15,1.49,7.58,1.0,1,False,False,False,False,False,False,False,1.5166666666666666,6,2024-03-26,58.94505494505495,5.087248322147651,Brooklyn,Bed-Stuy,Queens,Forest Hills,2024-03-26,1.0,4.1,False
435,2024-03-29 14:43:00,2024-03-29 14:49:18,10,10,0.2,3.46,1.0,1,False,False,False,False,False,False,False,6.3,14,2024-03-29,1.9047619047619049,17.299999999999997,Brooklyn,Bed-Stuy,Brooklyn,Bed-Stuy,2024-03-29,1.1,4.2,True
436,2024-03-16 06:39:00,2024-03-16 06:41:18,17,4,7.08,21.35,1.0,1,False,False,False,False,False,False,False,2.3,6,2024-03-16,184.69565217391306,3.015536723163842,Bronx,Riverdale,Manhattan,SoHo,2024-03-16,0.5,14.7,False
437,2024-03-07 04:41:00,2024-03-07 04:48:43,11,14,2.16,8.4,1.0,1,False,False,False,False,False,False,False,7.716666666666667,4,2024-03-07,16.794816414686824,3.888888888888889,Queens,Astoria,Queens,Jamaica,2024-03-07,0.0,3.3,False
438,2024-03-01 08:27:00,2024-03-01 08:43:53,14,16,5.38,18.13,1.0,1,False,False,False,False,False,False,False,16.883333333333333,8,2024-03-01,19.119447186574533,3.369888475836431,Queens,Jamaica,Bronx,Fordham,2024-03-01,0.0,4.2,False
439,2024-03-26 08:03:00,2024-03-26 08:11:51,7,1,1.08,5.76,1.0,1,False,False,False,False,False,False,False,8.85,8,2024-03-26,7.322033898305086,5.333333333333333,Brooklyn,Park Slope,Manhattan,Midtown,2024-03-26,1.0,4.1,False
440,2024-03-07 23:53:00,2024-03-08 00:13:39,9,12,2.23,10.04,1.0,2,False,False,False,False,False,False,False,20.65,23,2024-03-07,6.479418886198548,4.502242152466367,Brooklyn,DUMBO,Queens,Flushing,2024-03-07,0.0,3.3,False
441,2024-03-01 19:44:00,2024-03-01 20:37:33,7,11,5.96,16.8,1.0,1,False,False,False,False,False,False,False,53.55,19,2024-03-01,6.677871148459384,2.8187919463087248,Brooklyn,Park Slope,Queens,Astoria,2024-03-01,0.0,4.2,False
442,2024-03-24 01:09:00,2024-03-24 01:12:01,17,2,1.6,7.84,1.0,2,False,False,False,False,False,False,False,3.0166666666666666,1,2024-03-24,31.823204419889507,4.8999999999999995,Bronx,Riverdale,Manhattan,Harlem,2024-03-24,1.1,11.3,True
443,2024-03-13 09:37:00,2024-03-13 09:51:07,14,7,6.14,19.05,4.0,1,False,False,False,False,False,False,False,14.116666666666667,9,2024-03-13,26.09681227863046,3.1026058631921827,Queens,Jamaica,Brooklyn,Park Slope,2024-03-13,0.7,7.3,False
444,2024-03-09 15:46:00,2024-03-09 16:08:42,10,7,0.79,5.22,2.0,1,False,False,False,False,False,False,False,22.7,15,2024-03-09,2.088105726872247,6.6075949367088604,Brooklyn,Bed-Stuy,Brooklyn,Park Slope,2024-03-09,4.2,4.7,True
445,2024-03-29 09:42:00,2024-03-29 10:00:39,15,6,1.94,8.03,1.0,1,False,False,False,False,False,False,False,18.65,9,2024-03-29,6.241286863270778,4.139175257731958,Queens,Forest Hills,Brooklyn,Williamsburg,2024-03-29,1.1,4.2,True
446,2024-03-08 22:10:00,2024-03-08 22:20:41,8,16,1.29,5.86,1.0,1,False,False,False,False,False,False,False,10.683333333333334,22,2024-03-08,7.2449297971918885,4.542635658914729,Brooklyn,Bushwick,Bronx,Fordham,2024-03-08,2.8,5.6,True
447,2024-03-05 11:57:00,2024-03-05 12:05:52,17,18,9.8,33.83,2.0,1,False,False,False,False,False,False,False,8.866666666666667,11,2024-03-05,66.3157894736842,3.45204081632653,Bronx,Riverdale,Bronx,Mott Haven,2024-03-05,2.7,10.6,True
448,2024-03-20 12:32:00,2024-03-20 12:55:03,5,11,4.64,13.48,1.0,1,False,False,False,False,False,False,False,23.05,12,2024-03-20,12.078091106290671,2.9051724137931036,Manhattan,Upper East Side,Queens,Astoria,2024-03-20,1.4,11.9,True
449,2024-03-19 22:41:00,2024-03-19 23:13:04,4,14,5.81,19.57,1.0,3,False,False,False,False,False,False,False,32.06666666666667,22,2024-03-19,10.87110187110187,3.3683304647160073,Manhattan,SoHo,Queens,Jamaica,2024-03-19,1.1,11.7,True
450,2024-03-02 09:51:00,2024-03-02 09:59:01,20,18,7.24,21.78,1.0,2,False,False,False,False,False,False,False,8.016666666666667,9,2024-03-02,54.187110187110186,3.0082872928176796,Staten Island,Tottenville,Bronx,Mott Haven,2024-03-02,0.7,3.3,False
451,2024-03-30 04:49:00,2024-03-30 05:13:07,11,19,2.05,8.4,1.0,3,False,False,False,False,False,False,False,24.116666666666667,4,2024-03-30,5.100207325501036,4.097560975609756,Queens,Astoria,Staten Island,St. George,2024-03-30,1.9,18.9,True
452,2024-03-27 12:36:00,2024-03-27 12:43:50,19,18,10.83,33.47,1.0,2,False,False,False,False,False,False,False,7.833333333333333,12,2024-03-27,82.9531914893617,3.090489381348107,Staten Island,St. George,Bronx,Mott Haven,2024-03-27,2.1,4.2,True
453,2024-03-20 16:59:00,2024-03-20 17:12:01,3,2,6.0,21.39,1.0,1,False,False,False,False,False,False,False,13.016666666666667,16,2024-03-20,27.656850192061455,3.565,Manhattan,Chelsea,Manhattan,Harlem,2024-03-20,1.4,11.9,True
454,2024-03-13 04:55:00,2024-03-13 05:13:32,13,14,3.85,11.98,1.0,1,False,False,False,False,False,False,False,18.533333333333335,4,2024-03-13,12.464028776978415,3.1116883116883116,Queens,Long Island City,Queens,Jamaica,2024-03-13,0.7,7.3,False
455,2024-03-30 11:02:00,2024-03-30 11:39:10,15,1,0.91,5.32,1.0,1,False,False,False,False,False,False,False,37.166666666666664,11,2024-03-30,1.4690582959641258,5.846153846153847,Queens,Forest Hills,Manhattan,Midtown,2024-03-30,1.9,18.9,True
456,2024-03-22 18:14:00,2024-03-22 19:08:54,18,16,7.5,19.69,1.0,1,False,False,False,False,False,False,False,54.9,18,2024-03-22,8.196721311475411,2.6253333333333333,Bronx,Mott Haven,Bronx,Fordham,2024-03-22,0.0,8.6,False
457,2024-03-25 15:01:00,2024-03-25 15:34:23,17,20,1.31,6.54,1.0,1,False,False,False,False,False,False,False,33.38333333333333,15,2024-03-25,2.3544682975536695,4.99236641221374,Bronx,Riverdale,Staten Island,Tottenville,2024-03-25,0.0,7.3,False
458,2024-03-05 16:52:00,2024-03-05 17:08:58,6,6,1.97,8.16,3.0,1,False,False,False,False,False,False,False,16.966666666666665,16,2024-03-05,6.966601178781926,4.1421319796954315,Brooklyn,Williamsburg,Brooklyn,Williamsburg,2024-03-05,2.7,10.6,True
459,2024-03-13 13:01:00,2024-03-13 13:09:28,3,1,2.91,10.45,1.0,1,False,False,False,False,False,False,False,8.466666666666667,13,2024-03-13,20.62204724409449,3.5910652920962196,Manhattan,Chelsea,Manhattan,Midtown,2024-03-13,0.7,7.3,False
460,2024-03-04 04:43:00,2024-03-04 05:00:48,19,9,1.11,6.35,1.0,1,False,False,False,False,False,False,False,17.8,4,2024-03-04,3.741573033707865,5.72072072072072,Staten Island,St. George,Brooklyn,DUMBO,2024-03-04,3.4,18.0,True
461,2024-03-26 22:24:00,2024-03-26 22:31:15,6,9,1.55,7.28,1.0,1,False,False,False,False,False,False,False,7.25,22,2024-03-26,12.827586206896552,4.6967741935483875,Brooklyn,Williamsburg,Brooklyn,DUMBO,2024-03-26,1.0,4.1,False
462,2024-03-14 04:22:00,2024-03-14 04:50:21,15,4,4.53,13.04,1.0,1,False,False,False,False,False,False,False,28.35,4,2024-03-14,9.587301587301587,2.8785871964679908,Queens,Forest Hills,Manhattan,SoHo,2024-03-14,1.5,5.8,True
463,2024-03-23 09:44:00,2024-03-23 09:49:25,5,20,1.05,5.91,2.0,2,False,False,False,False,False,False,False,5.416666666666667,9,2024-03-23,11.630769230769232,5.628571428571428,Manhattan,Upper East Side,Staten Island,Tottenville,2024-03-23,1.2,5.9,True
464,2024-03-12 19:26:00,2024-03-12 19:47:17,16,14,3.1,10.71,2.0,1,False,False,False,False,False,False,False,21.283333333333335,19,2024-03-12,8.73923257635082,3.4548387096774196,Bronx,Fordham,Queens,Jamaica,2024-03-12,0.7,10.8,False
465,2024-03-27 17:38:00,2024-03-27 17:48:52,7,8,0.73,4.63,1.0,2,False,False,False,False,False,False,False,10.866666666666667,17,2024-03-27,4.030674846625767,6.342465753424658,Brooklyn,Park Slope,Brooklyn,Bushwick,2024-03-27,2.1,4.2,True
466,2024-03-13 04:38:00,2024-03-13 04:41:16,17,13,0.7,4.65,1.0,1,False,False,False,False,False,False,False,3.2666666666666666,4,2024-03-13,12.857142857142858,6.642857142857144,Bronx,Riverdale,Queens,Long Island City,2024-03-13,0.7,7.3,False
467,2024-03-03 03:24:00,2024-03-03 04:14:21,20,5,1.04,5.43,1.0,1,False,False,False,False,False,False,False,50.35,3,2024-03-03,1.2393247269116185,5.221153846153846,Staten Island,Tottenville,Manhattan,Upper East Side,2024-03-03,1.4,7.4,True
468,2024-03-19 08:26:00,2024-03-19 08:41:07,12,3,2.23,9.75,2.0,2,False,False,False,False,False,False,False,15.116666666666667,8,2024-03-19,8.851157662624034,4.37219730941704,Queens,Flushing,Manhattan,Chelsea,2024-03-19,1.1,11.7,True
469,2024-03-04 21:06:00,2024-03-04 21:19:36,8,18,3.73,13.02,1.0,1,False,False,False,False,False,False,False,13.6,21,2024-03-04,16.455882352941178,3.4906166219839143,Brooklyn,Bushwick,Bronx,Mott Haven,2024-03-04,3.4,18.0,True
470,2024-03-12 00:19:00,2024-03-12 00:25:41,17,14,1.47,6.37,2.0,1,False,False,False,False,False,False,False,6.683333333333334,0,2024-03-12,13.197007481296756,4.333333333333334,Bronx,Riverdale,Queens,Jamaica,2024-03-12,0.7,10.8,False
471,2024-03-31 20:14:00,2024-03-31 20:41:46,7,8,5.28,15.34,4.0,2,False,False,False,False,False,False,False,27.766666666666666,20,2024-03-31,11.409363745498199,2.9053030303030303,Brooklyn,Park Slope,Brooklyn,Bushwick,2024-03-31,0.3,10.0,False
472,2024-03-23 13:19:00,2024-03-23 13:27:55,13,8,1.38,6.91,1.0,2,False,False,False,False,False,False,False,8.916666666666666,13,2024-03-23,9.285981308411214,5.007246376811595,Queens,Long Island City,Brooklyn,Bushwick,2024-03-23,1.2,5.9,True
473,2024-03-01 07:43:00,2024-03-01 08:00:09,4,5,0.96,5.63,1.0,1,False,False,False,False,False,False,False,17.15,7,2024-03-01,3.358600583090379,5.864583333333333,Manhattan,SoHo,Manhattan,Upper East Side,2024-03-01,0.0,4.2,False
474,2024-03-12 15:26:00,2024-03-12 15:36:52,20,18,1.38,7.3,1.0,1,False,False,False,False,False,False,False,10.866666666666667,15,2024-03-12,7.61963190184049,5.2898550724637685,Staten Island,Tottenville,Bronx,Mott Haven,2024-03-12,0.7,10.8,False
475,2024-03-04 18:54:00,2024-03-04 18:55:00,13,9,5.02,17.54,1.0,1,False,False,False,False,False,False,False,1.0,18,2024-03-04,301.2,3.49402390438247,Queens,Long Island City,Brooklyn,DUMBO,2024-03-04,3.4,18.0,True
476,2024-03-16 06:31:00,2024-03-16 06:42:01,2,18,3.64,12.31,1.0,1,False,False,False,False,False,False,False,11.016666666666667,6,2024-03-16,19.824508320726174,3.381868131868132,Manhattan,Harlem,Bronx,Mott Haven,2024-03-16,0.5,14.7,False
477,2024-03-04 21:16:00,2024-03-04 21:31:27,5,14,2.24,8.81,1.0,2,False,False,False,False,False,False,False,15.45,21,2024-03-04,8.699029126213594,3.933035714285714,Manhattan,Upper East Side,Queens,Jamaica,2024-03-04,3.4,18.0,True
478,2024-03-08 21:17:00,2024-03-08 21:23:12,17,11,6.73,23.32,1.0,1,False,False,False,False,False,False,False,6.2,21,2024-03-08,65.12903225806453,3.465081723625557,Bronx,Riverdale,Queens,Astoria,2024-03-08,2.8,5.6,True
479,2024-03-29 18:01:00,2024-03-29 18:11:59,5,20,3.11,10.8,2.0,1,False,False,False,False,False,False,False,10.983333333333333,18,2024-03-29,16.98937784522003,3.4726688102893895,Manhattan,Upper East Side,Staten Island,Tottenville,2024-03-29,1.1,4.2,True
480,2024-03-20 07:32:00,2024-03-20 07:54:13,2,6,0.69,5.14,2.0,2,False,False,False,False,False,False,False,22.216666666666665,7,2024-03-20,1.8634658664666166,7.449275362318841,Manhattan,Harlem,Brooklyn,Williamsburg,2024-03-20,1.4,11.9,True
481,2024-03-07 19:44:00,2024-03-07 19:54:44,11,1,2.43,9.58,1.0,2,False,False,False,False,False,False,False,10.733333333333333,19,2024-03-07,13.58385093167702,3.9423868312757198,Queens,Astoria,Manhattan,Midtown,2024-03-07,0.0,3.3,False
482,2024-03-24 12:56:00,2024-03-24 13:21:21,13,17,4.57,15.92,1.0,1,False,False,False,False,False,False,False,25.35,12,2024-03-24,10.816568047337277,3.483588621444201,Queens,Long Island City,Bronx,Riverdale,2024-03-24,1.1,11.3,True
483,2024-03-12 13:58:00,2024-03-12 14:05:23,4,3,3.36,10.51,1.0,2,False,False,False,False,False,False,False,7.383333333333334,13,2024-03-12,27.30474040632054,3.1279761904761907,Manhattan,SoHo,Manhattan,Chelsea,2024-03-12,0.7,10.8,False
484,2024-03-01 02:25:00,2024-03-01 02:45:34,11,14,1.32,7.2,2.0,2,False,False,False,False,False,False,False,20.566666666666666,2,2024-03-01,3.8508914100486225,5.454545454545454,Queens,Astoria,Queens,Jamaica,2024-03-01,0.0,4.2,False
485,2024-03-25 01:15:00,2024-03-25 01:41:44,3,11,2.91,10.65,1.0,2,False,False,False,False,False,False,False,26.733333333333334,1,2024-03-25,6.531172069825436,3.6597938144329896,Manhattan,Chelsea,Queens,Astoria,2024-03-25,0.0,7.3,False
486,2024-03-20 11:40:00,2024-03-20 11:45:24,6,14,6.08,20.69,4.0,1,False,False,False,False,False,False,False,5.4,11,2024-03-20,67.55555555555554,3.40296052631579,Brooklyn,Williamsburg,Queens,Jamaica,2024-03-20,1.4,11.9,True
487,2024-03-01 20:30:00,2024-03-01 20:46:36,1,20,3.37,10.66,3.0,2,False,False,False,False,False,False,False,16.6,20,2024-03-01,12.180722891566266,3.1632047477744805,Manhattan,Midtown,Staten Island,Tottenville,2024-03-01,0.0,4.2,False
488,2024-03-25 16:05:00,2024-03-25 16:11:53,1,4,2.27,8.02,1.0,2,False,False,False,False,False,False,False,6.883333333333334,16,2024-03-25,19.786924939467312,3.5330396475770924,Manhattan,Midtown,Manhattan,SoHo,2024-03-25,0.0,7.3,False
489,2024-03-22 10:50:00,2024-03-22 11:07:42,16,7,2.85,11.99,2.0,1,False,False,False,False,False,False,False,17.7,10,2024-03-22,9.661016949152543,4.207017543859649,Bronx,Fordham,Brooklyn,Park Slope,2024-03-22,0.0,8.6,False
490,2024-03-23 18:09:00,2024-03-23 19:15:30,15,6,2.74,11.05,1.0,2,False,False,False,False,False,False,False,66.5,18,2024-03-23,2.47218045112782,4.032846715328467,Queens,Forest Hills,Brooklyn,Williamsburg,2024-03-23,1.2,5.9,True
491,2024-03-13 00:05:00,2024-03-13 00:06:47,2,1,1.95,8.06,3.0,1,False,False,False,False,False,False,False,1.7833333333333334,0,2024-03-13,65.60747663551402,4.133333333333334,Manhattan,Harlem,Manhattan,Midtown,2024-03-13,0.7,7.3,False
492,2024-03-07 05:57:00,2024-03-07 06:10:36,9,9,1.51,6.61,1.0,2,False,False,False,False,False,False,False,13.6,5,2024-03-07,6.661764705882353,4.377483443708609,Brooklyn,DUMBO,Brooklyn,DUMBO,2024-03-07,0.0,3.3,False
493,2024-03-08 11:14:00,2024-03-08 11:47:08,6,7,3.76,13.39,1.0,1,False,False,False,False,False,False,False,33.13333333333333,11,2024-03-08,6.808853118712274,3.561170212765958,Brooklyn,Williamsburg,Brooklyn,Park Slope,2024-03-08,2.8,5.6,True
494,2024-03-25 22:49:00,2024-03-25 23:06:40,10,19,1.85,7.44,1.0,1,False,False,False,False,False,False,False,17.666666666666668,22,2024-03-25,6.283018867924528,4.021621621621621,Brooklyn,Bed-Stuy,Staten Island,St. George,2024-03-25,0.0,7.3,False
495,2024-03-26 15:19:00,2024-03-26 15:52:20,2,4,7.55,21.07,1.0,1,False,False,False,False,False,False,False,33.333333333333336,15,2024-03-26,13.59,2.790728476821192,Manhattan,Harlem,Manhattan,SoHo,2024-03-26,1.0,4.1,False
496,2024-03-19 11:56:00,2024-03-19 12:12:57,6,9,0.97,5.72,1.0,1,False,False,False,False,False,False,False,16.95,11,2024-03-19,3.433628318584071,5.896907216494845,Brooklyn,Williamsburg,Brooklyn,DUMBO,2024-03-19,1.1,11.7,True
497,2024-03-23 08:07:00,2024-03-23 08:39:39,9,4,0.58,4.51,1.0,2,False,False,False,False,False,False,False,32.65,8,2024-03-23,1.0658499234303216,7.775862068965518,Brooklyn,DUMBO,Manhattan,SoHo,2024-03-23,1.2,5.9,True
498,2024-03-17 05:05:00,2024-03-17 05:23:07,13,17,4.28,16.21,1.0,1,False,False,False,False,False,False,False,18.116666666666667,5,2024-03-17,14.17479300827967,3.7873831775700935,Queens,Long Island City,Bronx,Riverdale,2024-03-17,1.8,12.0,True
499,2024-03-01 08:15:00,2024-03-01 08:22:26,20,15,0.79,4.83,1.0,2,False,False,False,False,False,False,False,7.433333333333334,8,2024-03-01,6.376681614349776,6.113924050632911,Staten Island,Tottenville,Queens,Forest Hills,2024-03-01,0.0,4.2,False
500,2024-03-08 23:08:00,2024-03-08 23:28:33,14,17,0.59,4.84,1.0,1,False,False,False,False,False,False,False,20.55,23,2024-03-08,1.722627737226277,8.203389830508474,Queens,Jamaica,Bronx,Riverdale,2024-03-08,2.8,5.6,True
501,2024-03-13 13:40:00,2024-03-13 13:52:49,3,11,2.89,10.61,1.0,2,False,False,False,False,False,False,False,12.816666666666666,13,2024-03-13,13.52925877763329,3.6712802768166086,Manhattan,Chelsea,Queens,Astoria,2024-03-13,0.7,7.3,False
502,2024-03-18 12:41:00,2024-03-18 13:07:46,17,10,6.7,23.42,1.0,1,False,False,False,False,False,False,False,26.766666666666666,12,2024-03-18,15.018679950186801,3.4955223880597015,Bronx,Riverdale,Brooklyn,Bed-Stuy,2024-03-18,1.5,8.4,True
503,2024-03-01 02:23:00,2024-03-01 02:47:51,11,14,1.41,6.36,2.0,1,False,False,False,False,False,False,False,24.85,2,2024-03-01,3.4044265593561365,4.510638297872341,Queens,Astoria,Queens,Jamaica,2024-03-01,0.0,4.2,False
504,2024-03-12 21:07:00,2024-03-12 21:42:34,13,14,2.49,10.71,1.0,1,False,False,False,False,False,False,False,35.56666666666667,21,2024-03-12,4.2005623242736645,4.301204819277109,Queens,Long Island City,Queens,Jamaica,2024-03-12,0.7,10.8,False
505,2024-03-31 06:57:00,2024-03-31 07:19:18,13,17,0.1,3.22,1.0,2,False,False,False,False,False,False,False,22.3,6,2024-03-31,0.26905829596412556,32.2,Queens,Long Island City,Bronx,Riverdale,2024-03-31,0.3,10.0,False
506,2024-03-04 19:39:00,2024-03-04 19:59:28,12,14,8.87,26.22,1.0,1,False,False,False,False,False,False,False,20.466666666666665,19,2024-03-04,26.003257328990227,2.9560315670800454,Queens,Flushing,Queens,Jamaica,2024-03-04,3.4,18.0,True
507,2024-03-31 19:47:00,2024-03-31 20:01:10,16,19,5.34,16.84,1.0,1,False,False,False,False,False,False,False,14.166666666666666,19,2024-03-31,22.616470588235295,3.153558052434457,Bronx,Fordham,Staten Island,St. George,2024-03-31,0.3,10.0,False
508,2024-03-17 11:06:00,2024-03-17 11:15:28,5,5,2.21,8.47,2.0,1,False,False,False,False,False,False,False,9.466666666666667,11,2024-03-17,14.007042253521128,3.832579185520362,Manhattan,Upper East Side,Manhattan,Upper East Side,2024-03-17,1.8,12.0,True
509,2024-03-16 14:29:00,2024-03-16 14:37:26,3,14,2.48,10.58,1.0,1,False,False,False,False,False,False,False,8.433333333333334,14,2024-03-16,17.644268774703555,4.266129032258065,Manhattan,Chelsea,Queens,Jamaica,2024-03-16,0.5,14.7,False
510,2024-03-31 09:45:00,2024-03-31 09:57:23,19,1,0.48,4.4,1.0,1,False,False,False,False,False,False,False,12.383333333333333,9,2024-03-31,2.325706594885599,9.166666666666668,Staten Island,St. George,Manhattan,Midtown,2024-03-31,0.3,10.0,False
511,2024-03-22 09:45:00,2024-03-22 10:02:21,6,8,3.07,10.12,2.0,1,False,False,False,False,False,False,False,17.35,9,2024-03-22,10.616714697406339,3.2964169381107493,Brooklyn,Williamsburg,Brooklyn,Bushwick,2024-03-22,0.0,8.6,False
512,2024-03-20 02:38:00,2024-03-20 03:05:53,16,8,0.55,4.61,2.0,2,False,False,False,False,False,False,False,27.883333333333333,2,2024-03-20,1.1835026897788405,8.381818181818181,Bronx,Fordham,Brooklyn,Bushwick,2024-03-20,1.4,11.9,True
513,2024-03-30 01:13:00,2024-03-30 01:21:32,7,20,1.38,6.82,1.0,2,False,False,False,False,False,False,False,8.533333333333333,1,2024-03-30,9.703125,4.942028985507247,Brooklyn,Park Slope,Staten Island,Tottenville,2024-03-30,1.9,18.9,True
514,2024-03-21 00:06:00,2024-03-21 00:56:31,6,17,4.58,14.53,2.0,1,False,False,False,False,False,False,False,50.516666666666666,0,2024-03-21,5.439788848564831,3.1724890829694323,Brooklyn,Williamsburg,Bronx,Riverdale,2024-03-21,0.0,8.6,False
515,2024-03-07 07:51:00,2024-03-07 08:12:45,1,18,0.89,5.22,1.0,1,False,False,False,False,False,False,False,21.75,7,2024-03-07,2.4551724137931035,5.865168539325842,Manhattan,Midtown,Bronx,Mott Haven,2024-03-07,0.0,3.3,False
516,2024-03-15 19:04:00,2024-03-15 19:38:51,2,20,4.44,17.13,1.0,1,False,False,False,False,False,False,False,34.85,19,2024-03-15,7.6441893830703025,3.8581081081081074,Manhattan,Harlem,Staten Island,Tottenville,2024-03-15,2.5,10.9,True
517,2024-03-29 16:22:00,2024-03-29 16:31:35,2,20,2.51,9.17,1.0,1,False,False,False,False,False,False,False,9.583333333333334,16,2024-03-29,15.71478260869565,3.6533864541832672,Manhattan,Harlem,Staten Island,Tottenville,2024-03-29,1.1,4.2,True
518,2024-03-21 12:33:00,2024-03-21 12:42:13,20,17,0.8,5.46,1.0,3,False,False,False,False,False,False,False,9.216666666666667,12,2024-03-21,5.207956600361664,6.824999999999999,Staten Island,Tottenville,Bronx,Riverdale,2024-03-21,0.0,8.6,False
519,2024-03-11 19:37:00,2024-03-11 20:13:06,19,16,7.52,24.28,1.0,1,False,False,False,False,False,False,False,36.1,19,2024-03-11,12.498614958448753,3.2287234042553195,Staten Island,St. George,Bronx,Fordham,2024-03-11,1.8,11.3,True
520,2024-03-15 18:31:00,2024-03-15 18:57:23,8,12,0.84,5.12,1.0,2,False,False,False,False,False,False,False,26.383333333333333,18,2024-03-15,1.910296904611497,6.095238095238096,Brooklyn,Bushwick,Queens,Flushing,2024-03-15,2.5,10.9,True
521,2024-03-04 07:23:00,2024-03-04 07:40:07,12,16,3.64,12.45,2.0,1,False,False,False,False,False,False,False,17.116666666666667,7,2024-03-04,12.759493670886075,3.42032967032967,Queens,Flushing,Bronx,Fordham,2024-03-04,3.4,18.0,True
522,2024-03-29 14:53:00,2024-03-29 15:19:04,14,18,5.19,19.08,1.0,2,False,False,False,False,False,False,False,26.066666666666666,14,2024-03-29,11.946291560102303,3.6763005780346814,Queens,Jamaica,Bronx,Mott Haven,2024-03-29,1.1,4.2,True
523,2024-03-12 21:43:00,2024-03-12 21:55:24,1,4,4.58,13.91,2.0,1,False,False,False,False,False,False,False,12.4,21,2024-03-12,22.161290322580644,3.037117903930131,Manhattan,Midtown,Manhattan,SoHo,2024-03-12,0.7,10.8,False
524,2024-03-31 12:44:00,2024-03-31 13:16:16,16,4,1.98,9.32,1.0,2,False,False,False,False,False,False,False,32.266666666666666,12,2024-03-31,3.6818181818181817,4.707070707070708,Bronx,Fordham,Manhattan,SoHo,2024-03-31,0.3,10.0,False
525,2024-03-22 19:10:00,2024-03-22 19:11:40,12,5,2.55,10.86,1.0,2,False,False,False,False,False,False,False,1.6666666666666667,19,2024-03-22,91.79999999999998,4.258823529411765,Queens,Flushing,Manhattan,Upper East Side,2024-03-22,0.0,8.6,False
526,2024-03-09 07:17:00,2024-03-09 07:26:51,6,4,2.22,9.68,1.0,1,False,False,False,False,False,False,False,9.85,7,2024-03-09,13.522842639593911,4.36036036036036,Brooklyn,Williamsburg,Manhattan,SoHo,2024-03-09,4.2,4.7,True
527,2024-03-20 23:02:00,2024-03-20 23:06:15,19,10,4.1,12.27,1.0,1,False,False,False,False,False,False,False,4.25,23,2024-03-20,57.882352941176464,2.9926829268292683,Staten Island,St. George,Brooklyn,Bed-Stuy,2024-03-20,1.4,11.9,True
528,2024-03-19 11:47:00,2024-03-19 11:56:08,9,18,2.4,8.86,1.0,2,False,False,False,False,False,False,False,9.133333333333333,11,2024-03-19,15.766423357664236,3.6916666666666664,Brooklyn,DUMBO,Bronx,Mott Haven,2024-03-19,1.1,11.7,True
529,2024-03-04 21:49:00,2024-03-04 22:00:04,15,10,5.8,19.3,1.0,2,False,False,False,False,False,False,False,11.066666666666666,21,2024-03-04,31.44578313253012,3.327586206896552,Queens,Forest Hills,Brooklyn,Bed-Stuy,2024-03-04,3.4,18.0,True
530,2024-03-29 04:03:00,2024-03-29 04:10:39,3,14,0.81,5.1,1.0,2,False,False,False,False,False,False,False,7.65,4,2024-03-29,6.352941176470589,6.296296296296296,Manhattan,Chelsea,Queens,Jamaica,2024-03-29,1.1,4.2,True
531,2024-03-29 09:10:00,2024-03-29 09:23:53,2,17,5.66,17.05,1.0,1,False,False,False,False,False,False,False,13.883333333333333,9,2024-03-29,24.460984393757503,3.012367491166078,Manhattan,Harlem,Bronx,Riverdale,2024-03-29,1.1,4.2,True
532,2024-03-02 16:29:00,2024-03-02 16:38:02,16,15,3.0,11.1,3.0,2,False,False,False,False,False,False,False,9.033333333333333,16,2024-03-02,19.926199261992622,3.6999999999999997,Bronx,Fordham,Queens,Forest Hills,2024-03-02,0.7,3.3,False
533,2024-03-17 17:30:00,2024-03-17 17:44:30,17,12,1.74,6.97,2.0,1,False,False,False,False,False,False,False,14.5,17,2024-03-17,7.2,4.005747126436781,Bronx,Riverdale,Queens,Flushing,2024-03-17,1.8,12.0,True
534,2024-03-13 15:51:00,2024-03-13 16:14:29,16,5,3.53,10.98,2.0,1,False,False,False,False,False,False,False,23.483333333333334,15,2024-03-13,9.01916252661462,3.110481586402267,Bronx,Fordham,Manhattan,Upper East Side,2024-03-13,0.7,7.3,False
535,2024-03-11 18:24:00,2024-03-11 18:56:38,20,19,2.47,8.75,1.0,1,False,False,False,False,False,False,False,32.63333333333333,18,2024-03-11,4.541368743615935,3.5425101214574894,Staten Island,Tottenville,Staten Island,St. George,2024-03-11,1.8,11.3,True
536,2024-03-11 16:38:33,2024-03-11 16:06:00,10,10,1.85,7.69,1.0,2,True,False,False,False,True,False,False,-32.55,16,2024-03-11,-3.4101382488479266,4.1567567567567565,Brooklyn,Bed-Stuy,Brooklyn,Bed-Stuy,2024-03-11,1.8,11.3,True
537,2024-03-24 18:35:00,2024-03-24 18:52:23,20,8,6.28,17.1,1.0,1,False,False,False,False,False,False,False,17.383333333333333,18,2024-03-24,21.675934803451582,2.7229299363057327,Staten Island,Tottenville,Brooklyn,Bushwick,2024-03-24,1.1,11.3,True
538,2024-03-22 00:30:00,2024-03-22 00:53:56,4,12,1.12,6.11,2.0,1,False,False,False,False,False,False,False,23.933333333333334,0,2024-03-22,2.807799442896936,5.455357142857142,Manhattan,SoHo,Queens,Flushing,2024-03-22,0.0,8.6,False
539,2024-03-12 13:25:00,2024-03-12 13:41:52,20,20,2.53,8.72,3.0,1,False,False,False,False,False,False,False,16.866666666666667,13,2024-03-12,8.999999999999998,3.446640316205534,Staten Island,Tottenville,Staten Island,Tottenville,2024-03-12,0.7,10.8,False
540,2024-03-29 13:15:00,2024-03-29 13:54:57,10,3,2.06,9.0,1.0,1,False,False,False,False,False,False,False,39.95,13,2024-03-29,3.0938673341677094,4.368932038834951,Brooklyn,Bed-Stuy,Manhattan,Chelsea,2024-03-29,1.1,4.2,True
541,2024-03-31 19:14:00,2024-03-31 19:21:18,16,6,6.48,18.0,2.0,1,False,False,False,False,False,False,False,7.3,19,2024-03-31,53.26027397260275,2.7777777777777777,Bronx,Fordham,Brooklyn,Williamsburg,2024-03-31,0.3,10.0,False
542,2024-03-23 00:12:00,2024-03-23 00:44:29,10,10,1.62,7.67,1.0,2,False,False,False,False,False,False,False,32.483333333333334,0,2024-03-23,2.9923037455105184,4.734567901234567,Brooklyn,Bed-Stuy,Brooklyn,Bed-Stuy,2024-03-23,1.2,5.9,True
543,2024-03-25 09:44:00,2024-03-25 10:32:33,17,7,1.79,7.45,1.0,1,False,False,False,False,False,False,False,48.55,9,2024-03-25,2.212152420185376,4.162011173184357,Bronx,Riverdale,Brooklyn,Park Slope,2024-03-25,0.0,7.3,False
544,2024-03-09 19:56:00,2024-03-09 20:10:07,18,17,2.37,8.44,1.0,2,False,False,False,False,False,False,False,14.116666666666667,19,2024-03-09,10.073199527744983,3.5611814345991557,Bronx,Mott Haven,Bronx,Riverdale,2024-03-09,4.2,4.7,True
545,2024-03-20 16:42:00,2024-03-20 16:52:51,3,19,0.95,5.82,1.0,1,False,False,False,False,False,False,False,10.85,16,2024-03-20,5.253456221198157,6.126315789473685,Manhattan,Chelsea,Staten Island,St. George,2024-03-20,1.4,11.9,True
546,2024-03-26 02:40:00,2024-03-26 03:02:56,18,16,1.42,6.38,1.0,3,False,False,False,False,False,False,False,22.933333333333334,2,2024-03-26,3.715116279069767,4.492957746478873,Bronx,Mott Haven,Bronx,Fordham,2024-03-26,1.0,4.1,False
547,2024-03-05 23:54:00,2024-03-06 00:23:22,2,7,6.37,19.87,3.0,1,False,False,False,False,False,False,False,29.366666666666667,23,2024-03-05,13.014755959137343,3.119309262166405,Manhattan,Harlem,Brooklyn,Park Slope,2024-03-05,2.7,10.6,True
548,2024-03-12 00:27:00,2024-03-12 00:33:46,12,2,1.4,7.43,1.0,1,False,False,False,False,False,False,False,6.766666666666667,0,2024-03-12,12.413793103448274,5.307142857142857,Queens,Flushing,Manhattan,Harlem,2024-03-12,0.7,10.8,False
549,2024-03-30 06:13:00,2024-03-30 06:17:40,7,12,2.08,9.3,1.0,2,False,False,False,False,False,False,False,4.666666666666667,6,2024-03-30,26.742857142857144,4.471153846153847,Brooklyn,Park Slope,Queens,Flushing,2024-03-30,1.9,18.9,True
550,2024-03-27 17:47:00,2024-03-27 17:57:31,9,19,0.76,5.43,1.0,1,False,False,False,False,False,False,False,10.516666666666667,17,2024-03-27,4.335974643423138,7.144736842105263,Brooklyn,DUMBO,Staten Island,St. George,2024-03-27,2.1,4.2,True
551,2024-03-04 04:38:00,2024-03-04 04:39:22,15,14,2.66,9.59,1.0,2,False,False,False,False,False,False,False,1.3666666666666667,4,2024-03-04,116.78048780487805,3.6052631578947367,Queens,Forest Hills,Queens,Jamaica,2024-03-04,3.4,18.0,True
552,2024-03-09 01:40:00,2024-03-09 01:52:17,16,17,1.85,7.21,1.0,1,False,False,False,False,False,False,False,12.283333333333333,1,2024-03-09,9.03663500678426,3.897297297297297,Bronx,Fordham,Bronx,Riverdale,2024-03-09,4.2,4.7,True
553,2024-03-04 19:35:00,2024-03-04 19:46:22,9,13,3.23,12.56,2.0,1,False,False,False,False,False,False,False,11.366666666666667,19,2024-03-04,17.04985337243402,3.888544891640867,Brooklyn,DUMBO,Queens,Long Island City,2024-03-04,3.4,18.0,True
554,2024-03-08 11:35:00,2024-03-08 11:45:01,3,12,2.23,8.58,2.0,1,False,False,False,False,False,False,False,10.016666666666667,11,2024-03-08,13.35773710482529,3.8475336322869955,Manhattan,Chelsea,Queens,Flushing,2024-03-08,2.8,5.6,True
555,2024-03-03 08:35:00,2024-03-03 09:05:16,2,20,1.67,8.34,2.0,1,False,False,False,False,False,False,False,30.266666666666666,8,2024-03-03,3.3105726872246692,4.994011976047904,Manhattan,Harlem,Staten Island,Tottenville,2024-03-03,1.4,7.4,True
556,2024-03-20 21:46:00,2024-03-20 21:54:33,20,7,5.11,16.52,2.0,3,False,False,False,False,False,False,False,8.55,21,2024-03-20,35.859649122807014,3.2328767123287667,Staten Island,Tottenville,Brooklyn,Park Slope,2024-03-20,1.4,11.9,True
557,2024-03-07 23:04:00,2024-03-07 23:13:08,13,3,5.78,18.02,1.0,1,False,False,False,False,False,False,False,9.133333333333333,23,2024-03-07,37.970802919708035,3.117647058823529,Queens,Long Island City,Manhattan,Chelsea,2024-03-07,0.0,3.3,False
558,2024-03-18 10:12:00,2024-03-18 11:18:47,11,13,1.33,6.86,1.0,1,False,False,False,False,False,False,False,66.78333333333333,10,2024-03-18,1.1949089094085352,5.157894736842105,Queens,Astoria,Queens,Long Island City,2024-03-18,1.5,8.4,True
559,2024-03-27 08:33:00,2024-03-27 08:55:19,7,17,3.45,12.12,1.0,1,False,False,False,False,False,False,False,22.316666666666666,8,2024-03-27,9.275578790141896,3.5130434782608693,Brooklyn,Park Slope,Bronx,Riverdale,2024-03-27,2.1,4.2,True
560,2024-03-31 02:13:00,2024-03-31 02:20:08,17,8,3.16,12.39,1.0,1,False,False,False,False,False,False,False,7.133333333333334,2,2024-03-31,26.57943925233645,3.920886075949367,Bronx,Riverdale,Brooklyn,Bushwick,2024-03-31,0.3,10.0,False
561,2024-03-27 12:16:00,2024-03-27 12:27:32,10,15,1.72,6.93,1.0,1,False,False,False,False,False,False,False,11.533333333333333,12,2024-03-27,8.947976878612717,4.02906976744186,Brooklyn,Bed-Stuy,Queens,Forest Hills,2024-03-27,2.1,4.2,True
562,2024-03-25 15:43:00,2024-03-25 15:58:22,13,9,2.13,8.72,1.0,1,False,False,False,False,False,False,False,15.366666666666667,15,2024-03-25,8.316702819956616,4.093896713615024,Queens,Long Island City,Brooklyn,DUMBO,2024-03-25,0.0,7.3,False
563,2024-03-16 12:20:00,2024-03-16 12:32:48,7,10,3.0,9.84,1.0,2,False,False,False,False,False,False,False,12.8,12,2024-03-16,14.062499999999998,3.28,Brooklyn,Park Slope,Brooklyn,Bed-Stuy,2024-03-16,0.5,14.7,False
564,2024-03-14 15:22:00,2024-03-14 15:39:08,9,19,2.98,11.67,1.0,1,False,False,False,False,False,False,False,17.133333333333333,15,2024-03-14,10.43579766536965,3.9161073825503356,Brooklyn,DUMBO,Staten Island,St. George,2024-03-14,1.5,5.8,True
565,2024-03-05 23:30:00,2024-03-05 23:52:52,6,14,5.66,16.72,1.0,1,False,False,False,False,False,False,False,22.866666666666667,23,2024-03-05,14.85131195335277,2.9540636042402824,Brooklyn,Williamsburg,Queens,Jamaica,2024-03-05,2.7,10.6,True
566,2024-03-03 19:22:00,2024-03-03 19:47:32,11,6,3.48,11.54,2.0,1,False,False,False,False,False,False,False,25.533333333333335,19,2024-03-03,8.177545691906005,3.3160919540229883,Queens,Astoria,Brooklyn,Williamsburg,2024-03-03,1.4,7.4,True
567,2024-03-08 14:22:00,2024-03-08 14:53:24,6,10,1.83,7.13,1.0,1,False,False,False,False,False,False,False,31.4,14,2024-03-08,3.496815286624204,3.896174863387978,Brooklyn,Williamsburg,Brooklyn,Bed-Stuy,2024-03-08,2.8,5.6,True
568,2024-03-12 17:25:00,2024-03-12 17:37:47,13,6,3.93,14.25,2.0,1,False,False,False,False,False,False,False,12.783333333333333,17,2024-03-12,18.445893089960887,3.6259541984732824,Queens,Long Island City,Brooklyn,Williamsburg,2024-03-12,0.7,10.8,False
569,2024-03-30 13:27:00,2024-03-30 14:02:28,13,16,0.87,5.03,2.0,1,False,False,False,False,False,False,False,35.46666666666667,13,2024-03-30,1.4718045112781954,5.781609195402299,Queens,Long Island City,Bronx,Fordham,2024-03-30,1.9,18.9,True
570,2024-03-12 11:32:00,2024-03-12 11:52:00,8,8,0.0,12.66,3.0,1,False,True,False,False,True,False,False,20.0,11,2024-03-12,0.0,,Brooklyn,Bushwick,Brooklyn,Bushwick,2024-03-12,0.7,10.8,False
571,2024-03-11 12:47:00,2024-03-11 12:51:56,14,18,1.32,6.86,1.0,1,False,False,False,False,False,False,False,4.933333333333334,12,2024-03-11,16.054054054054056,5.196969696969697,Queens,Jamaica,Bronx,Mott Haven,2024-03-11,1.8,11.3,True
572,2024-03-27 18:33:00,2024-03-27 18:59:50,9,8,5.06,16.17,3.0,1,False,False,False,False,False,False,False,26.833333333333332,18,2024-03-27,11.314285714285715,3.195652173913044,Brooklyn,DUMBO,Brooklyn,Bushwick,2024-03-27,2.1,4.2,True
573,2024-03-27 00:37:00,2024-03-27 00:53:08,13,19,1.62,7.13,,1,False,False,False,True,True,False,False,16.133333333333333,0,2024-03-27,6.024793388429752,4.401234567901234,Queens,Long Island City,Staten Island,St. George,2024-03-27,2.1,4.2,True
574,2024-03-17 07:55:00,2024-03-17 08:36:20,14,2,3.89,12.94,1.0,1,False,False,False,False,False,False,False,41.333333333333336,7,2024-03-17,5.646774193548388,3.326478149100257,Queens,Jamaica,Manhattan,Harlem,2024-03-17,1.8,12.0,True
575,2024-03-10 20:36:00,2024-03-10 20:44:18,6,2,3.09,10.82,1.0,1,False,False,False,False,False,False,False,8.3,20,2024-03-10,22.33734939759036,3.5016181229773466,Brooklyn,Williamsburg,Manhattan,Harlem,2024-03-10,0.0,3.9,False
576,2024-03-10 07:13:00,2024-03-10 07:36:41,20,13,3.71,12.32,4.0,1,False,False,False,False,False,False,False,23.683333333333334,7,2024-03-10,9.399014778325123,3.3207547169811322,Staten Island,Tottenville,Queens,Long Island City,2024-03-10,0.0,3.9,False
577,2024-03-06 12:18:00,2024-03-06 12:25:10,10,3,3.98,15.4,1.0,3,False,False,False,False,False,False,False,7.166666666666667,12,2024-03-06,33.32093023255814,3.869346733668342,Brooklyn,Bed-Stuy,Manhattan,Chelsea,2024-03-06,0.0,9.2,False
578,2024-03-24 19:15:00,2024-03-24 19:19:43,19,4,4.32,15.07,2.0,1,False,False,False,False,False,False,False,4.716666666666667,19,2024-03-24,54.95406360424028,3.4884259259259256,Staten Island,St. George,Manhattan,SoHo,2024-03-24,1.1,11.3,True
579,2024-03-14 01:45:00,2024-03-14 01:58:13,2,9,6.18,17.81,3.0,1,False,False,False,False,False,False,False,13.216666666666667,1,2024-03-14,28.05548549810845,2.881877022653722,Manhattan,Harlem,Brooklyn,DUMBO,2024-03-14,1.5,5.8,True
580,2024-03-09 11:11:00,2024-03-09 11:25:26,16,4,3.81,12.53,1.0,1,False,False,False,False,False,False,False,14.433333333333334,11,2024-03-09,15.838337182448038,3.2887139107611545,Bronx,Fordham,Manhattan,SoHo,2024-03-09,4.2,4.7,True
581,2024-03-02 05:12:00,2024-03-02 06:15:41,5,4,12.88,37.17,2.0,1,False,False,False,False,False,False,False,63.68333333333333,5,2024-03-02,12.13504318241298,2.885869565217391,Manhattan,Upper East Side,Manhattan,SoHo,2024-03-02,0.7,3.3,False
582,2024-03-31 01:39:00,2024-03-31 01:47:48,12,7,1.77,7.3,1.0,1,False,False,False,False,False,False,False,8.8,1,2024-03-31,12.068181818181818,4.124293785310734,Queens,Flushing,Brooklyn,Park Slope,2024-03-31,0.3,10.0,False
583,2024-03-01 21:48:00,2024-03-01 22:02:23,5,2,1.68,8.1,4.0,1,False,False,False,False,False,False,False,14.383333333333333,21,2024-03-01,7.00811123986095,4.821428571428571,Manhattan,Upper East Side,Manhattan,Harlem,2024-03-01,0.0,4.2,False
584,2024-03-23 22:05:00,2024-03-23 22:55:50,9,19,2.01,9.22,1.0,2,False,False,False,False,False,False,False,50.833333333333336,22,2024-03-23,2.3724590163934423,4.587064676616916,Brooklyn,DUMBO,Staten Island,St. George,2024-03-23,1.2,5.9,True
585,2024-03-17 19:27:00,2024-03-17 19:35:57,10,11,0.1,3.28,1.0,1,False,False,False,False,False,False,False,8.95,19,2024-03-17,0.6703910614525141,32.8,Brooklyn,Bed-Stuy,Queens,Astoria,2024-03-17,1.8,12.0,True
586,2024-03-10 02:20:00,2024-03-10 02:43:41,18,14,0.75,4.85,1.0,1,False,False,False,False,False,False,False,23.683333333333334,2,2024-03-10,1.9000703729767767,6.466666666666666,Bronx,Mott Haven,Queens,Jamaica,2024-03-10,0.0,3.9,False
587,2024-03-05 12:53:00,2024-03-05 13:31:56,19,18,0.67,4.64,1.0,1,False,False,False,False,False,False,False,38.93333333333333,12,2024-03-05,1.0325342465753427,6.925373134328357,Staten Island,St. George,Bronx,Mott Haven,2024-03-05,2.7,10.6,True
588,2024-03-25 05:57:00,2024-03-25 06:06:17,12,5,4.84,18.09,1.0,1,False,False,False,False,False,False,False,9.283333333333333,5,2024-03-25,31.2818671454219,3.737603305785124,Queens,Flushing,Manhattan,Upper East Side,2024-03-25,0.0,7.3,False
589,2024-03-18 17:02:00,2024-03-18 17:06:46,9,2,2.82,9.81,2.0,3,False,False,False,False,False,False,False,4.766666666666667,17,2024-03-18,35.49650349650349,3.4787234042553195,Brooklyn,DUMBO,Manhattan,Harlem,2024-03-18,1.5,8.4,True
590,2024-03-15 14:59:00,2024-03-15 15:12:27,12,15,1.66,6.74,1.0,2,False,False,False,False,False,False,False,13.45,14,2024-03-15,7.405204460966543,4.060240963855422,Queens,Flushing,Queens,Forest Hills,2024-03-15,2.5,10.9,True
591,2024-03-27 06:41:00,2024-03-27 07:07:53,2,5,1.42,7.53,1.0,1,False,False,False,False,False,False,False,26.883333333333333,6,2024-03-27,3.169249845009299,5.302816901408451,Manhattan,Harlem,Manhattan,Upper East Side,2024-03-27,2.1,4.2,True
592,2024-03-13 14:54:00,2024-03-13 15:08:40,11,17,2.97,11.97,1.0,2,False,False,False,False,False,False,False,14.666666666666666,14,2024-03-13,12.15,4.03030303030303,Queens,Astoria,Bronx,Riverdale,2024-03-13,0.7,7.3,False
593,2024-03-25 04:00:00,2024-03-25 04:15:07,12,18,3.42,12.67,1.0,1,False,False,False,False,False,False,False,15.116666666666667,4,2024-03-25,13.57442116868798,3.7046783625730995,Queens,Flushing,Bronx,Mott Haven,2024-03-25,0.0,7.3,False
594,2024-03-27 05:15:00,2024-03-27 05:27:44,19,8,4.15,13.55,1.0,1,False,False,False,False,False,False,False,12.733333333333333,5,2024-03-27,19.55497382198953,3.265060240963855,Staten Island,St. George,Brooklyn,Bushwick,2024-03-27,2.1,4.2,True
595,2024-03-16 15:54:00,2024-03-16 16:00:59,19,1,2.2,9.42,1.0,1,False,False,False,False,False,False,False,6.983333333333333,15,2024-03-16,18.90214797136038,4.281818181818181,Staten Island,St. George,Manhattan,Midtown,2024-03-16,0.5,14.7,False
596,2024-03-04 09:26:00,2024-03-04 09:41:06,5,15,1.78,7.03,1.0,2,False,False,False,False,False,False,False,15.1,9,2024-03-04,7.072847682119206,3.949438202247191,Manhattan,Upper East Side,Queens,Forest Hills,2024-03-04,3.4,18.0,True
597,2024-03-08 13:52:00,2024-03-08 13:57:43,1,16,2.91,12.06,2.0,1,False,False,False,False,False,False,False,5.716666666666667,13,2024-03-08,30.542274052478135,4.144329896907217,Manhattan,Midtown,Bronx,Fordham,2024-03-08,2.8,5.6,True
598,2024-03-31 03:49:00,2024-03-31 04:01:13,14,6,4.67,14.28,1.0,1,False,False,False,False,False,False,False,12.216666666666667,3,2024-03-31,22.93587994542974,3.057815845824411,Queens,Jamaica,Brooklyn,Williamsburg,2024-03-31,0.3,10.0,False
599,2024-03-07 20:27:00,2024-03-07 21:06:18,9,10,1.01,5.31,1.0,2,False,False,False,False,False,False,False,39.3,20,2024-03-07,1.5419847328244276,5.257425742574257,Brooklyn,DUMBO,Brooklyn,Bed-Stuy,2024-03-07,0.0,3.3,False
600,2024-03-19 03:20:00,2024-03-19 03:36:29,10,6,4.44,14.64,1.0,1,False,False,False,False,False,False,False,16.483333333333334,3,2024-03-19,16.161779575328612,3.297297297297297,Brooklyn,Bed-Stuy,Brooklyn,Williamsburg,2024-03-19,1.1,11.7,True
601,2024-03-25 12:32:00,2024-03-25 12:45:14,1,18,1.55,6.85,1.0,1,False,False,False,False,False,False,False,13.233333333333333,12,2024-03-25,7.027707808564233,4.419354838709677,Manhattan,Midtown,Bronx,Mott Haven,2024-03-25,0.0,7.3,False
602,2024-03-09 00:40:00,2024-03-09 00:47:34,10,9,4.98,15.15,1.0,1,False,False,False,False,False,False,False,7.566666666666666,0,2024-03-09,39.48898678414097,3.042168674698795,Brooklyn,Bed-Stuy,Brooklyn,DUMBO,2024-03-09,4.2,4.7,True
603,2024-03-10 09:03:00,2024-03-10 09:35:20,14,16,1.18,6.09,4.0,1,False,False,False,False,False,False,False,32.333333333333336,9,2024-03-10,2.189690721649484,5.161016949152542,Queens,Jamaica,Bronx,Fordham,2024-03-10,0.0,3.9,False
604,2024-03-11 21:22:00,2024-03-11 21:48:09,6,12,3.25,10.52,2.0,1,False,False,False,False,False,False,False,26.15,21,2024-03-11,7.45697896749522,3.236923076923077,Brooklyn,Williamsburg,Queens,Flushing,2024-03-11,1.8,11.3,True
605,2024-03-31 21:00:00,2024-03-31 21:33:54,14,5,5.65,20.04,1.0,1,False,False,False,False,False,False,False,33.9,21,2024-03-31,10.000000000000002,3.546902654867256,Queens,Jamaica,Manhattan,Upper East Side,2024-03-31,0.3,10.0,False
606,2024-03-15 09:46:00,2024-03-15 10:04:24,19,11,0.79,4.96,1.0,1,False,False,False,False,False,False,False,18.4,9,2024-03-15,2.5760869565217392,6.2784810126582276,Staten Island,St. George,Queens,Astoria,2024-03-15,2.5,10.9,True
607,2024-03-21 17:05:00,2024-03-21 17:21:27,6,20,1.68,8.21,2.0,1,False,False,False,False,False,False,False,16.45,17,2024-03-21,6.127659574468085,4.886904761904763,Brooklyn,Williamsburg,Staten Island,Tottenville,2024-03-21,0.0,8.6,False
608,2024-03-03 09:37:00,2024-03-03 09:45:04,19,12,4.28,14.72,2.0,1,False,False,False,False,False,False,False,8.066666666666666,9,2024-03-03,31.834710743801654,3.439252336448598,Staten Island,St. George,Queens,Flushing,2024-03-03,1.4,7.4,True
609,2024-03-15 19:04:00,2024-03-15 19:19:15,3,20,3.99,12.79,2.0,1,False,False,False,False,False,False,False,15.25,19,2024-03-15,15.698360655737707,3.2055137844611523,Manhattan,Chelsea,Staten Island,Tottenville,2024-03-15,2.5,10.9,True
610,2024-03-03 11:03:00,2024-03-03 11:26:31,13,13,3.59,13.81,1.0,1,False,False,False,False,False,False,False,23.516666666666666,11,2024-03-03,9.15946137491141,3.8467966573816157,Queens,Long Island City,Queens,Long Island City,2024-03-03,1.4,7.4,True
611,2024-03-16 08:24:00,2024-03-16 08:46:52,18,15,1.97,7.54,1.0,1,False,False,False,False,False,False,False,22.866666666666667,8,2024-03-16,5.169096209912536,3.8274111675126905,Bronx,Mott Haven,Queens,Forest Hills,2024-03-16,0.5,14.7,False
612,2024-03-28 23:00:00,2024-03-28 23:26:01,16,3,1.13,6.46,1.0,1,False,False,False,False,False,False,False,26.016666666666666,23,2024-03-28,2.606021780909673,5.716814159292036,Bronx,Fordham,Manhattan,Chelsea,2024-03-28,1.2,7.8,True
613,2024-03-16 07:24:00,2024-03-16 07:34:46,17,14,3.25,13.2,1.0,1,False,False,False,False,False,False,False,10.766666666666667,7,2024-03-16,18.11145510835913,4.061538461538461,Bronx,Riverdale,Queens,Jamaica,2024-03-16,0.5,14.7,False
614,2024-03-06 11:00:00,2024-03-06 11:07:21,6,3,2.03,8.45,1.0,1,False,False,False,False,False,False,False,7.35,11,2024-03-06,16.57142857142857,4.16256157635468,Brooklyn,Williamsburg,Manhattan,Chelsea,2024-03-06,0.0,9.2,False
615,2024-03-19 20:49:00,2024-03-19 21:22:03,17,16,2.15,8.4,1.0,1,False,False,False,False,False,False,False,33.05,20,2024-03-19,3.9031770045385783,3.906976744186047,Bronx,Riverdale,Bronx,Fordham,2024-03-19,1.1,11.7,True
616,2024-03-17 20:50:00,2024-03-17 21:00:49,17,9,0.28,3.88,1.0,1,False,False,False,False,False,False,False,10.816666666666666,20,2024-03-17,1.5531587057010787,13.857142857142856,Bronx,Riverdale,Brooklyn,DUMBO,2024-03-17,1.8,12.0,True
617,2024-03-27 12:10:00,2024-03-27 12:35:19,1,1,4.28,14.21,2.0,2,False,False,False,False,False,False,False,25.316666666666666,12,2024-03-27,10.143515470704411,3.3200934579439254,Manhattan,Midtown,Manhattan,Midtown,2024-03-27,2.1,4.2,True
618,2024-03-25 17:48:00,2024-03-25 17:54:34,10,17,3.35,12.8,1.0,1,False,False,False,False,False,False,False,6.566666666666666,17,2024-03-25,30.609137055837564,3.8208955223880596,Brooklyn,Bed-Stuy,Bronx,Riverdale,2024-03-25,0.0,7.3,False
619,2024-03-31 20:51:00,2024-03-31 21:03:18,9,3,2.54,9.97,1.0,3,False,False,False,False,False,False,False,12.3,20,2024-03-31,12.390243902439023,3.925196850393701,Brooklyn,DUMBO,Manhattan,Chelsea,2024-03-31,0.3,10.0,False
620,2024-03-07 07:47:00,2024-03-07 08:04:58,17,16,0.67,4.74,2.0,1,False,False,False,False,False,False,False,17.966666666666665,7,2024-03-07,2.237476808905381,7.074626865671641,Bronx,Riverdale,Bronx,Fordham,2024-03-07,0.0,3.3,False
621,2024-03-09 22:46:00,2024-03-09 23:02:36,12,2,8.14,28.08,1.0,1,False,False,False,False,False,False,False,16.6,22,2024-03-09,29.42168674698795,3.449631449631449,Queens,Flushing,Manhattan,Harlem,2024-03-09,4.2,4.7,True
622,2024-03-21 04:19:00,2024-03-21 04:47:27,18,14,11.08,28.68,2.0,1,False,False,False,False,False,False,False,28.45,4,2024-03-21,23.36731107205624,2.588447653429603,Bronx,Mott Haven,Queens,Jamaica,2024-03-21,0.0,8.6,False
623,2024-03-07 07:36:00,2024-03-07 07:52:19,7,10,4.15,12.4,1.0,2,False,False,False,False,False,False,False,16.316666666666666,7,2024-03-07,15.260469867211443,2.9879518072289155,Brooklyn,Park Slope,Brooklyn,Bed-Stuy,2024-03-07,0.0,3.3,False
624,2024-03-27 10:58:00,2024-03-27 11:12:03,14,8,9.78,31.66,2.0,1,False,False,False,False,False,False,False,14.05,10,2024-03-27,41.765124555160135,3.2372188139059306,Queens,Jamaica,Brooklyn,Bushwick,2024-03-27,2.1,4.2,True
625,2024-03-16 05:22:00,2024-03-16 05:38:46,3,12,1.73,-5.0,1.0,1,False,False,True,False,True,False,False,16.766666666666666,5,2024-03-16,6.190854870775348,-2.8901734104046244,Manhattan,Chelsea,Queens,Flushing,2024-03-16,0.5,14.7,False
626,2024-03-25 01:05:00,2024-03-25 01:32:31,17,14,0.48,4.53,1.0,1,False,False,False,False,False,False,False,27.516666666666666,1,2024-03-25,1.0466384009691097,9.4375,Bronx,Riverdale,Queens,Jamaica,2024-03-25,0.0,7.3,False
627,2024-03-27 13:11:00,2024-03-27 13:40:45,1,18,6.63,22.17,1.0,2,False,False,False,False,False,False,False,29.75,13,2024-03-27,13.37142857142857,3.3438914027149322,Manhattan,Midtown,Bronx,Mott Haven,2024-03-27,2.1,4.2,True
628,2024-03-04 18:32:00,2024-03-04 18:48:27,20,10,3.83,13.42,1.0,1,False,False,False,False,False,False,False,16.45,18,2024-03-04,13.969604863221885,3.503916449086162,Staten Island,Tottenville,Brooklyn,Bed-Stuy,2024-03-04,3.4,18.0,True
629,2024-03-26 09:21:00,2024-03-26 09:51:32,4,5,1.52,7.4,1.0,1,False,False,False,False,False,False,False,30.533333333333335,9,2024-03-26,2.986899563318777,4.868421052631579,Manhattan,SoHo,Manhattan,Upper East Side,2024-03-26,1.0,4.1,False
630,2024-03-04 01:01:00,2024-03-04 02:14:04,7,7,4.77,15.21,1.0,1,False,False,False,False,False,False,False,73.06666666666666,1,2024-03-04,3.916970802919708,3.1886792452830193,Brooklyn,Park Slope,Brooklyn,Park Slope,2024-03-04,3.4,18.0,True
631,2024-03-07 17:17:00,2024-03-07 17:29:47,15,10,1.62,6.57,1.0,3,False,False,False,False,False,False,False,12.783333333333333,17,2024-03-07,7.603650586701435,4.055555555555555,Queens,Forest Hills,Brooklyn,Bed-Stuy,2024-03-07,0.0,3.3,False
632,2024-03-30 13:38:00,2024-03-30 14:14:48,10,19,6.33,22.74,1.0,2,False,False,False,False,False,False,False,36.8,13,2024-03-30,10.320652173913045,3.592417061611374,Brooklyn,Bed-Stuy,Staten Island,St. George,2024-03-30,1.9,18.9,True
633,2024-03-30 05:38:00,2024-03-30 05:43:16,15,16,3.49,10.98,1.0,1,False,False,False,False,False,False,False,5.266666666666667,5,2024-03-30,39.75949367088608,3.146131805157593,Queens,Forest Hills,Bronx,Fordham,2024-03-30,1.9,18.9,True
634,2024-03-15 23:37:00,2024-03-16 00:08:41,10,19,0.22,3.66,1.0,2,False,False,False,False,False,False,False,31.683333333333334,23,2024-03-15,0.4166228300894266,16.636363636363637,Brooklyn,Bed-Stuy,Staten Island,St. George,2024-03-15,2.5,10.9,True
635,2024-03-27 21:56:00,2024-03-27 22:15:59,9,15,2.67,10.57,1.0,1,False,False,False,False,False,False,False,19.983333333333334,21,2024-03-27,8.016680567139282,3.958801498127341,Brooklyn,DUMBO,Queens,Forest Hills,2024-03-27,2.1,4.2,True
636,2024-03-12 12:48:00,2024-03-12 13:10:45,1,11,6.37,20.45,2.0,1,False,False,False,False,False,False,False,22.75,12,2024-03-12,16.8,3.2103610675039245,Manhattan,Midtown,Queens,Astoria,2024-03-12,0.7,10.8,False
637,2024-03-02 06:23:00,2024-03-02 06:35:50,7,15,5.51,15.91,1.0,1,False,False,False,False,False,False,False,12.833333333333334,6,2024-03-02,25.76103896103896,2.8874773139745917,Brooklyn,Park Slope,Queens,Forest Hills,2024-03-02,0.7,3.3,False
638,2024-03-31 23:47:00,2024-03-31 23:52:38,16,8,5.43,16.96,1.0,1,False,False,False,False,False,False,False,5.633333333333334,23,2024-03-31,57.83431952662721,3.1233885819521183,Bronx,Fordham,Brooklyn,Bushwick,2024-03-31,0.3,10.0,False
639,2024-03-25 15:30:00,2024-03-25 15:39:26,12,17,6.39,19.4,1.0,2,False,False,False,False,False,False,False,9.433333333333334,15,2024-03-25,40.64310954063604,3.035993740219092,Queens,Flushing,Bronx,Riverdale,2024-03-25,0.0,7.3,False
640,2024-03-27 22:05:00,2024-03-27 22:09:56,5,10,4.95,17.47,1.0,1,False,False,False,False,False,False,False,4.933333333333334,22,2024-03-27,60.2027027027027,3.529292929292929,Manhattan,Upper East Side,Brooklyn,Bed-Stuy,2024-03-27,2.1,4.2,True
641,2024-03-15 07:14:00,2024-03-15 08:38:22,3,11,4.18,13.01,4.0,1,False,False,False,False,False,False,False,84.36666666666666,7,2024-03-15,2.9727380482022916,3.11244019138756,Manhattan,Chelsea,Queens,Astoria,2024-03-15,2.5,10.9,True
642,2024-03-18 16:56:00,2024-03-18 16:59:38,4,12,1.45,6.37,1.0,1,False,False,False,False,False,False,False,3.6333333333333333,16,2024-03-18,23.944954128440365,4.393103448275863,Manhattan,SoHo,Queens,Flushing,2024-03-18,1.5,8.4,True
643,2024-03-14 09:16:00,2024-03-14 09:48:13,1,7,6.84,23.98,1.0,1,False,False,False,False,False,False,False,32.21666666666667,9,2024-03-14,12.738748060010346,3.5058479532163744,Manhattan,Midtown,Brooklyn,Park Slope,2024-03-14,1.5,5.8,True
644,2024-03-22 18:39:00,2024-03-22 18:59:21,13,4,1.72,8.42,3.0,2,False,False,False,False,False,False,False,20.35,18,2024-03-22,5.0712530712530715,4.895348837209302,Queens,Long Island City,Manhattan,SoHo,2024-03-22,0.0,8.6,False
645,2024-03-05 08:33:00,2024-03-05 08:34:00,20,10,0.49,4.15,1.0,1,False,False,False,False,False,False,False,1.0,8,2024-03-05,29.4,8.469387755102042,Staten Island,Tottenville,Brooklyn,Bed-Stuy,2024-03-05,2.7,10.6,True
646,2024-03-13 14:00:00,2024-03-13 14:20:33,5,16,0.84,5.45,1.0,1,False,False,False,False,False,False,False,20.55,14,2024-03-13,2.452554744525547,6.488095238095238,Manhattan,Upper East Side,Bronx,Fordham,2024-03-13,0.7,7.3,False
647,2024-03-30 10:12:00,2024-03-30 10:34:05,13,7,1.19,6.48,1.0,1,False,False,False,False,False,False,False,22.083333333333332,10,2024-03-30,3.2332075471698114,5.445378151260504,Queens,Long Island City,Brooklyn,Park Slope,2024-03-30,1.9,18.9,True
648,2024-03-07 02:29:00,2024-03-07 02:42:06,16,8,1.32,7.2,1.0,1,False,False,False,False,False,False,False,13.1,2,2024-03-07,6.0458015267175576,5.454545454545454,Bronx,Fordham,Brooklyn,Bushwick,2024-03-07,0.0,3.3,False
649,2024-03-04 19:21:00,2024-03-04 20:06:27,8,6,0.25,3.79,1.0,1,False,False,False,False,False,False,False,45.45,19,2024-03-04,0.33003300330033003,15.16,Brooklyn,Bushwick,Brooklyn,Williamsburg,2024-03-04,3.4,18.0,True
650,2024-03-25 18:36:00,2024-03-25 19:04:47,7,18,1.94,8.09,1.0,2,False,False,False,False,False,False,False,28.783333333333335,18,2024-03-25,4.0440069484655465,4.170103092783505,Brooklyn,Park Slope,Bronx,Mott Haven,2024-03-25,0.0,7.3,False
651,2024-03-26 23:01:00,2024-03-26 23:15:45,18,16,3.31,11.72,1.0,2,False,False,False,False,False,False,False,14.75,23,2024-03-26,13.464406779661019,3.5407854984894263,Bronx,Mott Haven,Bronx,Fordham,2024-03-26,1.0,4.1,False
652,2024-03-22 09:35:00,2024-03-22 09:39:11,6,20,2.61,10.01,1.0,1,False,False,False,False,False,False,False,4.183333333333334,9,2024-03-22,37.43426294820717,3.835249042145594,Brooklyn,Williamsburg,Staten Island,Tottenville,2024-03-22,0.0,8.6,False
653,2024-03-03 08:25:00,2024-03-03 08:41:00,7,5,1.01,5.96,1.0,1,False,False,False,False,False,False,False,16.0,8,2024-03-03,3.7875,5.900990099009901,Brooklyn,Park Slope,Manhattan,Upper East Side,2024-03-03,1.4,7.4,True
654,2024-03-11 21:30:00,2024-03-11 21:35:27,14,7,9.12,23.52,1.0,1,False,False,False,False,False,False,False,5.45,21,2024-03-11,100.40366972477064,2.5789473684210527,Queens,Jamaica,Brooklyn,Park Slope,2024-03-11,1.8,11.3,True
655,2024-03-08 14:20:00,2024-03-08 14:29:54,10,3,2.46,10.1,3.0,2,False,False,False,False,False,False,False,9.9,14,2024-03-08,14.909090909090908,4.105691056910569,Brooklyn,Bed-Stuy,Manhattan,Chelsea,2024-03-08,2.8,5.6,True
656,2024-03-03 18:25:00,2024-03-03 18:35:51,11,6,5.21,18.26,1.0,2,False,False,False,False,False,False,False,10.85,18,2024-03-03,28.811059907834103,3.5047984644913632,Queens,Astoria,Brooklyn,Williamsburg,2024-03-03,1.4,7.4,True
657,2024-03-15 13:28:00,2024-03-15 13:48:08,19,3,3.11,11.47,1.0,1,False,False,False,False,False,False,False,20.133333333333333,13,2024-03-15,9.2682119205298,3.6881028938906755,Staten Island,St. George,Manhattan,Chelsea,2024-03-15,2.5,10.9,True
658,2024-03-05 14:42:00,2024-03-05 15:02:07,17,17,2.51,9.75,2.0,1,False,False,False,False,False,False,False,20.116666666666667,14,2024-03-05,7.4863297431648705,3.884462151394423,Bronx,Riverdale,Bronx,Riverdale,2024-03-05,2.7,10.6,True
659,2024-03-20 07:05:00,2024-03-20 07:11:06,7,10,4.65,17.37,1.0,2,False,False,False,False,False,False,False,6.1,7,2024-03-20,45.7377049180328,3.735483870967742,Brooklyn,Park Slope,Brooklyn,Bed-Stuy,2024-03-20,1.4,11.9,True
660,2024-03-11 00:29:00,2024-03-11 00:46:19,13,19,2.76,10.88,1.0,1,False,False,False,False,False,False,False,17.316666666666666,0,2024-03-11,9.563041385948027,3.942028985507247,Queens,Long Island City,Staten Island,St. George,2024-03-11,1.8,11.3,True
661,2024-03-26 20:07:00,2024-03-26 20:28:53,2,7,3.65,11.87,2.0,3,False,False,False,False,False,False,False,21.883333333333333,20,2024-03-26,10.007616146230008,3.252054794520548,Manhattan,Harlem,Brooklyn,Park Slope,2024-03-26,1.0,4.1,False
662,2024-03-22 09:14:00,2024-03-22 09:39:24,12,19,6.68,22.21,3.0,1,False,False,False,False,False,False,False,25.4,9,2024-03-22,15.779527559055119,3.3248502994011977,Queens,Flushing,Staten Island,St. George,2024-03-22,0.0,8.6,False
663,2024-03-06 00:44:00,2024-03-06 00:54:49,19,6,3.93,12.52,3.0,1,False,False,False,False,False,False,False,10.816666666666666,0,2024-03-06,21.79969183359014,3.1857506361323153,Staten Island,St. George,Brooklyn,Williamsburg,2024-03-06,0.0,9.2,False
664,2024-03-11 13:30:00,2024-03-11 14:30:01,7,9,1.27,7.01,1.0,1,False,False,False,False,False,False,False,60.016666666666666,13,2024-03-11,1.2696473201888363,5.519685039370079,Brooklyn,Park Slope,Brooklyn,DUMBO,2024-03-11,1.8,11.3,True
665,2024-03-27 09:34:00,2024-03-27 09:39:13,1,20,4.57,14.5,1.0,1,False,False,False,False,False,False,False,5.216666666666667,9,2024-03-27,52.56230031948882,3.172866520787746,Manhattan,Midtown,Staten Island,Tottenville,2024-03-27,2.1,4.2,True
666,2024-03-06 16:08:00,2024-03-06 16:14:54,2,5,6.75,24.28,1.0,1,False,False,False,False,False,False,False,6.9,16,2024-03-06,58.69565217391304,3.5970370370370373,Manhattan,Harlem,Manhattan,Upper East Side,2024-03-06,0.0,9.2,False
667,2024-03-18 18:45:00,2024-03-18 19:07:20,14,4,8.39,26.17,1.0,1,False,False,False,False,False,False,False,22.333333333333332,18,2024-03-18,22.54029850746269,3.1191895113230035,Queens,Jamaica,Manhattan,SoHo,2024-03-18,1.5,8.4,True
668,2024-03-24 11:57:00,2024-03-24 12:18:00,1,2,3.16,11.76,2.0,2,False,False,False,False,False,False,False,21.0,11,2024-03-24,9.02857142857143,3.721518987341772,Manhattan,Midtown,Manhattan,Harlem,2024-03-24,1.1,11.3,True
669,2024-03-14 15:37:00,2024-03-14 15:43:39,14,3,8.08,22.32,2.0,1,False,False,False,False,False,False,False,6.65,15,2024-03-14,72.90225563909775,2.762376237623762,Queens,Jamaica,Manhattan,Chelsea,2024-03-14,1.5,5.8,True
670,2024-03-19 04:45:00,2024-03-19 05:11:07,20,11,2.25,9.99,1.0,1,False,False,False,False,False,False,False,26.116666666666667,4,2024-03-19,5.169112954690491,4.44,Staten Island,Tottenville,Queens,Astoria,2024-03-19,1.1,11.7,True
671,2024-03-15 17:37:00,2024-03-15 18:02:05,6,1,2.79,11.28,1.0,1,False,False,False,False,False,False,False,25.083333333333332,17,2024-03-15,6.673754152823921,4.043010752688172,Brooklyn,Williamsburg,Manhattan,Midtown,2024-03-15,2.5,10.9,True
672,2024-03-27 07:49:00,2024-03-27 08:18:12,6,3,8.11,23.33,1.0,1,False,False,False,False,False,False,False,29.2,7,2024-03-27,16.664383561643834,2.876695437731196,Brooklyn,Williamsburg,Manhattan,Chelsea,2024-03-27,2.1,4.2,True
673,2024-03-04 18:35:00,2024-03-04 18:47:43,13,18,1.65,7.98,1.0,2,False,False,False,False,False,False,False,12.716666666666667,18,2024-03-04,7.785058977719528,4.836363636363637,Queens,Long Island City,Bronx,Mott Haven,2024-03-04,3.4,18.0,True
674,2024-03-05 00:23:00,2024-03-05 01:21:47,11,6,1.22,6.52,1.0,2,False,False,False,False,False,False,False,58.78333333333333,0,2024-03-05,1.2452509214629999,5.344262295081967,Queens,Astoria,Brooklyn,Williamsburg,2024-03-05,2.7,10.6,True
675,2024-03-04 16:42:00,2024-03-04 17:09:40,18,18,2.28,9.98,1.0,1,False,False,False,False,False,False,False,27.666666666666668,16,2024-03-04,4.944578313253011,4.377192982456141,Bronx,Mott Haven,Bronx,Mott Haven,2024-03-04,3.4,18.0,True
676,2024-03-07 02:31:00,2024-03-07 03:20:18,1,2,0.56,4.28,,1,False,False,False,True,True,False,False,49.3,2,2024-03-07,0.6815415821501015,7.642857142857142,Manhattan,Midtown,Manhattan,Harlem,2024-03-07,0.0,3.3,False
677,2024-03-25 12:02:00,2024-03-25 12:36:46,18,1,1.36,6.44,2.0,1,False,False,False,False,False,False,False,34.766666666666666,12,2024-03-25,2.3470757430488978,4.735294117647059,Bronx,Mott Haven,Manhattan,Midtown,2024-03-25,0.0,7.3,False
678,2024-03-01 14:24:00,2024-03-01 14:51:37,13,2,3.44,12.53,1.0,1,False,False,False,False,False,False,False,27.616666666666667,14,2024-03-01,7.473747736873868,3.6424418604651163,Queens,Long Island City,Manhattan,Harlem,2024-03-01,0.0,4.2,False
679,2024-03-30 16:13:00,2024-03-30 16:32:28,10,11,3.9,13.65,1.0,1,False,False,False,False,False,False,False,19.466666666666665,16,2024-03-30,12.02054794520548,3.5,Brooklyn,Bed-Stuy,Queens,Astoria,2024-03-30,1.9,18.9,True
680,2024-03-03 06:18:00,2024-03-03 06:29:07,1,10,6.39,20.15,2.0,1,False,False,False,False,False,False,False,11.116666666666667,6,2024-03-03,34.488755622188904,3.1533646322378717,Manhattan,Midtown,Brooklyn,Bed-Stuy,2024-03-03,1.4,7.4,True
681,2024-03-01 11:09:00,2024-03-01 11:19:04,8,13,0.69,4.71,1.0,1,False,False,False,False,False,False,False,10.066666666666666,11,2024-03-01,4.112582781456953,6.826086956521739,Brooklyn,Bushwick,Queens,Long Island City,2024-03-01,0.0,4.2,False
682,2024-03-23 19:52:00,2024-03-23 19:55:40,15,7,2.07,7.86,2.0,1,False,False,False,False,False,False,False,3.6666666666666665,19,2024-03-23,33.87272727272727,3.7971014492753628,Queens,Forest Hills,Brooklyn,Park Slope,2024-03-23,1.2,5.9,True
683,2024-03-24 07:11:00,2024-03-24 07:23:03,1,2,6.11,18.51,1.0,2,False,False,False,False,False,False,False,12.05,7,2024-03-24,30.423236514522824,3.0294599018003274,Manhattan,Midtown,Manhattan,Harlem,2024-03-24,1.1,11.3,True
684,2024-03-23 09:55:00,2024-03-23 10:00:16,2,16,2.14,8.08,2.0,1,False,False,False,False,False,False,False,5.266666666666667,9,2024-03-23,24.37974683544304,3.7757009345794392,Manhattan,Harlem,Bronx,Fordham,2024-03-23,1.2,5.9,True
685,2024-03-24 18:58:00,2024-03-24 19:20:43,15,15,5.98,21.44,1.0,3,False,False,False,False,False,False,False,22.716666666666665,18,2024-03-24,15.794570799706532,3.5852842809364547,Queens,Forest Hills,Queens,Forest Hills,2024-03-24,1.1,11.3,True
686,2024-03-05 03:16:00,2024-03-05 03:37:13,9,6,0.44,3.97,1.0,1,False,False,False,False,False,False,False,21.216666666666665,3,2024-03-05,1.244304791830322,9.022727272727273,Brooklyn,DUMBO,Brooklyn,Williamsburg,2024-03-05,2.7,10.6,True
687,2024-03-03 06:22:00,2024-03-03 06:30:03,14,4,0.0,8.77,4.0,1,False,True,False,False,True,False,False,8.05,6,2024-03-03,0.0,,Queens,Jamaica,Manhattan,SoHo,2024-03-03,1.4,7.4,True
688,2024-03-07 18:15:00,2024-03-07 18:22:54,8,6,2.04,7.83,1.0,2,False,False,False,False,False,False,False,7.9,18,2024-03-07,15.493670886075948,3.838235294117647,Brooklyn,Bushwick,Brooklyn,Williamsburg,2024-03-07,0.0,3.3,False
689,2024-03-04 22:20:00,2024-03-04 22:46:20,20,10,0.47,4.3,1.0,2,False,False,False,False,False,False,False,26.333333333333332,22,2024-03-04,1.070886075949367,9.148936170212766,Staten Island,Tottenville,Brooklyn,Bed-Stuy,2024-03-04,3.4,18.0,True
690,2024-03-21 06:57:00,2024-03-21 07:17:15,1,5,3.47,11.69,1.0,1,False,False,False,False,False,False,False,20.25,6,2024-03-21,10.281481481481482,3.3688760806916425,Manhattan,Midtown,Manhattan,Upper East Side,2024-03-21,0.0,8.6,False
691,2024-03-24 03:07:00,2024-03-24 03:21:28,10,3,2.91,9.57,1.0,1,False,False,False,False,False,False,False,14.466666666666667,3,2024-03-24,12.069124423963133,3.288659793814433,Brooklyn,Bed-Stuy,Manhattan,Chelsea,2024-03-24,1.1,11.3,True
692,2024-03-26 02:39:00,2024-03-26 03:02:46,17,11,4.7,14.82,2.0,2,False,False,False,False,False,False,False,23.766666666666666,2,2024-03-26,11.865357643758767,3.153191489361702,Bronx,Riverdale,Queens,Astoria,2024-03-26,1.0,4.1,False
693,2024-03-13 01:12:00,2024-03-13 01:20:24,12,10,2.69,10.54,2.0,2,False,False,False,False,False,False,False,8.4,1,2024-03-13,19.21428571428571,3.9182156133828996,Queens,Flushing,Brooklyn,Bed-Stuy,2024-03-13,0.7,7.3,False
694,2024-03-14 16:53:00,2024-03-14 17:16:14,16,18,1.67,7.81,1.0,1,False,False,False,False,False,False,False,23.233333333333334,16,2024-03-14,4.312769010043041,4.676646706586826,Bronx,Fordham,Bronx,Mott Haven,2024-03-14,1.5,5.8,True
695,2024-03-16 16:20:00,2024-03-16 16:41:03,11,20,2.3,8.3,1.0,1,False,False,False,False,False,False,False,21.05,16,2024-03-16,6.555819477434679,3.6086956521739135,Queens,Astoria,Staten Island,Tottenville,2024-03-16,0.5,14.7,False
696,2024-03-12 05:44:00,2024-03-12 06:13:14,6,14,4.87,17.81,1.0,2,False,False,False,False,False,False,False,29.233333333333334,5,2024-03-12,9.995438996579248,3.657084188911704,Brooklyn,Williamsburg,Queens,Jamaica,2024-03-12,0.7,10.8,False
697,2024-03-10 16:14:00,2024-03-10 16:45:36,19,10,0.63,4.79,1.0,1,False,False,False,False,False,False,False,31.6,16,2024-03-10,1.1962025316455696,7.603174603174603,Staten Island,St. George,Brooklyn,Bed-Stuy,2024-03-10,0.0,3.9,False
698,2024-03-13 19:34:00,2024-03-13 19:40:14,2,8,5.79,17.26,1.0,1,False,False,False,False,False,False,False,6.233333333333333,19,2024-03-13,55.73262032085562,2.981001727115717,Manhattan,Harlem,Brooklyn,Bushwick,2024-03-13,0.7,7.3,False
699,2024-03-10 09:41:00,2024-03-10 10:03:54,3,10,1.5,6.61,1.0,1,False,False,False,False,False,False,False,22.9,9,2024-03-10,3.9301310043668125,4.406666666666667,Manhattan,Chelsea,Brooklyn,Bed-Stuy,2024-03-10,0.0,3.9,False
700,2024-03-02 14:37:00,2024-03-02 14:46:18,18,20,0.9,5.39,3.0,1,False,False,False,False,False,False,False,9.3,14,2024-03-02,5.806451612903226,5.988888888888888,Bronx,Mott Haven,Staten Island,Tottenville,2024-03-02,0.7,3.3,False
701,2024-03-25 11:13:00,2024-03-25 11:19:06,19,8,2.58,10.04,1.0,1,False,False,False,False,False,False,False,6.1,11,2024-03-25,25.377049180327873,3.8914728682170536,Staten Island,St. George,Brooklyn,Bushwick,2024-03-25,0.0,7.3,False
702,2024-03-01 00:02:00,2024-03-01 00:26:29,11,20,1.59,7.16,4.0,1,False,False,False,False,False,False,False,24.483333333333334,0,2024-03-01,3.8965282505105514,4.50314465408805,Queens,Astoria,Staten Island,Tottenville,2024-03-01,0.0,4.2,False
703,2024-03-20 06:37:00,2024-03-20 06:47:40,16,20,0.95,5.48,3.0,1,False,False,False,False,False,False,False,10.666666666666666,6,2024-03-20,5.34375,5.76842105263158,Bronx,Fordham,Staten Island,Tottenville,2024-03-20,1.4,11.9,True
704,2024-03-17 02:18:00,2024-03-17 02:31:51,13,7,1.79,8.08,1.0,1,False,False,False,False,False,False,False,13.85,2,2024-03-17,7.754512635379061,4.5139664804469275,Queens,Long Island City,Brooklyn,Park Slope,2024-03-17,1.8,12.0,True
705,2024-03-03 07:46:00,2024-03-03 08:00:06,13,9,1.54,6.99,2.0,2,False,False,False,False,False,False,False,14.1,7,2024-03-03,6.553191489361702,4.538961038961039,Queens,Long Island City,Brooklyn,DUMBO,2024-03-03,1.4,7.4,True
706,2024-03-12 23:56:00,2024-03-13 00:19:52,17,11,2.0,9.34,2.0,1,False,False,False,False,False,False,False,23.866666666666667,23,2024-03-12,5.027932960893855,4.67,Bronx,Riverdale,Queens,Astoria,2024-03-12,0.7,10.8,False
707,2024-03-04 13:22:00,2024-03-04 13:51:52,17,19,2.5,9.23,1.0,1,False,False,False,False,False,False,False,29.866666666666667,13,2024-03-04,5.022321428571429,3.692,Bronx,Riverdale,Staten Island,St. George,2024-03-04,3.4,18.0,True
708,2024-03-13 15:25:00,2024-03-13 15:41:36,15,7,3.65,14.11,1.0,1,False,False,False,False,False,False,False,16.6,15,2024-03-13,13.192771084337348,3.8657534246575342,Queens,Forest Hills,Brooklyn,Park Slope,2024-03-13,0.7,7.3,False
709,2024-03-24 06:33:00,2024-03-24 06:41:50,20,19,2.98,10.85,2.0,1,False,False,False,False,False,False,False,8.833333333333334,6,2024-03-24,20.241509433962264,3.640939597315436,Staten Island,Tottenville,Staten Island,St. George,2024-03-24,1.1,11.3,True
710,2024-03-05 23:47:00,2024-03-05 23:53:54,8,16,6.44,22.82,1.0,1,False,False,False,False,False,False,False,6.9,23,2024-03-05,56.0,3.543478260869565,Brooklyn,Bushwick,Bronx,Fordham,2024-03-05,2.7,10.6,True
711,2024-03-15 05:00:00,2024-03-15 05:12:30,17,7,2.38,9.84,3.0,1,False,False,False,False,False,False,False,12.5,5,2024-03-15,11.424,4.1344537815126055,Bronx,Riverdale,Brooklyn,Park Slope,2024-03-15,2.5,10.9,True
712,2024-03-12 01:28:00,2024-03-12 01:48:44,5,12,1.89,7.88,1.0,1,False,False,False,False,False,False,False,20.733333333333334,1,2024-03-12,5.469453376205787,4.169312169312169,Manhattan,Upper East Side,Queens,Flushing,2024-03-12,0.7,10.8,False
713,2024-03-22 06:28:00,2024-03-22 06:53:34,9,13,1.59,7.29,2.0,1,False,False,False,False,False,False,False,25.566666666666666,6,2024-03-22,3.73142112125163,4.584905660377358,Brooklyn,DUMBO,Queens,Long Island City,2024-03-22,0.0,8.6,False
714,2024-03-16 12:02:00,2024-03-16 12:14:25,13,15,3.44,13.52,2.0,1,False,False,False,False,False,False,False,12.416666666666666,12,2024-03-16,16.622818791946308,3.9302325581395348,Queens,Long Island City,Queens,Forest Hills,2024-03-16,0.5,14.7,False
715,2024-03-24 21:33:00,2024-03-24 21:58:38,16,5,0.75,5.33,4.0,2,False,False,False,False,False,False,False,25.633333333333333,21,2024-03-24,1.7555266579973992,7.1066666666666665,Bronx,Fordham,Manhattan,Upper East Side,2024-03-24,1.1,11.3,True
716,2024-03-18 06:03:00,2024-03-18 06:20:00,8,5,3.17,12.5,1.0,1,False,False,False,False,False,False,False,17.0,6,2024-03-18,11.188235294117646,3.943217665615142,Brooklyn,Bushwick,Manhattan,Upper East Side,2024-03-18,1.5,8.4,True
717,2024-03-18 04:02:00,2024-03-18 04:11:46,16,15,1.04,5.54,2.0,1,False,False,False,False,False,False,False,9.766666666666667,4,2024-03-18,6.3890784982935145,5.326923076923077,Bronx,Fordham,Queens,Forest Hills,2024-03-18,1.5,8.4,True
718,2024-03-01 19:55:00,2024-03-01 20:09:41,10,3,1.35,6.5,1.0,1,False,False,False,False,False,False,False,14.683333333333334,19,2024-03-01,5.516458569807038,4.814814814814815,Brooklyn,Bed-Stuy,Manhattan,Chelsea,2024-03-01,0.0,4.2,False
719,2024-03-10 05:15:00,2024-03-10 06:09:56,2,19,2.32,9.05,1.0,1,False,False,False,False,False,False,False,54.93333333333333,5,2024-03-10,2.533980582524272,3.900862068965518,Manhattan,Harlem,Staten Island,St. George,2024-03-10,0.0,3.9,False
720,2024-03-08 12:39:00,2024-03-08 12:54:17,10,5,2.65,10.03,1.0,2,False,False,False,False,False,False,False,15.283333333333333,12,2024-03-08,10.40348964013086,3.7849056603773583,Brooklyn,Bed-Stuy,Manhattan,Upper East Side,2024-03-08,2.8,5.6,True
721,2024-03-17 12:01:00,2024-03-17 12:18:28,5,3,0.0,9.48,4.0,1,False,True,False,False,True,False,False,17.466666666666665,12,2024-03-17,0.0,,Manhattan,Upper East Side,Manhattan,Chelsea,2024-03-17,1.8,12.0,True
722,2024-03-26 05:02:00,2024-03-26 05:03:46,13,8,1.51,6.33,2.0,1,False,False,False,False,False,False,False,1.7666666666666666,5,2024-03-26,51.28301886792453,4.19205298013245,Queens,Long Island City,Brooklyn,Bushwick,2024-03-26,1.0,4.1,False
723,2024-03-22 06:15:00,2024-03-22 06:45:16,18,7,2.9,10.76,1.0,2,False,False,False,False,False,False,False,30.266666666666666,6,2024-03-22,5.748898678414096,3.7103448275862068,Bronx,Mott Haven,Brooklyn,Park Slope,2024-03-22,0.0,8.6,False
724,2024-03-10 15:35:00,2024-03-10 15:48:06,7,9,2.56,10.86,1.0,1,False,False,False,False,False,False,False,13.1,15,2024-03-10,11.725190839694656,4.2421875,Brooklyn,Park Slope,Brooklyn,DUMBO,2024-03-10,0.0,3.9,False
725,2024-03-19 13:54:00,2024-03-19 13:58:39,6,13,12.13,37.24,1.0,1,False,False,False,False,False,False,False,4.65,13,2024-03-19,156.51612903225808,3.070074196207749,Brooklyn,Williamsburg,Queens,Long Island City,2024-03-19,1.1,11.7,True
726,2024-03-15 23:46:00,2024-03-15 23:52:04,5,20,4.64,15.36,1.0,2,False,False,False,False,False,False,False,6.066666666666666,23,2024-03-15,45.89010989010989,3.310344827586207,Manhattan,Upper East Side,Staten Island,Tottenville,2024-03-15,2.5,10.9,True
727,2024-03-27 10:57:00,2024-03-27 11:06:23,13,11,5.55,19.98,1.0,2,False,False,False,False,False,False,False,9.383333333333333,10,2024-03-27,35.48845470692718,3.6,Queens,Long Island City,Queens,Astoria,2024-03-27,2.1,4.2,True
728,2024-03-18 14:42:00,2024-03-18 15:12:06,4,10,1.38,6.94,1.0,1,False,False,False,False,False,False,False,30.1,14,2024-03-18,2.7508305647840525,5.028985507246378,Manhattan,SoHo,Brooklyn,Bed-Stuy,2024-03-18,1.5,8.4,True
729,2024-03-07 19:15:00,2024-03-07 19:27:01,17,6,4.37,16.65,1.0,1,False,False,False,False,False,False,False,12.016666666666667,19,2024-03-07,21.819694868238557,3.810068649885583,Bronx,Riverdale,Brooklyn,Williamsburg,2024-03-07,0.0,3.3,False
730,2024-03-02 19:06:00,2024-03-02 19:30:57,19,15,0.76,5.1,1.0,2,False,False,False,False,False,False,False,24.95,19,2024-03-02,1.8276553106212425,6.7105263157894735,Staten Island,St. George,Queens,Forest Hills,2024-03-02,0.7,3.3,False
731,2024-03-11 15:21:00,2024-03-11 15:36:14,7,2,2.5,10.39,1.0,1,False,False,False,False,False,False,False,15.233333333333333,15,2024-03-11,9.846827133479213,4.156000000000001,Brooklyn,Park Slope,Manhattan,Harlem,2024-03-11,1.8,11.3,True
732,2024-03-12 13:59:00,2024-03-12 14:01:03,15,15,2.14,7.93,1.0,1,False,False,False,False,False,False,False,2.05,13,2024-03-12,62.63414634146342,3.705607476635514,Queens,Forest Hills,Queens,Forest Hills,2024-03-12,0.7,10.8,False
733,2024-03-13 00:10:00,2024-03-13 00:27:21,1,7,2.98,10.58,1.0,1,False,False,False,False,False,False,False,17.35,0,2024-03-13,10.305475504322766,3.5503355704697985,Manhattan,Midtown,Brooklyn,Park Slope,2024-03-13,0.7,7.3,False
734,2024-03-27 12:56:00,2024-03-27 13:28:19,2,14,1.11,5.63,2.0,2,False,False,False,False,False,False,False,32.31666666666667,12,2024-03-27,2.060856111397628,5.072072072072071,Manhattan,Harlem,Queens,Jamaica,2024-03-27,2.1,4.2,True
735,2024-03-27 19:18:00,2024-03-27 19:29:10,1,4,4.99,16.38,1.0,2,False,False,False,False,False,False,False,11.166666666666666,19,2024-03-27,26.811940298507466,3.2825651302605205,Manhattan,Midtown,Manhattan,SoHo,2024-03-27,2.1,4.2,True
736,2024-03-10 18:40:00,2024-03-10 19:02:11,16,13,3.08,10.55,4.0,2,False,False,False,False,False,False,False,22.183333333333334,18,2024-03-10,8.330578512396695,3.4253246753246755,Bronx,Fordham,Queens,Long Island City,2024-03-10,0.0,3.9,False
737,2024-03-14 02:50:00,2024-03-14 03:13:37,4,2,1.84,7.71,1.0,1,False,False,False,False,False,False,False,23.616666666666667,2,2024-03-14,4.674664784756528,4.190217391304348,Manhattan,SoHo,Manhattan,Harlem,2024-03-14,1.5,5.8,True
738,2024-03-01 09:19:00,2024-03-01 09:23:50,13,1,1.32,7.22,1.0,1,False,False,False,False,False,False,False,4.833333333333333,9,2024-03-01,16.386206896551727,5.469696969696969,Queens,Long Island City,Manhattan,Midtown,2024-03-01,0.0,4.2,False
739,2024-03-25 00:40:00,2024-03-25 01:29:24,1,1,3.5,-5.0,1.0,1,False,False,True,False,True,False,False,49.4,0,2024-03-25,4.251012145748987,-1.4285714285714286,Manhattan,Midtown,Manhattan,Midtown,2024-03-25,0.0,7.3,False
740,2024-03-28 12:57:00,2024-03-28 13:15:39,14,4,4.55,16.66,1.0,1,False,False,False,False,False,False,False,18.65,12,2024-03-28,14.638069705093836,3.661538461538462,Queens,Jamaica,Manhattan,SoHo,2024-03-28,1.2,7.8,True
741,2024-03-07 18:56:00,2024-03-07 19:05:44,16,11,4.85,18.35,1.0,1,False,False,False,False,False,False,False,9.733333333333333,18,2024-03-07,29.897260273972602,3.783505154639176,Bronx,Fordham,Queens,Astoria,2024-03-07,0.0,3.3,False
742,2024-03-07 05:43:00,2024-03-07 05:51:01,15,19,9.18,28.07,1.0,1,False,False,False,False,False,False,False,8.016666666666667,5,2024-03-07,68.7068607068607,3.0577342047930283,Queens,Forest Hills,Staten Island,St. George,2024-03-07,0.0,3.3,False
743,2024-03-02 11:08:00,2024-03-02 11:15:36,14,10,4.11,15.59,3.0,2,False,False,False,False,False,False,False,7.6,11,2024-03-02,32.44736842105264,3.793187347931873,Queens,Jamaica,Brooklyn,Bed-Stuy,2024-03-02,0.7,3.3,False
744,2024-03-17 21:23:00,2024-03-17 21:50:11,17,13,0.81,5.09,1.0,1,False,False,False,False,False,False,False,27.183333333333334,21,2024-03-17,1.787860208461067,6.28395061728395,Bronx,Riverdale,Queens,Long Island City,2024-03-17,1.8,12.0,True
745,2024-03-30 18:16:00,2024-03-30 18:56:42,16,16,5.45,18.51,1.0,3,False,False,False,False,False,False,False,40.7,18,2024-03-30,8.034398034398034,3.396330275229358,Bronx,Fordham,Bronx,Fordham,2024-03-30,1.9,18.9,True
746,2024-03-15 03:04:00,2024-03-15 03:23:50,6,9,4.38,16.35,1.0,1,False,False,False,False,False,False,False,19.833333333333332,3,2024-03-15,13.250420168067228,3.7328767123287676,Brooklyn,Williamsburg,Brooklyn,DUMBO,2024-03-15,2.5,10.9,True
747,2024-03-18 21:48:00,2024-03-18 22:06:59,17,7,1.54,7.05,1.0,1,False,False,False,False,False,False,False,18.983333333333334,21,2024-03-18,4.867427568042142,4.577922077922078,Bronx,Riverdale,Brooklyn,Park Slope,2024-03-18,1.5,8.4,True
748,2024-03-14 23:25:00,2024-03-15 00:06:21,2,18,0.47,4.11,4.0,1,False,False,False,False,False,False,False,41.35,23,2024-03-14,0.6819830713422006,8.744680851063832,Manhattan,Harlem,Bronx,Mott Haven,2024-03-14,1.5,5.8,True
749,2024-03-10 14:54:00,2024-03-10 15:03:04,11,16,0.49,4.47,1.0,1,False,False,False,False,False,False,False,9.066666666666666,14,2024-03-10,3.2426470588235294,9.122448979591836,Queens,Astoria,Bronx,Fordham,2024-03-10,0.0,3.9,False
750,2024-03-29 01:29:00,2024-03-29 01:34:29,5,11,4.75,16.16,1.0,1,False,False,False,False,False,False,False,5.483333333333333,1,2024-03-29,51.97568389057751,3.4021052631578947,Manhattan,Upper East Side,Queens,Astoria,2024-03-29,1.1,4.2,True
751,2024-03-30 06:27:00,2024-03-30 06:28:27,1,19,2.56,9.73,1.0,1,False,False,False,False,False,False,False,1.45,6,2024-03-30,105.93103448275862,3.80078125,Manhattan,Midtown,Staten Island,St. George,2024-03-30,1.9,18.9,True
752,2024-03-30 09:21:00,2024-03-30 09:31:40,4,20,4.54,15.78,1.0,1,False,False,False,False,False,False,False,10.666666666666666,9,2024-03-30,25.537500000000005,3.475770925110132,Manhattan,SoHo,Staten Island,Tottenville,2024-03-30,1.9,18.9,True
753,2024-03-07 13:55:00,2024-03-07 14:40:13,12,1,3.1,12.0,1.0,2,False,False,False,False,False,False,False,45.21666666666667,13,2024-03-07,4.113527460375968,3.8709677419354835,Queens,Flushing,Manhattan,Midtown,2024-03-07,0.0,3.3,False
754,2024-03-05 14:10:00,2024-03-05 14:17:51,1,16,1.17,5.67,1.0,2,False,False,False,False,False,False,False,7.85,14,2024-03-05,8.942675159235668,4.846153846153847,Manhattan,Midtown,Bronx,Fordham,2024-03-05,2.7,10.6,True
755,2024-03-18 15:48:00,2024-03-18 15:56:39,6,11,3.86,14.95,1.0,2,False,False,False,False,False,False,False,8.65,15,2024-03-18,26.77456647398844,3.873056994818653,Brooklyn,Williamsburg,Queens,Astoria,2024-03-18,1.5,8.4,True
756,2024-03-10 22:38:00,2024-03-10 22:52:07,12,16,3.09,11.7,1.0,1,False,False,False,False,False,False,False,14.116666666666667,22,2024-03-10,13.13341204250295,3.7864077669902914,Queens,Flushing,Bronx,Fordham,2024-03-10,0.0,3.9,False
757,2024-03-21 14:29:00,2024-03-21 14:49:52,16,16,5.33,19.1,1.0,1,False,False,False,False,False,False,False,20.866666666666667,14,2024-03-21,15.3258785942492,3.583489681050657,Bronx,Fordham,Bronx,Fordham,2024-03-21,0.0,8.6,False
758,2024-03-17 03:24:00,2024-03-17 03:36:35,13,13,2.71,10.92,1.0,1,False,False,False,False,False,False,False,12.583333333333334,3,2024-03-17,12.921854304635762,4.029520295202952,Queens,Long Island City,Queens,Long Island City,2024-03-17,1.8,12.0,True
759,2024-03-28 04:39:00,2024-03-28 04:55:12,18,7,3.76,12.76,1.0,1,False,False,False,False,False,False,False,16.2,4,2024-03-28,13.925925925925927,3.393617021276596,Bronx,Mott Haven,Brooklyn,Park Slope,2024-03-28,1.2,7.8,True
760,2024-03-16 14:51:00,2024-03-16 15:04:42,1,4,3.96,12.81,2.0,1,False,False,False,False,False,False,False,13.7,14,2024-03-16,17.343065693430656,3.234848484848485,Manhattan,Midtown,Manhattan,SoHo,2024-03-16,0.5,14.7,False
761,2024-03-16 23:59:00,2024-03-17 00:23:14,18,20,0.0,9.73,1.0,1,False,True,False,False,True,False,False,24.233333333333334,23,2024-03-16,0.0,,Bronx,Mott Haven,Staten Island,Tottenville,2024-03-16,0.5,14.7,False
762,2024-03-27 04:16:00,2024-03-27 04:32:13,1,18,0.17,3.44,1.0,1,False,False,False,False,False,False,False,16.216666666666665,4,2024-03-27,0.628982528263104,20.235294117647058,Manhattan,Midtown,Bronx,Mott Haven,2024-03-27,2.1,4.2,True
763,2024-03-01 14:57:00,2024-03-01 15:08:17,7,20,2.27,9.13,2.0,2,False,False,False,False,False,False,False,11.283333333333333,14,2024-03-01,12.070901033973412,4.022026431718062,Brooklyn,Park Slope,Staten Island,Tottenville,2024-03-01,0.0,4.2,False
764,2024-03-08 19:16:00,2024-03-08 19:20:43,6,17,1.88,8.99,1.0,2,False,False,False,False,False,False,False,4.716666666666667,19,2024-03-08,23.91519434628975,4.781914893617022,Brooklyn,Williamsburg,Bronx,Riverdale,2024-03-08,2.8,5.6,True
765,2024-03-22 16:05:00,2024-03-22 16:21:42,17,5,4.12,14.14,2.0,1,False,False,False,False,False,False,False,16.7,16,2024-03-22,14.802395209580839,3.4320388349514563,Bronx,Riverdale,Manhattan,Upper East Side,2024-03-22,0.0,8.6,False
766,2024-03-10 05:20:00,2024-03-10 05:23:14,7,1,3.21,10.15,1.0,1,False,False,False,False,False,False,False,3.2333333333333334,5,2024-03-10,59.56701030927835,3.161993769470405,Brooklyn,Park Slope,Manhattan,Midtown,2024-03-10,0.0,3.9,False
767,2024-03-29 17:00:00,2024-03-29 17:13:46,4,11,1.96,8.77,1.0,2,False,False,False,False,False,False,False,13.766666666666667,17,2024-03-29,8.542372881355933,4.474489795918367,Manhattan,SoHo,Queens,Astoria,2024-03-29,1.1,4.2,True
768,2024-03-20 12:03:00,2024-03-20 12:10:46,13,8,6.68,22.4,1.0,1,False,False,False,False,False,False,False,7.766666666666667,12,2024-03-20,51.60515021459227,3.3532934131736525,Queens,Long Island City,Brooklyn,Bushwick,2024-03-20,1.4,11.9,True
769,2024-03-10 14:24:00,2024-03-10 14:48:04,8,3,2.5,10.99,2.0,1,False,False,False,False,False,False,False,24.066666666666666,14,2024-03-10,6.232686980609419,4.396,Brooklyn,Bushwick,Manhattan,Chelsea,2024-03-10,0.0,3.9,False
770,2024-03-08 11:05:00,2024-03-08 11:33:45,7,16,0.85,5.65,1.0,2,False,False,False,False,False,False,False,28.75,11,2024-03-08,1.7739130434782608,6.647058823529412,Brooklyn,Park Slope,Bronx,Fordham,2024-03-08,2.8,5.6,True
771,2024-03-21 06:06:00,2024-03-21 06:11:25,16,20,1.56,7.85,1.0,1,False,False,False,False,False,False,False,5.416666666666667,6,2024-03-21,17.28,5.032051282051282,Bronx,Fordham,Staten Island,Tottenville,2024-03-21,0.0,8.6,False
772,2024-03-12 20:00:00,2024-03-12 20:22:41,12,9,1.08,5.75,1.0,1,False,False,False,False,False,False,False,22.683333333333334,20,2024-03-12,2.856722997795739,5.3240740740740735,Queens,Flushing,Brooklyn,DUMBO,2024-03-12,0.7,10.8,False
773,2024-03-27 06:09:00,2024-03-27 06:26:18,3,7,1.14,6.53,2.0,1,False,False,False,False,False,False,False,17.3,6,2024-03-27,3.9537572254335256,5.728070175438598,Manhattan,Chelsea,Brooklyn,Park Slope,2024-03-27,2.1,4.2,True
774,2024-03-25 08:12:00,2024-03-25 08:28:57,5,17,1.02,5.3,1.0,1,False,False,False,False,False,False,False,16.95,8,2024-03-25,3.610619469026549,5.196078431372548,Manhattan,Upper East Side,Bronx,Riverdale,2024-03-25,0.0,7.3,False
775,2024-03-14 22:27:00,2024-03-14 23:18:46,8,1,2.32,10.17,1.0,2,False,False,False,False,False,False,False,51.766666666666666,22,2024-03-14,2.688989053444945,4.383620689655173,Brooklyn,Bushwick,Manhattan,Midtown,2024-03-14,1.5,5.8,True
776,2024-03-05 10:43:00,2024-03-05 11:02:07,5,17,1.65,7.82,2.0,1,False,False,False,False,False,False,False,19.116666666666667,10,2024-03-05,5.178727114210985,4.73939393939394,Manhattan,Upper East Side,Bronx,Riverdale,2024-03-05,2.7,10.6,True
777,2024-03-09 00:05:00,2024-03-09 00:32:24,13,15,0.74,4.89,2.0,2,False,False,False,False,False,False,False,27.4,0,2024-03-09,1.6204379562043796,6.608108108108108,Queens,Long Island City,Queens,Forest Hills,2024-03-09,4.2,4.7,True
778,2024-03-01 03:29:00,2024-03-01 04:40:23,3,3,4.1,12.33,1.0,1,False,False,False,False,False,False,False,71.38333333333334,3,2024-03-01,3.446182582302124,3.007317073170732,Manhattan,Chelsea,Manhattan,Chelsea,2024-03-01,0.0,4.2,False
779,2024-03-13 21:54:00,2024-03-13 22:37:17,8,1,3.53,11.37,1.0,1,False,False,False,False,False,False,False,43.28333333333333,21,2024-03-13,4.893338467462456,3.2209631728045327,Brooklyn,Bushwick,Manhattan,Midtown,2024-03-13,0.7,7.3,False
780,2024-03-27 19:39:00,2024-03-27 19:50:22,16,4,3.93,14.31,1.0,1,False,False,False,False,False,False,False,11.366666666666667,19,2024-03-27,20.744868035190617,3.6412213740458017,Bronx,Fordham,Manhattan,SoHo,2024-03-27,2.1,4.2,True
781,2024-03-24 12:28:00,2024-03-24 12:32:12,19,9,6.49,20.88,2.0,1,False,False,False,False,False,False,False,4.2,12,2024-03-24,92.71428571428571,3.217257318952234,Staten Island,St. George,Brooklyn,DUMBO,2024-03-24,1.1,11.3,True
782,2024-03-22 02:53:00,2024-03-22 02:55:39,2,13,1.79,7.19,1.0,1,False,False,False,False,False,False,False,2.65,2,2024-03-22,40.528301886792455,4.016759776536313,Manhattan,Harlem,Queens,Long Island City,2024-03-22,0.0,8.6,False
783,2024-03-10 07:55:00,2024-03-10 08:15:07,11,8,3.21,11.42,3.0,1,False,False,False,False,False,False,False,20.116666666666667,7,2024-03-10,9.574150787075393,3.5576323987538943,Queens,Astoria,Brooklyn,Bushwick,2024-03-10,0.0,3.9,False
784,2024-03-01 19:20:00,2024-03-01 19:44:47,5,19,3.17,10.21,1.0,1,False,False,False,False,False,False,False,24.783333333333335,19,2024-03-01,7.674512441156691,3.2208201892744484,Manhattan,Upper East Side,Staten Island,St. George,2024-03-01,0.0,4.2,False
785,2024-03-13 17:44:00,2024-03-13 17:53:05,4,9,2.52,8.87,1.0,2,False,False,False,False,False,False,False,9.083333333333334,17,2024-03-13,16.645871559633026,3.5198412698412693,Manhattan,SoHo,Brooklyn,DUMBO,2024-03-13,0.7,7.3,False
786,2024-03-12 05:25:00,2024-03-12 05:51:43,15,16,1.28,6.97,1.0,1,False,False,False,False,False,False,False,26.716666666666665,5,2024-03-12,2.874610106051154,5.4453125,Queens,Forest Hills,Bronx,Fordham,2024-03-12,0.7,10.8,False
787,2024-03-21 11:22:00,2024-03-21 11:50:58,15,1,6.25,19.11,1.0,1,False,False,False,False,False,False,False,28.966666666666665,11,2024-03-21,12.945914844649023,3.0576,Queens,Forest Hills,Manhattan,Midtown,2024-03-21,0.0,8.6,False
788,2024-03-20 13:24:00,2024-03-20 13:55:33,12,15,1.65,7.39,1.0,2,False,False,False,False,False,False,False,31.55,13,2024-03-20,3.137876386687797,4.4787878787878785,Queens,Flushing,Queens,Forest Hills,2024-03-20,1.4,11.9,True
789,2024-03-13 13:33:00,2024-03-13 14:04:13,1,4,2.08,8.4,1.0,1,False,False,False,False,False,False,False,31.216666666666665,13,2024-03-13,3.9978643886812604,4.038461538461538,Manhattan,Midtown,Manhattan,SoHo,2024-03-13,0.7,7.3,False
790,2024-03-20 19:06:00,2024-03-20 19:13:41,12,5,1.24,6.96,1.0,1,False,False,False,False,False,False,False,7.683333333333334,19,2024-03-20,9.683297180043384,5.612903225806452,Queens,Flushing,Manhattan,Upper East Side,2024-03-20,1.4,11.9,True
791,2024-03-25 01:31:00,2024-03-25 01:46:29,18,1,0.5,4.31,1.0,1,False,False,False,False,False,False,False,15.483333333333333,1,2024-03-25,1.9375672766415502,8.62,Bronx,Mott Haven,Manhattan,Midtown,2024-03-25,0.0,7.3,False
792,2024-03-20 22:22:00,2024-03-20 22:38:17,3,12,0.33,3.87,2.0,2,False,False,False,False,False,False,False,16.283333333333335,22,2024-03-20,1.2159672466734903,11.727272727272727,Manhattan,Chelsea,Queens,Flushing,2024-03-20,1.4,11.9,True
793,2024-03-26 19:40:00,2024-03-26 20:07:53,15,1,0.63,4.9,1.0,1,False,False,False,False,False,False,False,27.883333333333333,19,2024-03-26,1.3556485355648535,7.777777777777779,Queens,Forest Hills,Manhattan,Midtown,2024-03-26,1.0,4.1,False
794,2024-03-08 07:59:00,2024-03-08 08:01:43,15,13,3.09,10.01,1.0,1,False,False,False,False,False,False,False,2.716666666666667,7,2024-03-08,68.24539877300613,3.2394822006472492,Queens,Forest Hills,Queens,Long Island City,2024-03-08,2.8,5.6,True
795,2024-03-28 05:38:00,2024-03-28 06:08:51,5,2,3.39,13.28,1.0,1,False,False,False,False,False,False,False,30.85,5,2024-03-28,6.593192868719611,3.91740412979351,Manhattan,Upper East Side,Manhattan,Harlem,2024-03-28,1.2,7.8,True
796,2024-03-31 10:52:00,2024-03-31 10:59:12,6,12,2.22,7.93,1.0,1,False,False,False,False,False,False,False,7.2,10,2024-03-31,18.5,3.572072072072072,Brooklyn,Williamsburg,Queens,Flushing,2024-03-31,0.3,10.0,False
797,2024-03-11 01:21:00,2024-03-11 01:50:06,17,2,4.65,16.72,1.0,2,False,False,False,False,False,False,False,29.1,1,2024-03-11,9.587628865979381,3.5956989247311824,Bronx,Riverdale,Manhattan,Harlem,2024-03-11,1.8,11.3,True
798,2024-03-17 12:12:00,2024-03-17 12:15:01,17,3,7.44,19.77,1.0,1,False,False,False,False,False,False,False,3.0166666666666666,12,2024-03-17,147.9779005524862,2.657258064516129,Bronx,Riverdale,Manhattan,Chelsea,2024-03-17,1.8,12.0,True
799,2024-03-03 11:33:00,2024-03-03 11:37:51,3,20,4.0,14.08,2.0,2,False,False,False,False,False,False,False,4.85,11,2024-03-03,49.48453608247423,3.52,Manhattan,Chelsea,Staten Island,Tottenville,2024-03-03,1.4,7.4,True
800,2024-03-31 05:54:00,2024-03-31 06:07:21,19,19,2.49,10.68,1.0,1,False,False,False,False,False,False,False,13.35,5,2024-03-31,11.191011235955058,4.289156626506023,Staten Island,St. George,Staten Island,St. George,2024-03-31,0.3,10.0,False
801,2024-03-06 22:04:00,2024-03-06 22:53:09,16,11,2.49,10.5,1.0,1,False,False,False,False,False,False,False,49.15,22,2024-03-06,3.0396744659206516,4.216867469879518,Bronx,Fordham,Queens,Astoria,2024-03-06,0.0,9.2,False
802,2024-03-13 21:30:00,2024-03-13 21:42:41,1,7,4.66,13.78,1.0,2,False,False,False,False,False,False,False,12.683333333333334,21,2024-03-13,22.044678055190538,2.9570815450643773,Manhattan,Midtown,Brooklyn,Park Slope,2024-03-13,0.7,7.3,False
803,2024-03-02 07:49:00,2024-03-02 07:54:23,15,6,1.6,7.76,1.0,1,False,False,False,False,False,False,False,5.383333333333334,7,2024-03-02,17.8328173374613,4.85,Queens,Forest Hills,Brooklyn,Williamsburg,2024-03-02,0.7,3.3,False
804,2024-03-22 16:50:00,2024-03-22 17:11:33,9,9,0.0,4.04,1.0,1,False,True,False,False,True,False,False,21.55,16,2024-03-22,0.0,,Brooklyn,DUMBO,Brooklyn,DUMBO,2024-03-22,0.0,8.6,False
805,2024-03-01 08:16:00,2024-03-01 08:47:37,15,6,4.18,12.92,1.0,2,False,False,False,False,False,False,False,31.616666666666667,8,2024-03-01,7.9325250395361095,3.0909090909090913,Queens,Forest Hills,Brooklyn,Williamsburg,2024-03-01,0.0,4.2,False
806,2024-03-26 18:38:00,2024-03-26 19:09:58,12,5,4.67,14.5,4.0,1,False,False,False,False,False,False,False,31.966666666666665,18,2024-03-26,8.765380604796663,3.1049250535331905,Queens,Flushing,Manhattan,Upper East Side,2024-03-26,1.0,4.1,False
807,2024-03-21 06:21:00,2024-03-21 06:28:40,11,7,5.02,17.25,1.0,1,False,False,False,False,False,False,False,7.666666666666667,6,2024-03-21,39.28695652173912,3.4362549800796818,Queens,Astoria,Brooklyn,Park Slope,2024-03-21,0.0,8.6,False
808,2024-03-13 16:56:00,2024-03-13 17:08:58,10,13,3.74,12.91,1.0,2,False,False,False,False,False,False,False,12.966666666666667,16,2024-03-13,17.30591259640103,3.4518716577540105,Brooklyn,Bed-Stuy,Queens,Long Island City,2024-03-13,0.7,7.3,False
809,2024-03-16 16:28:00,2024-03-16 17:02:10,9,2,3.71,12.18,1.0,1,False,False,False,False,False,False,False,34.166666666666664,16,2024-03-16,6.515121951219513,3.2830188679245285,Brooklyn,DUMBO,Manhattan,Harlem,2024-03-16,0.5,14.7,False
810,2024-03-03 08:47:00,2024-03-03 09:16:39,17,20,5.41,16.56,1.0,2,False,False,False,False,False,False,False,29.65,8,2024-03-03,10.947723440134908,3.060998151571164,Bronx,Riverdale,Staten Island,Tottenville,2024-03-03,1.4,7.4,True
811,2024-03-24 09:30:00,2024-03-24 09:35:51,8,2,5.04,16.73,1.0,2,False,False,False,False,False,False,False,5.85,9,2024-03-24,51.6923076923077,3.3194444444444446,Brooklyn,Bushwick,Manhattan,Harlem,2024-03-24,1.1,11.3,True
812,2024-03-08 20:04:00,2024-03-08 20:25:02,2,5,1.35,6.59,2.0,1,False,False,False,False,False,False,False,21.033333333333335,20,2024-03-08,3.851030110935024,4.881481481481481,Manhattan,Harlem,Manhattan,Upper East Side,2024-03-08,2.8,5.6,True
813,2024-03-22 10:04:00,2024-03-22 10:08:55,14,3,1.7,7.17,1.0,1,False,False,False,False,False,False,False,4.916666666666667,10,2024-03-22,20.745762711864405,4.2176470588235295,Queens,Jamaica,Manhattan,Chelsea,2024-03-22,0.0,8.6,False
814,2024-03-21 12:30:00,2024-03-21 13:02:11,19,1,1.53,7.79,2.0,1,False,False,False,False,False,False,False,32.18333333333333,12,2024-03-21,2.852408078715692,5.091503267973856,Staten Island,St. George,Manhattan,Midtown,2024-03-21,0.0,8.6,False
815,2024-03-10 19:26:00,2024-03-10 19:41:34,12,13,8.52,22.71,2.0,2,False,False,False,False,False,False,False,15.566666666666666,19,2024-03-10,32.83940042826553,2.665492957746479,Queens,Flushing,Queens,Long Island City,2024-03-10,0.0,3.9,False
816,2024-03-30 10:58:00,2024-03-30 11:10:18,15,5,2.44,9.9,1.0,1,False,False,False,False,False,False,False,12.3,10,2024-03-30,11.902439024390242,4.057377049180328,Queens,Forest Hills,Manhattan,Upper East Side,2024-03-30,1.9,18.9,True
817,2024-03-15 14:57:00,2024-03-15 15:00:05,2,9,1.61,7.24,1.0,1,False,False,False,False,False,False,False,3.0833333333333335,14,2024-03-15,31.329729729729728,4.496894409937888,Manhattan,Harlem,Brooklyn,DUMBO,2024-03-15,2.5,10.9,True
818,2024-03-03 17:37:00,2024-03-03 17:38:47,18,4,4.57,14.7,2.0,2,False,False,False,False,False,False,False,1.7833333333333334,17,2024-03-03,153.7570093457944,3.2166301969365425,Bronx,Mott Haven,Manhattan,SoHo,2024-03-03,1.4,7.4,True
819,2024-03-20 18:26:41,2024-03-20 18:11:00,3,20,2.33,10.39,1.0,1,True,False,False,False,True,False,False,-15.683333333333334,18,2024-03-20,-8.913921360255047,4.459227467811159,Manhattan,Chelsea,Staten Island,Tottenville,2024-03-20,1.4,11.9,True
820,2024-03-12 03:39:00,2024-03-12 04:10:43,4,7,6.2,19.04,1.0,3,False,False,False,False,False,False,False,31.716666666666665,3,2024-03-12,11.728849185496587,3.0709677419354837,Manhattan,SoHo,Brooklyn,Park Slope,2024-03-12,0.7,10.8,False
821,2024-03-04 13:13:00,2024-03-04 13:32:15,14,4,7.03,24.01,1.0,1,False,False,False,False,False,False,False,19.25,13,2024-03-04,21.911688311688312,3.415362731152205,Queens,Jamaica,Manhattan,SoHo,2024-03-04,3.4,18.0,True
822,2024-03-26 17:10:00,2024-03-26 17:40:07,7,9,3.45,13.99,1.0,1,False,False,False,False,False,False,False,30.116666666666667,17,2024-03-26,6.873270614277809,4.0550724637681155,Brooklyn,Park Slope,Brooklyn,DUMBO,2024-03-26,1.0,4.1,False
823,2024-03-16 14:22:00,2024-03-16 14:55:32,5,20,1.98,8.56,4.0,1,False,False,False,False,False,False,False,33.53333333333333,14,2024-03-16,3.542743538767396,4.3232323232323235,Manhattan,Upper East Side,Staten Island,Tottenville,2024-03-16,0.5,14.7,False
824,2024-03-22 04:51:00,2024-03-22 05:12:39,10,6,1.3,6.39,1.0,1,False,False,False,False,False,False,False,21.65,4,2024-03-22,3.602771362586606,4.915384615384615,Brooklyn,Bed-Stuy,Brooklyn,Williamsburg,2024-03-22,0.0,8.6,False
825,2024-03-05 21:24:00,2024-03-05 22:07:27,4,8,3.82,12.36,1.0,2,False,False,False,False,False,False,False,43.45,21,2024-03-05,5.275028768699654,3.235602094240838,Manhattan,SoHo,Brooklyn,Bushwick,2024-03-05,2.7,10.6,True
826,2024-03-23 14:23:00,2024-03-23 14:35:29,19,2,4.03,13.49,2.0,1,False,False,False,False,False,False,False,12.483333333333333,14,2024-03-23,19.369826435247,3.3473945409429278,Staten Island,St. George,Manhattan,Harlem,2024-03-23,1.2,5.9,True
827,2024-03-22 22:40:00,2024-03-22 22:47:03,1,4,0.63,4.81,1.0,1,False,False,False,False,False,False,False,7.05,22,2024-03-22,5.361702127659575,7.634920634920634,Manhattan,Midtown,Manhattan,SoHo,2024-03-22,0.0,8.6,False
828,2024-03-26 19:05:00,2024-03-26 19:09:11,15,11,5.17,15.6,2.0,1,False,False,False,False,False,False,False,4.183333333333334,19,2024-03-26,74.15139442231074,3.0174081237911023,Queens,Forest Hills,Queens,Astoria,2024-03-26,1.0,4.1,False
829,2024-03-07 16:09:00,2024-03-07 16:12:55,6,17,1.86,8.05,1.0,1,False,False,False,False,False,False,False,3.9166666666666665,16,2024-03-07,28.493617021276595,4.327956989247312,Brooklyn,Williamsburg,Bronx,Riverdale,2024-03-07,0.0,3.3,False
830,2024-03-22 06:53:00,2024-03-22 07:02:05,6,3,6.16,20.79,1.0,2,False,False,False,False,False,False,False,9.083333333333334,6,2024-03-22,40.68990825688073,3.375,Brooklyn,Williamsburg,Manhattan,Chelsea,2024-03-22,0.0,8.6,False
831,2024-03-13 04:52:00,2024-03-13 05:00:04,10,20,0.87,4.96,1.0,3,False,False,False,False,False,False,False,8.066666666666666,4,2024-03-13,6.471074380165289,5.7011494252873565,Brooklyn,Bed-Stuy,Staten Island,Tottenville,2024-03-13,0.7,7.3,False
832,2024-03-11 17:19:00,2024-03-11 17:45:30,12,10,0.27,3.74,1.0,2,False,False,False,False,False,False,False,26.5,17,2024-03-11,0.6113207547169812,13.851851851851851,Queens,Flushing,Brooklyn,Bed-Stuy,2024-03-11,1.8,11.3,True
833,2024-03-02 08:53:00,2024-03-02 09:22:45,15,6,1.37,6.81,4.0,1,False,False,False,False,False,False,False,29.75,8,2024-03-02,2.7630252100840336,4.970802919708029,Queens,Forest Hills,Brooklyn,Williamsburg,2024-03-02,0.7,3.3,False
834,2024-03-05 19:08:00,2024-03-05 19:12:48,18,3,2.9,11.67,1.0,2,False,False,False,False,False,False,False,4.8,19,2024-03-05,36.25,4.024137931034483,Bronx,Mott Haven,Manhattan,Chelsea,2024-03-05,2.7,10.6,True
835,2024-03-13 12:33:00,2024-03-13 12:39:44,3,3,2.01,8.16,1.0,2,False,False,False,False,False,False,False,6.733333333333333,12,2024-03-13,17.910891089108908,4.059701492537314,Manhattan,Chelsea,Manhattan,Chelsea,2024-03-13,0.7,7.3,False
836,2024-03-30 18:35:00,2024-03-30 19:19:45,17,8,1.21,6.85,1.0,1,False,False,False,False,False,False,False,44.75,18,2024-03-30,1.6223463687150836,5.661157024793388,Bronx,Riverdale,Brooklyn,Bushwick,2024-03-30,1.9,18.9,True
837,2024-03-09 21:27:00,2024-03-09 21:51:01,14,11,0.85,5.47,1.0,1,False,False,False,False,False,False,False,24.016666666666666,21,2024-03-09,2.1235253296321996,6.435294117647059,Queens,Jamaica,Queens,Astoria,2024-03-09,4.2,4.7,True
838,2024-03-24 06:01:00,2024-03-24 06:39:23,2,13,1.08,5.52,1.0,1,False,False,False,False,False,False,False,38.38333333333333,6,2024-03-24,1.6882327399044725,5.111111111111111,Manhattan,Harlem,Queens,Long Island City,2024-03-24,1.1,11.3,True
839,2024-03-26 08:06:00,2024-03-26 08:26:50,13,12,4.98,16.15,1.0,1,False,False,False,False,False,False,False,20.833333333333332,8,2024-03-26,14.342400000000001,3.2429718875502003,Queens,Long Island City,Queens,Flushing,2024-03-26,1.0,4.1,False
840,2024-03-09 03:21:00,2024-03-09 03:23:30,8,2,2.39,10.25,2.0,1,False,False,False,False,False,False,False,2.5,3,2024-03-09,57.36000000000001,4.2887029288702925,Brooklyn,Bushwick,Manhattan,Harlem,2024-03-09,4.2,4.7,True
841,2024-03-05 02:52:00,2024-03-05 03:08:10,6,19,4.92,14.03,1.0,1,False,False,False,False,False,False,False,16.166666666666668,2,2024-03-05,18.259793814432985,2.8516260162601625,Brooklyn,Williamsburg,Staten Island,St. George,2024-03-05,2.7,10.6,True
842,2024-03-24 01:02:00,2024-03-24 01:08:01,3,12,2.77,11.47,3.0,1,False,False,False,False,False,False,False,6.016666666666667,1,2024-03-24,27.623268698060944,4.140794223826715,Manhattan,Chelsea,Queens,Flushing,2024-03-24,1.1,11.3,True
843,2024-03-14 08:51:00,2024-03-14 09:06:08,16,12,1.11,5.52,2.0,1,False,False,False,False,False,False,False,15.133333333333333,8,2024-03-14,4.400881057268722,4.972972972972972,Bronx,Fordham,Queens,Flushing,2024-03-14,1.5,5.8,True
844,2024-03-23 18:47:00,2024-03-23 19:10:57,4,8,4.35,14.44,2.0,1,False,False,False,False,False,False,False,23.95,18,2024-03-23,10.897703549060541,3.3195402298850576,Manhattan,SoHo,Brooklyn,Bushwick,2024-03-23,1.2,5.9,True
845,2024-03-10 20:33:00,2024-03-10 21:10:53,1,16,0.89,4.98,1.0,2,False,False,False,False,False,False,False,37.88333333333333,20,2024-03-10,1.4095908490981082,5.595505617977529,Manhattan,Midtown,Bronx,Fordham,2024-03-10,0.0,3.9,False
846,2024-03-12 10:51:00,2024-03-12 11:09:20,17,12,2.38,10.23,1.0,2,False,False,False,False,False,False,False,18.333333333333332,10,2024-03-12,7.78909090909091,4.298319327731093,Bronx,Riverdale,Queens,Flushing,2024-03-12,0.7,10.8,False
847,2024-03-14 10:26:00,2024-03-14 10:32:48,20,16,1.53,7.62,1.0,1,False,False,False,False,False,False,False,6.8,10,2024-03-14,13.500000000000002,4.980392156862745,Staten Island,Tottenville,Bronx,Fordham,2024-03-14,1.5,5.8,True
848,2024-03-02 13:40:00,2024-03-02 13:55:31,20,15,3.21,11.51,1.0,1,False,False,False,False,False,False,False,15.516666666666667,13,2024-03-02,12.412459720730396,3.5856697819314642,Staten Island,Tottenville,Queens,Forest Hills,2024-03-02,0.7,3.3,False
849,2024-03-24 15:13:00,2024-03-24 15:28:56,13,19,1.75,7.6,1.0,1,False,False,False,False,False,False,False,15.933333333333334,15,2024-03-24,6.589958158995816,4.3428571428571425,Queens,Long Island City,Staten Island,St. George,2024-03-24,1.1,11.3,True
850,2024-03-08 14:08:00,2024-03-08 14:16:59,7,13,3.7,13.35,1.0,1,False,False,False,False,False,False,False,8.983333333333333,14,2024-03-08,24.712430426716146,3.608108108108108,Brooklyn,Park Slope,Queens,Long Island City,2024-03-08,2.8,5.6,True
851,2024-03-21 15:14:00,2024-03-21 15:28:54,10,13,0.37,4.12,1.0,2,False,False,False,False,False,False,False,14.9,15,2024-03-21,1.4899328859060401,11.135135135135135,Brooklyn,Bed-Stuy,Queens,Long Island City,2024-03-21,0.0,8.6,False
852,2024-03-29 21:48:00,2024-03-29 22:18:12,20,8,0.15,3.49,1.0,1,False,False,False,False,False,False,False,30.2,21,2024-03-29,0.2980132450331126,23.26666666666667,Staten Island,Tottenville,Brooklyn,Bushwick,2024-03-29,1.1,4.2,True
853,2024-03-26 00:47:00,2024-03-26 01:04:21,4,8,1.75,8.44,1.0,1,False,False,False,False,False,False,False,17.35,0,2024-03-26,6.051873198847262,4.822857142857143,Manhattan,SoHo,Brooklyn,Bushwick,2024-03-26,1.0,4.1,False
854,2024-03-10 23:00:00,2024-03-10 23:01:00,20,15,2.62,9.28,1.0,1,False,False,False,False,False,False,False,1.0,23,2024-03-10,157.20000000000002,3.541984732824427,Staten Island,Tottenville,Queens,Forest Hills,2024-03-10,0.0,3.9,False
855,2024-03-05 02:34:00,2024-03-05 02:36:29,8,16,1.11,6.22,1.0,1,False,False,False,False,False,False,False,2.4833333333333334,2,2024-03-05,26.818791946308725,5.603603603603603,Brooklyn,Bushwick,Bronx,Fordham,2024-03-05,2.7,10.6,True
856,2024-03-21 07:43:00,2024-03-21 08:30:06,15,3,3.27,13.2,3.0,2,False,False,False,False,False,False,False,47.1,7,2024-03-21,4.165605095541401,4.036697247706422,Queens,Forest Hills,Manhattan,Chelsea,2024-03-21,0.0,8.6,False
857,2024-03-31 07:43:00,2024-03-31 08:09:14,15,16,4.78,14.73,1.0,3,False,False,False,False,False,False,False,26.233333333333334,7,2024-03-31,10.932655654383735,3.081589958158996,Queens,Forest Hills,Bronx,Fordham,2024-03-31,0.3,10.0,False
858,2024-03-26 19:34:00,2024-03-26 19:42:48,1,7,1.85,8.67,2.0,3,False,False,False,False,False,False,False,8.8,19,2024-03-26,12.613636363636363,4.686486486486486,Manhattan,Midtown,Brooklyn,Park Slope,2024-03-26,1.0,4.1,False
859,2024-03-23 19:24:00,2024-03-23 19:26:32,9,14,0.44,4.02,2.0,2,False,False,False,False,False,False,False,2.533333333333333,19,2024-03-23,10.421052631578947,9.136363636363635,Brooklyn,DUMBO,Queens,Jamaica,2024-03-23,1.2,5.9,True
860,2024-03-02 16:19:00,2024-03-02 16:26:43,1,9,1.91,8.03,1.0,2,False,False,False,False,False,False,False,7.716666666666667,16,2024-03-02,14.850971922246218,4.204188481675392,Manhattan,Midtown,Brooklyn,DUMBO,2024-03-02,0.7,3.3,False
861,2024-03-18 06:42:00,2024-03-18 07:06:42,17,19,3.77,13.54,3.0,1,False,False,False,False,False,False,False,24.7,6,2024-03-18,9.157894736842104,3.5915119363395225,Bronx,Riverdale,Staten Island,St. George,2024-03-18,1.5,8.4,True
862,2024-03-03 01:59:00,2024-03-03 02:07:13,12,5,1.76,7.5,1.0,1,False,False,False,False,False,False,False,8.216666666666667,1,2024-03-03,12.851926977687626,4.261363636363637,Queens,Flushing,Manhattan,Upper East Side,2024-03-03,1.4,7.4,True
863,2024-03-08 03:05:00,2024-03-08 03:06:00,15,3,3.3,-5.0,4.0,1,False,False,True,False,True,False,False,1.0,3,2024-03-08,198.0,-1.5151515151515151,Queens,Forest Hills,Manhattan,Chelsea,2024-03-08,2.8,5.6,True
864,2024-03-06 21:24:00,2024-03-06 22:13:30,20,5,1.29,6.45,2.0,1,False,False,False,False,False,False,False,49.5,21,2024-03-06,1.5636363636363637,5.0,Staten Island,Tottenville,Manhattan,Upper East Side,2024-03-06,0.0,9.2,False
865,2024-03-11 17:27:00,2024-03-11 17:37:47,12,16,3.42,11.79,1.0,2,False,False,False,False,False,False,False,10.783333333333333,17,2024-03-11,19.02936630602782,3.4473684210526314,Queens,Flushing,Bronx,Fordham,2024-03-11,1.8,11.3,True
866,2024-03-08 02:20:00,2024-03-08 02:21:00,9,20,2.71,9.74,1.0,2,False,False,False,False,False,False,False,1.0,2,2024-03-08,162.6,3.5940959409594098,Brooklyn,DUMBO,Staten Island,Tottenville,2024-03-08,2.8,5.6,True
867,2024-03-09 16:04:54,2024-03-09 15:48:00,9,16,1.51,7.06,1.0,1,True,False,False,False,True,False,False,-16.9,16,2024-03-09,-5.360946745562131,4.675496688741721,Brooklyn,DUMBO,Bronx,Fordham,2024-03-09,4.2,4.7,True
868,2024-03-05 21:23:00,2024-03-05 21:51:49,18,19,1.23,6.07,1.0,1,False,False,False,False,False,False,False,28.816666666666666,21,2024-03-05,2.5610179294389823,4.9349593495934965,Bronx,Mott Haven,Staten Island,St. George,2024-03-05,2.7,10.6,True
869,2024-03-14 05:23:00,2024-03-14 05:27:57,15,3,0.33,3.98,1.0,2,False,False,False,False,False,False,False,4.95,5,2024-03-14,4.0,12.06060606060606,Queens,Forest Hills,Manhattan,Chelsea,2024-03-14,1.5,5.8,True
870,2024-03-07 13:54:00,2024-03-07 14:37:55,1,3,5.6,15.7,1.0,1,False,False,False,False,False,False,False,43.916666666666664,13,2024-03-07,7.650853889943074,2.803571428571429,Manhattan,Midtown,Manhattan,Chelsea,2024-03-07,0.0,3.3,False
871,2024-03-12 03:32:00,2024-03-12 03:56:59,9,10,3.65,12.51,1.0,2,False,False,False,False,False,False,False,24.983333333333334,3,2024-03-12,8.765843895930619,3.4273972602739726,Brooklyn,DUMBO,Brooklyn,Bed-Stuy,2024-03-12,0.7,10.8,False
872,2024-03-31 14:38:00,2024-03-31 14:45:24,15,14,0.4,4.05,4.0,1,False,False,False,False,False,False,False,7.4,14,2024-03-31,3.2432432432432434,10.124999999999998,Queens,Forest Hills,Queens,Jamaica,2024-03-31,0.3,10.0,False
873,2024-03-26 15:23:00,2024-03-26 15:38:07,7,8,0.75,5.1,1.0,1,False,False,False,False,False,False,False,15.116666666666667,15,2024-03-26,2.976846747519294,6.8,Brooklyn,Park Slope,Brooklyn,Bushwick,2024-03-26,1.0,4.1,False
874,2024-03-30 22:38:00,2024-03-30 22:58:06,19,10,2.16,9.51,1.0,1,False,False,False,False,False,False,False,20.1,22,2024-03-30,6.447761194029851,4.402777777777778,Staten Island,St. George,Brooklyn,Bed-Stuy,2024-03-30,1.9,18.9,True
875,2024-03-19 18:18:00,2024-03-19 18:51:04,2,5,3.51,11.66,1.0,2,False,False,False,False,False,False,False,33.06666666666667,18,2024-03-19,6.368951612903224,3.3219373219373223,Manhattan,Harlem,Manhattan,Upper East Side,2024-03-19,1.1,11.7,True
876,2024-03-27 07:28:00,2024-03-27 07:34:42,2,4,4.38,13.62,1.0,1,False,False,False,False,False,False,False,6.7,7,2024-03-27,39.223880597014926,3.1095890410958904,Manhattan,Harlem,Manhattan,SoHo,2024-03-27,2.1,4.2,True
877,2024-03-31 04:41:00,2024-03-31 04:42:47,6,15,0.63,4.73,1.0,1,False,False,False,False,False,False,False,1.7833333333333334,4,2024-03-31,21.19626168224299,7.507936507936509,Brooklyn,Williamsburg,Queens,Forest Hills,2024-03-31,0.3,10.0,False
878,2024-03-18 05:05:00,2024-03-18 05:19:54,17,19,0.95,5.4,1.0,1,False,False,False,False,False,False,False,14.9,5,2024-03-18,3.8255033557046976,5.68421052631579,Bronx,Riverdale,Staten Island,St. George,2024-03-18,1.5,8.4,True
879,2024-03-30 21:07:00,2024-03-30 21:19:12,7,2,5.09,17.5,1.0,1,False,False,False,False,False,False,False,12.2,21,2024-03-30,25.032786885245905,3.43811394891945,Brooklyn,Park Slope,Manhattan,Harlem,2024-03-30,1.9,18.9,True
880,2024-03-16 09:45:00,2024-03-16 09:49:40,12,8,4.79,16.45,4.0,1,False,False,False,False,False,False,False,4.666666666666667,9,2024-03-16,61.58571428571428,3.4342379958246343,Queens,Flushing,Brooklyn,Bushwick,2024-03-16,0.5,14.7,False
881,2024-03-21 10:10:00,2024-03-21 10:11:28,13,15,1.66,7.74,2.0,1,False,False,False,False,False,False,False,1.4666666666666666,10,2024-03-21,67.9090909090909,4.662650602409639,Queens,Long Island City,Queens,Forest Hills,2024-03-21,0.0,8.6,False
882,2024-03-24 08:42:00,2024-03-24 09:09:12,8,7,4.17,13.94,2.0,1,False,False,False,False,False,False,False,27.2,8,2024-03-24,9.198529411764707,3.342925659472422,Brooklyn,Bushwick,Brooklyn,Park Slope,2024-03-24,1.1,11.3,True
883,2024-03-24 02:36:00,2024-03-24 02:56:44,12,12,2.15,9.25,2.0,2,False,False,False,False,False,False,False,20.733333333333334,2,2024-03-24,6.221864951768488,4.302325581395349,Queens,Flushing,Queens,Flushing,2024-03-24,1.1,11.3,True
884,2024-03-08 04:40:00,2024-03-08 04:45:25,8,20,4.23,12.95,2.0,1,False,False,False,False,False,False,False,5.416666666666667,4,2024-03-08,46.85538461538462,3.0614657210401885,Brooklyn,Bushwick,Staten Island,Tottenville,2024-03-08,2.8,5.6,True
885,2024-03-20 05:58:00,2024-03-20 05:59:00,14,15,1.05,5.61,1.0,1,False,False,False,False,False,False,False,1.0,5,2024-03-20,63.0,5.3428571428571425,Queens,Jamaica,Queens,Forest Hills,2024-03-20,1.4,11.9,True
886,2024-03-18 20:34:00,2024-03-18 20:50:03,12,5,2.0,9.27,2.0,1,False,False,False,False,False,False,False,16.05,20,2024-03-18,7.4766355140186915,4.635,Queens,Flushing,Manhattan,Upper East Side,2024-03-18,1.5,8.4,True
887,2024-03-11 04:29:00,2024-03-11 04:39:25,7,15,5.5,19.18,1.0,1,False,False,False,False,False,False,False,10.416666666666666,4,2024-03-11,31.68,3.4872727272727273,Brooklyn,Park Slope,Queens,Forest Hills,2024-03-11,1.8,11.3,True
888,2024-03-10 08:30:00,2024-03-10 08:52:40,7,12,4.1,12.71,1.0,1,False,False,False,False,False,False,False,22.666666666666668,8,2024-03-10,10.852941176470585,3.1000000000000005,Brooklyn,Park Slope,Queens,Flushing,2024-03-10,0.0,3.9,False
889,2024-03-23 01:09:00,2024-03-23 01:34:14,13,19,1.43,7.38,1.0,1,False,False,False,False,False,False,False,25.233333333333334,1,2024-03-23,3.400264200792602,5.160839160839161,Queens,Long Island City,Staten Island,St. George,2024-03-23,1.2,5.9,True
890,2024-03-31 09:58:00,2024-03-31 10:43:55,6,20,2.6,11.06,1.0,1,False,False,False,False,False,False,False,45.916666666666664,9,2024-03-31,3.3974591651542654,4.253846153846154,Brooklyn,Williamsburg,Staten Island,Tottenville,2024-03-31,0.3,10.0,False
891,2024-03-12 03:45:00,2024-03-12 04:00:53,20,14,0.24,3.67,2.0,2,False,False,False,False,False,False,False,15.883333333333333,3,2024-03-12,0.9066107030430222,15.291666666666666,Staten Island,Tottenville,Queens,Jamaica,2024-03-12,0.7,10.8,False
892,2024-03-27 08:01:00,2024-03-27 08:14:54,12,20,1.87,7.77,1.0,1,False,False,False,False,False,False,False,13.9,8,2024-03-27,8.071942446043167,4.155080213903743,Queens,Flushing,Staten Island,Tottenville,2024-03-27,2.1,4.2,True
893,2024-03-10 12:51:00,2024-03-10 12:55:23,6,10,0.56,4.4,4.0,1,False,False,False,False,False,False,False,4.383333333333334,12,2024-03-10,7.665399239543726,7.857142857142857,Brooklyn,Williamsburg,Brooklyn,Bed-Stuy,2024-03-10,0.0,3.9,False
894,2024-03-20 01:32:00,2024-03-20 01:44:22,13,7,1.3,6.79,1.0,1,False,False,False,False,False,False,False,12.366666666666667,1,2024-03-20,6.307277628032345,5.223076923076923,Queens,Long Island City,Brooklyn,Park Slope,2024-03-20,1.4,11.9,True
895,2024-03-22 05:00:00,2024-03-22 05:04:39,18,5,5.7,20.54,1.0,2,False,False,False,False,False,False,False,4.65,5,2024-03-22,73.54838709677419,3.603508771929824,Bronx,Mott Haven,Manhattan,Upper East Side,2024-03-22,0.0,8.6,False
896,2024-03-05 19:29:00,2024-03-05 19:46:51,12,14,1.74,7.7,1.0,1,False,False,False,False,False,False,False,17.85,19,2024-03-05,5.848739495798318,4.42528735632184,Queens,Flushing,Queens,Jamaica,2024-03-05,2.7,10.6,True
897,2024-03-24 13:10:00,2024-03-24 13:27:10,14,14,1.25,6.06,2.0,2,False,False,False,False,False,False,False,17.166666666666668,13,2024-03-24,4.368932038834951,4.848,Queens,Jamaica,Queens,Jamaica,2024-03-24,1.1,11.3,True
898,2024-03-24 08:07:00,2024-03-24 08:24:54,5,7,0.77,4.79,1.0,2,False,False,False,False,False,False,False,17.9,8,2024-03-24,2.581005586592179,6.220779220779221,Manhattan,Upper East Side,Brooklyn,Park Slope,2024-03-24,1.1,11.3,True
899,2024-03-04 05:46:00,2024-03-04 06:21:56,15,16,3.6,14.31,3.0,1,False,False,False,False,False,False,False,35.93333333333333,5,2024-03-04,6.011131725417441,3.975,Queens,Forest Hills,Bronx,Fordham,2024-03-04,3.4,18.0,True
900,2024-03-29 16:55:00,2024-03-29 17:05:34,12,7,1.01,5.5,2.0,1,False,False,False,False,False,False,False,10.566666666666666,16,2024-03-29,5.735015772870662,5.445544554455446,Queens,Flushing,Brooklyn,Park Slope,2024-03-29,1.1,4.2,True
901,2024-03-15 17:02:00,2024-03-15 17:34:11,4,20,1.4,6.58,3.0,1,False,False,False,False,False,False,False,32.18333333333333,17,2024-03-15,2.6100466079751428,4.7,Manhattan,SoHo,Staten Island,Tottenville,2024-03-15,2.5,10.9,True
902,2024-03-22 00:31:40,2024-03-22 00:15:00,8,14,6.53,23.8,2.0,2,True,False,False,False,True,False,False,-16.666666666666668,0,2024-03-22,-23.508,3.644716692189893,Brooklyn,Bushwick,Queens,Jamaica,2024-03-22,0.0,8.6,False
903,2024-03-20 15:27:00,2024-03-20 16:05:48,16,5,10.51,30.77,1.0,1,False,False,False,False,False,False,False,38.8,15,2024-03-20,16.25257731958763,2.927687916270219,Bronx,Fordham,Manhattan,Upper East Side,2024-03-20,1.4,11.9,True
904,2024-03-04 21:44:00,2024-03-04 21:45:00,12,13,7.61,20.69,4.0,1,False,False,False,False,False,False,False,1.0,21,2024-03-04,456.6,2.718791064388962,Queens,Flushing,Queens,Long Island City,2024-03-04,3.4,18.0,True
905,2024-03-05 04:21:00,2024-03-05 05:04:07,2,12,7.55,26.35,1.0,1,False,False,False,False,False,False,False,43.11666666666667,4,2024-03-05,10.506378044066487,3.490066225165563,Manhattan,Harlem,Queens,Flushing,2024-03-05,2.7,10.6,True
906,2024-03-17 20:11:00,2024-03-17 20:45:11,13,20,5.24,15.65,2.0,1,False,False,False,False,False,False,False,34.18333333333333,20,2024-03-17,9.197464651389568,2.986641221374046,Queens,Long Island City,Staten Island,Tottenville,2024-03-17,1.8,12.0,True
907,2024-03-20 01:33:00,2024-03-20 01:42:10,5,18,2.69,9.79,1.0,1,False,False,False,False,False,False,False,9.166666666666666,1,2024-03-20,17.60727272727273,3.6394052044609664,Manhattan,Upper East Side,Bronx,Mott Haven,2024-03-20,1.4,11.9,True
908,2024-03-29 23:23:00,2024-03-29 23:36:56,9,16,6.72,23.0,2.0,1,False,False,False,False,False,False,False,13.933333333333334,23,2024-03-29,28.9377990430622,3.422619047619048,Brooklyn,DUMBO,Bronx,Fordham,2024-03-29,1.1,4.2,True
909,2024-03-25 18:50:00,2024-03-25 19:24:44,12,4,5.2,15.83,1.0,1,False,False,False,False,False,False,False,34.733333333333334,18,2024-03-25,8.982725527831095,3.044230769230769,Queens,Flushing,Manhattan,SoHo,2024-03-25,0.0,7.3,False
910,2024-03-30 05:00:00,2024-03-30 05:42:22,12,14,5.91,19.77,1.0,2,False,False,False,False,False,False,False,42.36666666666667,5,2024-03-30,8.36978756884343,3.345177664974619,Queens,Flushing,Queens,Jamaica,2024-03-30,1.9,18.9,True
911,2024-03-03 13:19:00,2024-03-03 13:26:42,16,12,0.6,4.54,1.0,3,False,False,False,False,False,False,False,7.7,13,2024-03-03,4.675324675324675,7.566666666666667,Bronx,Fordham,Queens,Flushing,2024-03-03,1.4,7.4,True
912,2024-03-05 16:44:00,2024-03-05 17:06:06,17,16,2.78,10.32,1.0,1,False,False,False,False,False,False,False,22.1,16,2024-03-05,7.5475113122171935,3.7122302158273386,Bronx,Riverdale,Bronx,Fordham,2024-03-05,2.7,10.6,True
913,2024-03-23 00:08:00,2024-03-23 00:35:28,13,14,0.5,4.13,1.0,1,False,False,False,False,False,False,False,27.466666666666665,0,2024-03-23,1.092233009708738,8.26,Queens,Long Island City,Queens,Jamaica,2024-03-23,1.2,5.9,True
914,2024-03-04 10:40:00,2024-03-04 11:03:24,19,10,5.37,15.43,1.0,2,False,False,False,False,False,False,False,23.4,10,2024-03-04,13.769230769230772,2.8733705772811917,Staten Island,St. George,Brooklyn,Bed-Stuy,2024-03-04,3.4,18.0,True
915,2024-03-22 20:17:00,2024-03-22 20:22:12,20,10,0.37,3.95,2.0,2,False,False,False,False,False,False,False,5.2,20,2024-03-22,4.269230769230769,10.675675675675675,Staten Island,Tottenville,Brooklyn,Bed-Stuy,2024-03-22,0.0,8.6,False
916,2024-03-03 10:55:00,2024-03-03 11:01:40,18,2,5.11,14.96,1.0,1,False,False,False,False,False,False,False,6.666666666666667,10,2024-03-03,45.99,2.927592954990215,Bronx,Mott Haven,Manhattan,Harlem,2024-03-03,1.4,7.4,True
917,2024-03-19 10:42:00,2024-03-19 11:20:13,14,8,4.39,14.01,1.0,1,False,False,False,False,False,False,False,38.21666666666667,10,2024-03-19,6.892280854775403,3.191343963553531,Queens,Jamaica,Brooklyn,Bushwick,2024-03-19,1.1,11.7,True
918,2024-03-06 17:52:00,2024-03-06 18:13:53,16,16,2.34,9.49,3.0,1,False,False,False,False,False,False,False,21.883333333333333,17,2024-03-06,6.415841584158415,4.055555555555556,Bronx,Fordham,Bronx,Fordham,2024-03-06,0.0,9.2,False
919,2024-03-15 02:13:00,2024-03-15 02:28:24,5,11,0.48,4.49,2.0,1,False,False,False,False,False,False,False,15.4,2,2024-03-15,1.87012987012987,9.354166666666668,Manhattan,Upper East Side,Queens,Astoria,2024-03-15,2.5,10.9,True
920,2024-03-12 05:51:00,2024-03-12 06:12:46,6,13,4.65,17.57,2.0,1,False,False,False,False,False,False,False,21.766666666666666,5,2024-03-12,12.817764165390507,3.778494623655914,Brooklyn,Williamsburg,Queens,Long Island City,2024-03-12,0.7,10.8,False
921,2024-03-24 07:53:00,2024-03-24 08:18:32,18,10,6.75,18.13,1.0,2,False,False,False,False,False,False,False,25.533333333333335,7,2024-03-24,15.861618798955613,2.685925925925926,Bronx,Mott Haven,Brooklyn,Bed-Stuy,2024-03-24,1.1,11.3,True
922,2024-03-18 11:58:00,2024-03-18 12:11:31,6,3,1.06,5.89,2.0,1,False,False,False,False,False,False,False,13.516666666666667,11,2024-03-18,4.705302096177558,5.556603773584905,Brooklyn,Williamsburg,Manhattan,Chelsea,2024-03-18,1.5,8.4,True
923,2024-03-02 09:19:00,2024-03-02 09:26:48,12,7,1.85,8.39,3.0,1,False,False,False,False,False,False,False,7.8,9,2024-03-02,14.230769230769232,4.535135135135135,Queens,Flushing,Brooklyn,Park Slope,2024-03-02,0.7,3.3,False
924,2024-03-25 09:36:00,2024-03-25 10:06:14,17,7,9.4,28.86,1.0,2,False,False,False,False,False,False,False,30.233333333333334,9,2024-03-25,18.654906284454242,3.0702127659574465,Bronx,Riverdale,Brooklyn,Park Slope,2024-03-25,0.0,7.3,False
925,2024-03-20 03:44:00,2024-03-20 04:02:58,4,5,4.02,15.61,1.0,1,False,False,False,False,False,False,False,18.966666666666665,3,2024-03-20,12.717047451669597,3.883084577114428,Manhattan,SoHo,Manhattan,Upper East Side,2024-03-20,1.4,11.9,True
926,2024-03-06 23:41:00,2024-03-07 00:08:39,18,8,1.42,6.58,1.0,1,False,False,False,False,False,False,False,27.65,23,2024-03-06,3.081374321880651,4.633802816901409,Bronx,Mott Haven,Brooklyn,Bushwick,2024-03-06,0.0,9.2,False
927,2024-03-25 16:57:00,2024-03-25 17:07:42,5,2,2.84,10.45,1.0,1,False,False,False,False,False,False,False,10.7,16,2024-03-25,15.925233644859814,3.6795774647887325,Manhattan,Upper East Side,Manhattan,Harlem,2024-03-25,0.0,7.3,False
928,2024-03-17 07:05:00,2024-03-17 07:10:22,5,17,2.65,9.16,3.0,1,False,False,False,False,False,False,False,5.366666666666666,7,2024-03-17,29.627329192546586,3.456603773584906,Manhattan,Upper East Side,Bronx,Riverdale,2024-03-17,1.8,12.0,True
929,2024-03-30 06:25:00,2024-03-30 06:43:01,17,11,4.47,17.12,2.0,1,False,False,False,False,False,False,False,18.016666666666666,6,2024-03-30,14.886216466234968,3.8299776286353473,Bronx,Riverdale,Queens,Astoria,2024-03-30,1.9,18.9,True
930,2024-03-06 22:36:00,2024-03-06 22:42:08,3,5,1.17,5.66,1.0,1,False,False,False,False,False,False,False,6.133333333333334,22,2024-03-06,11.445652173913041,4.837606837606838,Manhattan,Chelsea,Manhattan,Upper East Side,2024-03-06,0.0,9.2,False
931,2024-03-01 05:06:00,2024-03-01 05:16:51,9,13,1.9,9.07,1.0,3,False,False,False,False,False,False,False,10.85,5,2024-03-01,10.506912442396313,4.773684210526316,Brooklyn,DUMBO,Queens,Long Island City,2024-03-01,0.0,4.2,False
932,2024-03-05 14:55:00,2024-03-05 15:20:00,3,17,8.47,26.71,1.0,1,False,False,False,False,False,False,False,25.0,14,2024-03-05,20.328,3.153482880755608,Manhattan,Chelsea,Bronx,Riverdale,2024-03-05,2.7,10.6,True
933,2024-03-18 07:45:00,2024-03-18 08:05:40,3,19,3.11,11.58,2.0,1,False,False,False,False,False,False,False,20.666666666666668,7,2024-03-18,9.029032258064516,3.7234726688102895,Manhattan,Chelsea,Staten Island,St. George,2024-03-18,1.5,8.4,True
934,2024-03-30 14:07:00,2024-03-30 14:16:49,4,1,0.0,3.98,1.0,1,False,True,False,False,True,False,False,9.816666666666666,14,2024-03-30,0.0,,Manhattan,SoHo,Manhattan,Midtown,2024-03-30,1.9,18.9,True
935,2024-03-26 08:53:00,2024-03-26 09:09:04,3,10,1.7,8.03,1.0,2,False,False,False,False,False,False,False,16.066666666666666,8,2024-03-26,6.348547717842323,4.723529411764706,Manhattan,Chelsea,Brooklyn,Bed-Stuy,2024-03-26,1.0,4.1,False
936,2024-03-27 14:31:00,2024-03-27 14:42:19,3,15,2.65,9.71,1.0,2,False,False,False,False,False,False,False,11.316666666666666,14,2024-03-27,14.050073637702504,3.6641509433962267,Manhattan,Chelsea,Queens,Forest Hills,2024-03-27,2.1,4.2,True
937,2024-03-23 20:46:00,2024-03-23 20:52:27,15,15,0.7,4.58,1.0,2,False,False,False,False,False,False,False,6.45,20,2024-03-23,6.511627906976744,6.542857142857144,Queens,Forest Hills,Queens,Forest Hills,2024-03-23,1.2,5.9,True
938,2024-03-06 00:57:00,2024-03-06 01:09:29,3,10,3.83,13.16,1.0,1,False,False,False,False,False,False,False,12.483333333333333,0,2024-03-06,18.408544726301738,3.436031331592689,Manhattan,Chelsea,Brooklyn,Bed-Stuy,2024-03-06,0.0,9.2,False
939,2024-03-18 17:51:00,2024-03-18 18:00:04,8,5,3.41,11.58,1.0,2,False,False,False,False,False,False,False,9.066666666666666,17,2024-03-18,22.566176470588236,3.3958944281524928,Brooklyn,Bushwick,Manhattan,Upper East Side,2024-03-18,1.5,8.4,True
940,2024-03-20 22:07:00,2024-03-20 22:45:16,6,16,1.17,6.21,1.0,1,False,False,False,False,False,False,False,38.266666666666666,22,2024-03-20,1.8344947735191637,5.307692307692308,Brooklyn,Williamsburg,Bronx,Fordham,2024-03-20,1.4,11.9,True
941,2024-03-12 15:00:00,2024-03-12 15:34:34,13,13,4.4,14.45,1.0,1,False,False,False,False,False,False,False,34.56666666666667,15,2024-03-12,7.6374156219864995,3.2840909090909087,Queens,Long Island City,Queens,Long Island City,2024-03-12,0.7,10.8,False
942,2024-03-31 18:28:00,2024-03-31 19:07:23,1,4,5.74,18.75,1.0,2,False,False,False,False,False,False,False,39.38333333333333,18,2024-03-31,8.744815911976302,3.2665505226480835,Manhattan,Midtown,Manhattan,SoHo,2024-03-31,0.3,10.0,False
943,2024-03-23 01:30:00,2024-03-23 02:09:15,5,6,2.59,9.72,1.0,2,False,False,False,False,False,False,False,39.25,1,2024-03-23,3.9592356687898085,3.7528957528957534,Manhattan,Upper East Side,Brooklyn,Williamsburg,2024-03-23,1.2,5.9,True
944,2024-03-11 14:16:00,2024-03-11 14:58:05,20,18,2.33,10.33,1.0,1,False,False,False,False,False,False,False,42.083333333333336,14,2024-03-11,3.321980198019802,4.4334763948497855,Staten Island,Tottenville,Bronx,Mott Haven,2024-03-11,1.8,11.3,True
945,2024-03-06 21:03:00,2024-03-06 22:10:13,14,6,0.8,5.37,1.0,2,False,False,False,False,False,False,False,67.21666666666667,21,2024-03-06,0.7141086040168609,6.7124999999999995,Queens,Jamaica,Brooklyn,Williamsburg,2024-03-06,0.0,9.2,False
946,2024-03-19 16:46:00,2024-03-19 16:57:54,6,2,8.07,22.45,1.0,1,False,False,False,False,False,False,False,11.9,16,2024-03-19,40.689075630252105,2.781908302354399,Brooklyn,Williamsburg,Manhattan,Harlem,2024-03-19,1.1,11.7,True
947,2024-03-17 02:11:00,2024-03-17 02:21:10,1,16,2.52,9.17,1.0,1,False,False,False,False,False,False,False,10.166666666666666,2,2024-03-17,14.872131147540985,3.638888888888889,Manhattan,Midtown,Bronx,Fordham,2024-03-17,1.8,12.0,True
948,2024-03-19 02:18:00,2024-03-19 02:48:13,12,8,2.18,9.53,2.0,2,False,False,False,False,False,False,False,30.216666666666665,2,2024-03-19,4.328736900165472,4.371559633027522,Queens,Flushing,Brooklyn,Bushwick,2024-03-19,1.1,11.7,True
949,2024-03-20 18:17:00,2024-03-20 18:35:57,15,2,2.1,8.22,1.0,2,False,False,False,False,False,False,False,18.95,18,2024-03-20,6.649076517150397,3.9142857142857146,Queens,Forest Hills,Manhattan,Harlem,2024-03-20,1.4,11.9,True
950,2024-03-05 04:47:00,2024-03-05 05:20:50,15,12,9.53,24.74,2.0,1,False,False,False,False,False,False,False,33.833333333333336,4,2024-03-05,16.90049261083744,2.59601259181532,Queens,Forest Hills,Queens,Flushing,2024-03-05,2.7,10.6,True
951,2024-03-27 09:17:00,2024-03-27 09:23:56,13,10,4.68,17.4,2.0,1,False,False,False,False,False,False,False,6.933333333333334,9,2024-03-27,40.49999999999999,3.717948717948718,Queens,Long Island City,Brooklyn,Bed-Stuy,2024-03-27,2.1,4.2,True
952,2024-03-28 21:08:00,2024-03-28 21:47:57,16,19,1.37,6.03,1.0,1,False,False,False,False,False,False,False,39.95,21,2024-03-28,2.057571964956195,4.401459854014599,Bronx,Fordham,Staten Island,St. George,2024-03-28,1.2,7.8,True
953,2024-03-27 03:14:00,2024-03-27 03:52:36,6,12,1.25,6.04,1.0,1,False,False,False,False,False,False,False,38.6,3,2024-03-27,1.9430051813471503,4.832,Brooklyn,Williamsburg,Queens,Flushing,2024-03-27,2.1,4.2,True
954,2024-03-03 17:52:00,2024-03-03 18:01:45,6,13,4.2,15.46,1.0,1,False,False,False,False,False,False,False,9.75,17,2024-03-03,25.846153846153847,3.680952380952381,Brooklyn,Williamsburg,Queens,Long Island City,2024-03-03,1.4,7.4,True
955,2024-03-11 06:57:00,2024-03-11 07:08:40,20,2,4.02,12.98,2.0,1,False,False,False,False,False,False,False,11.666666666666666,6,2024-03-11,20.674285714285713,3.2288557213930353,Staten Island,Tottenville,Manhattan,Harlem,2024-03-11,1.8,11.3,True
956,2024-03-05 18:00:00,2024-03-05 18:13:36,16,16,1.03,5.49,1.0,1,False,False,False,False,False,False,False,13.6,18,2024-03-05,4.544117647058824,5.330097087378641,Bronx,Fordham,Bronx,Fordham,2024-03-05,2.7,10.6,True
957,2024-03-17 06:57:00,2024-03-17 07:02:48,4,8,2.74,9.4,1.0,1,False,False,False,False,False,False,False,5.8,6,2024-03-17,28.3448275862069,3.4306569343065694,Manhattan,SoHo,Brooklyn,Bushwick,2024-03-17,1.8,12.0,True
958,2024-03-19 11:59:00,2024-03-19 12:12:05,18,10,1.89,8.8,1.0,1,False,False,False,False,False,False,False,13.083333333333334,11,2024-03-19,8.667515923566878,4.656084656084657,Bronx,Mott Haven,Brooklyn,Bed-Stuy,2024-03-19,1.1,11.7,True
959,2024-03-04 05:23:00,2024-03-04 05:46:26,13,16,6.6,23.63,3.0,1,False,False,False,False,False,False,False,23.433333333333334,5,2024-03-04,16.89900426742532,3.5803030303030305,Queens,Long Island City,Bronx,Fordham,2024-03-04,3.4,18.0,True
960,2024-03-02 02:47:00,2024-03-02 03:01:21,1,9,1.74,7.96,,1,False,False,False,True,True,False,False,14.35,2,2024-03-02,7.275261324041812,4.574712643678161,Manhattan,Midtown,Brooklyn,DUMBO,2024-03-02,0.7,3.3,False
961,2024-03-04 02:33:00,2024-03-04 02:39:38,17,14,4.77,17.77,1.0,1,False,False,False,False,False,False,False,6.633333333333334,2,2024-03-04,43.145728643216074,3.725366876310273,Bronx,Riverdale,Queens,Jamaica,2024-03-04,3.4,18.0,True
962,2024-03-30 21:03:00,2024-03-30 21:06:23,5,17,0.7,4.65,2.0,1,False,False,False,False,False,False,False,3.3833333333333333,21,2024-03-30,12.413793103448274,6.642857142857144,Manhattan,Upper East Side,Bronx,Riverdale,2024-03-30,1.9,18.9,True
963,2024-03-10 12:17:00,2024-03-10 12:45:49,17,5,10.69,36.68,4.0,3,False,False,False,False,False,False,False,28.816666666666666,12,2024-03-10,22.25795257374205,3.431244153414406,Bronx,Riverdale,Manhattan,Upper East Side,2024-03-10,0.0,3.9,False
964,2024-03-06 14:38:00,2024-03-06 14:46:17,18,17,0.59,4.62,1.0,1,False,False,False,False,False,False,False,8.283333333333333,14,2024-03-06,4.27364185110664,7.830508474576272,Bronx,Mott Haven,Bronx,Riverdale,2024-03-06,0.0,9.2,False
965,2024-03-20 20:58:00,2024-03-20 21:24:08,15,7,0.74,4.82,1.0,2,False,False,False,False,False,False,False,26.133333333333333,20,2024-03-20,1.6989795918367347,6.513513513513514,Queens,Forest Hills,Brooklyn,Park Slope,2024-03-20,1.4,11.9,True
966,2024-03-10 22:45:00,2024-03-10 23:12:16,20,13,5.24,19.7,3.0,1,False,False,False,False,False,False,False,27.266666666666666,22,2024-03-10,11.530562347188265,3.759541984732824,Staten Island,Tottenville,Queens,Long Island City,2024-03-10,0.0,3.9,False
967,2024-03-06 17:46:00,2024-03-06 17:59:53,19,4,9.43,24.06,1.0,1,False,False,False,False,False,False,False,13.883333333333333,17,2024-03-06,40.75390156062425,2.5514316012725344,Staten Island,St. George,Manhattan,SoHo,2024-03-06,0.0,9.2,False
968,2024-03-22 14:14:00,2024-03-22 14:20:49,1,3,0.68,5.06,1.0,1,False,False,False,False,False,False,False,6.816666666666666,14,2024-03-22,5.985330073349634,7.441176470588235,Manhattan,Midtown,Manhattan,Chelsea,2024-03-22,0.0,8.6,False
969,2024-03-06 12:45:00,2024-03-06 13:10:10,20,8,0.79,5.37,2.0,1,False,False,False,False,False,False,False,25.166666666666668,12,2024-03-06,1.8834437086092715,6.7974683544303796,Staten Island,Tottenville,Brooklyn,Bushwick,2024-03-06,0.0,9.2,False
970,2024-03-20 09:15:00,2024-03-20 09:16:04,15,18,4.21,16.02,1.0,2,False,False,False,False,False,False,False,1.0666666666666667,9,2024-03-20,236.8125,3.8052256532066506,Queens,Forest Hills,Bronx,Mott Haven,2024-03-20,1.4,11.9,True
971,2024-03-28 01:36:00,2024-03-28 01:49:25,16,6,1.72,8.07,1.0,1,False,False,False,False,False,False,False,13.416666666666666,1,2024-03-28,7.6919254658385094,4.691860465116279,Bronx,Fordham,Brooklyn,Williamsburg,2024-03-28,1.2,7.8,True
972,2024-03-18 00:44:00,2024-03-18 00:55:12,16,18,0.85,5.31,1.0,1,False,False,False,False,False,False,False,11.2,0,2024-03-18,4.553571428571429,6.247058823529412,Bronx,Fordham,Bronx,Mott Haven,2024-03-18,1.5,8.4,True
973,2024-03-01 03:56:00,2024-03-01 04:35:34,4,19,2.88,10.38,2.0,1,False,False,False,False,False,False,False,39.56666666666667,3,2024-03-01,4.367312552653749,3.604166666666667,Manhattan,SoHo,Staten Island,St. George,2024-03-01,0.0,4.2,False
974,2024-03-05 17:42:00,2024-03-05 18:09:54,17,5,5.5,15.68,4.0,1,False,False,False,False,False,False,False,27.9,17,2024-03-05,11.827956989247312,2.850909090909091,Bronx,Riverdale,Manhattan,Upper East Side,2024-03-05,2.7,10.6,True
975,2024-03-18 12:08:00,2024-03-18 12:21:25,3,19,4.6,17.36,1.0,1,False,False,False,False,False,False,False,13.416666666666666,12,2024-03-18,20.571428571428573,3.773913043478261,Manhattan,Chelsea,Staten Island,St. George,2024-03-18,1.5,8.4,True
976,2024-03-19 00:16:00,2024-03-19 00:29:33,10,3,1.75,7.03,1.0,2,False,False,False,False,False,False,False,13.55,0,2024-03-19,7.749077490774907,4.017142857142857,Brooklyn,Bed-Stuy,Manhattan,Chelsea,2024-03-19,1.1,11.7,True
977,2024-03-02 05:00:00,2024-03-02 05:35:00,6,2,3.66,13.49,1.0,1,False,False,False,False,False,False,False,35.0,5,2024-03-02,6.274285714285714,3.6857923497267757,Brooklyn,Williamsburg,Manhattan,Harlem,2024-03-02,0.7,3.3,False
978,2024-03-05 04:07:00,2024-03-05 04:26:22,7,3,8.84,25.75,3.0,2,False,False,False,False,False,False,False,19.366666666666667,4,2024-03-05,27.387263339070568,2.91289592760181,Brooklyn,Park Slope,Manhattan,Chelsea,2024-03-05,2.7,10.6,True
979,2024-03-13 02:43:00,2024-03-13 02:55:44,13,4,4.42,14.75,1.0,1,False,False,False,False,False,False,False,12.733333333333333,2,2024-03-13,20.827225130890053,3.33710407239819,Queens,Long Island City,Manhattan,SoHo,2024-03-13,0.7,7.3,False
980,2024-03-29 05:02:00,2024-03-29 05:08:19,14,20,1.49,7.36,1.0,1,False,False,False,False,False,False,False,6.316666666666666,5,2024-03-29,14.153034300791557,4.939597315436242,Queens,Jamaica,Staten Island,Tottenville,2024-03-29,1.1,4.2,True
981,2024-03-27 07:30:00,2024-03-27 08:37:39,14,3,1.09,6.31,4.0,1,False,False,False,False,False,False,False,67.65,7,2024-03-27,0.966740576496674,5.788990825688073,Queens,Jamaica,Manhattan,Chelsea,2024-03-27,2.1,4.2,True
982,2024-03-26 02:25:00,2024-03-26 02:30:45,15,1,2.97,9.88,1.0,1,False,False,False,False,False,False,False,5.75,2,2024-03-26,30.991304347826087,3.3265993265993266,Queens,Forest Hills,Manhattan,Midtown,2024-03-26,1.0,4.1,False
983,2024-03-21 08:19:00,2024-03-21 08:32:48,10,14,1.65,6.63,1.0,1,False,False,False,False,False,False,False,13.8,8,2024-03-21,7.17391304347826,4.0181818181818185,Brooklyn,Bed-Stuy,Queens,Jamaica,2024-03-21,0.0,8.6,False
984,2024-03-02 20:56:00,2024-03-02 21:28:04,7,4,0.97,5.14,,1,False,False,False,True,True,False,False,32.06666666666667,20,2024-03-02,1.8149688149688148,5.298969072164948,Brooklyn,Park Slope,Manhattan,SoHo,2024-03-02,0.7,3.3,False
985,2024-03-26 06:05:00,2024-03-26 06:17:19,8,6,7.2,20.02,1.0,1,False,False,False,False,False,False,False,12.316666666666666,6,2024-03-26,35.0744248985115,2.7805555555555554,Brooklyn,Bushwick,Brooklyn,Williamsburg,2024-03-26,1.0,4.1,False
986,2024-03-11 13:23:00,2024-03-11 13:39:12,11,5,2.27,9.69,1.0,1,False,False,False,False,False,False,False,16.2,13,2024-03-11,8.407407407407408,4.2687224669603525,Queens,Astoria,Manhattan,Upper East Side,2024-03-11,1.8,11.3,True
987,2024-03-04 19:46:00,2024-03-04 20:29:33,13,9,3.7,13.67,2.0,2,False,False,False,False,False,False,False,43.55,19,2024-03-04,5.0975889781859935,3.6945945945945944,Queens,Long Island City,Brooklyn,DUMBO,2024-03-04,3.4,18.0,True
988,2024-03-04 17:21:00,2024-03-04 17:48:12,1,17,7.43,21.34,1.0,1,False,False,False,False,False,False,False,27.2,17,2024-03-04,16.389705882352942,2.8721399730820996,Manhattan,Midtown,Bronx,Riverdale,2024-03-04,3.4,18.0,True
989,2024-03-14 07:52:00,2024-03-14 08:06:27,20,7,6.21,21.75,1.0,1,False,False,False,False,False,False,False,14.45,7,2024-03-14,25.785467128027683,3.502415458937198,Staten Island,Tottenville,Brooklyn,Park Slope,2024-03-14,1.5,5.8,True
990,2024-03-13 10:25:00,2024-03-13 10:52:14,14,7,1.32,6.6,1.0,1,False,False,False,False,False,False,False,27.233333333333334,10,2024-03-13,2.908200734394125,4.999999999999999,Queens,Jamaica,Brooklyn,Park Slope,2024-03-13,0.7,7.3,False
991,2024-03-19 03:07:00,2024-03-19 03:16:08,20,9,0.8,5.49,1.0,1,False,False,False,False,False,False,False,9.133333333333333,3,2024-03-19,5.255474452554745,6.8625,Staten Island,Tottenville,Brooklyn,DUMBO,2024-03-19,1.1,11.7,True
992,2024-03-21 15:22:00,2024-03-21 15:24:58,1,5,3.76,13.12,2.0,1,False,False,False,False,False,False,False,2.966666666666667,15,2024-03-21,76.04494382022472,3.4893617021276597,Manhattan,Midtown,Manhattan,Upper East Side,2024-03-21,0.0,8.6,False
993,2024-03-23 12:19:00,2024-03-23 12:58:18,13,4,0.35,3.88,1.0,1,False,False,False,False,False,False,False,39.3,12,2024-03-23,0.5343511450381679,11.085714285714285,Queens,Long Island City,Manhattan,SoHo,2024-03-23,1.2,5.9,True
994,2024-03-01 18:00:00,2024-03-01 18:11:30,12,3,1.71,8.4,1.0,1,False,False,False,False,False,False,False,11.5,18,2024-03-01,8.921739130434782,4.912280701754386,Queens,Flushing,Manhattan,Chelsea,2024-03-01,0.0,4.2,False
995,2024-03-24 14:59:00,2024-03-24 15:23:45,19,18,4.35,16.91,4.0,1,False,False,False,False,False,False,False,24.75,14,2024-03-24,10.545454545454545,3.8873563218390808,Staten Island,St. George,Bronx,Mott Haven,2024-03-24,1.1,11.3,True
996,2024-03-08 19:59:00,2024-03-08 20:19:25,16,9,4.47,13.07,1.0,2,False,False,False,False,False,False,False,20.416666666666668,19,2024-03-08,13.136326530612244,2.923937360178971,Bronx,Fordham,Brooklyn,DUMBO,2024-03-08,2.8,5.6,True
997,2024-03-18 07:11:00,2024-03-18 07:51:56,19,18,1.56,7.74,1.0,1,False,False,False,False,False,False,False,40.93333333333333,7,2024-03-18,2.2866449511400653,4.961538461538462,Staten Island,St. George,Bronx,Mott Haven,2024-03-18,1.5,8.4,True
998,2024-03-11 15:04:00,2024-03-11 15:23:25,8,13,2.89,10.75,1.0,1,False,False,False,False,False,False,False,19.416666666666668,15,2024-03-11,8.930472103004291,3.7197231833910034,Brooklyn,Bushwick,Queens,Long Island City,2024-03-11,1.8,11.3,True
999,2024-03-22 07:32:00,2024-03-22 07:40:44,14,5,4.54,16.14,1.0,1,False,False,False,False,False,False,False,8.733333333333333,7,2024-03-22,31.19083969465649,3.5550660792951545,Queens,Jamaica,Manhattan,Upper East Side,2024-03-22,0.0,8.6,False
1000,2024-03-03 08:44:00,2024-03-03 08:59:26,13,11,1.46,7.06,1.0,2,False,False,False,False,False,False,False,15.433333333333334,8,2024-03-03,5.676025917926565,4.835616438356165,Queens,Long Island City,Queens,Astoria,2024-03-03,1.4,7.4,True
1001,2024-03-15 07:57:00,2024-03-15 08:20:44,20,7,5.2,17.93,2.0,1,False,False,False,False,False,False,False,23.733333333333334,7,2024-03-15,13.146067415730338,3.448076923076923,Staten Island,Tottenville,Brooklyn,Park Slope,2024-03-15,2.5,10.9,True
1002,2024-03-01 05:03:00,2024-03-01 05:13:22,9,9,3.18,12.32,0.0,1,False,False,False,True,True,False,False,10.366666666666667,5,2024-03-01,18.405144694533764,3.8742138364779874,Brooklyn,DUMBO,Brooklyn,DUMBO,2024-03-01,0.0,4.2,False
1003,2024-03-27 10:11:00,2024-03-27 10:18:41,17,16,3.29,12.31,1.0,1,False,False,False,False,False,False,False,7.683333333333334,10,2024-03-27,25.691973969631235,3.7416413373860182,Bronx,Riverdale,Bronx,Fordham,2024-03-27,2.1,4.2,True
1004,2024-03-31 13:06:00,2024-03-31 13:19:55,16,13,1.83,7.69,3.0,2,False,False,False,False,False,False,False,13.916666666666666,13,2024-03-31,7.889820359281438,4.202185792349727,Bronx,Fordham,Queens,Long Island City,2024-03-31,0.3,10.0,False
1005,2024-03-19 05:59:00,2024-03-19 06:07:23,16,4,0.8,5.29,1.0,2,False,False,False,False,False,False,False,8.383333333333333,5,2024-03-19,5.725646123260438,6.6125,Bronx,Fordham,Manhattan,SoHo,2024-03-19,1.1,11.7,True
1006,2024-03-03 05:19:00,2024-03-03 05:43:00,16,13,2.41,9.8,1.0,1,False,False,False,False,False,False,False,24.0,5,2024-03-03,6.025,4.066390041493776,Bronx,Fordham,Queens,Long Island City,2024-03-03,1.4,7.4,True
1007,2024-03-12 07:07:00,2024-03-12 07:28:43,2,15,1.09,5.69,1.0,2,False,False,False,False,False,False,False,21.716666666666665,7,2024-03-12,3.01151189562548,5.220183486238532,Manhattan,Harlem,Queens,Forest Hills,2024-03-12,0.7,10.8,False
1008,2024-03-16 01:22:00,2024-03-16 01:29:05,5,9,1.48,7.37,2.0,1,False,False,False,False,False,False,False,7.083333333333333,1,2024-03-16,12.536470588235295,4.97972972972973,Manhattan,Upper East Side,Brooklyn,DUMBO,2024-03-16,0.5,14.7,False
1009,2024-03-01 05:37:00,2024-03-01 05:46:48,7,2,14.04,41.84,2.0,2,False,False,False,False,False,False,False,9.8,5,2024-03-01,85.95918367346937,2.9800569800569803,Brooklyn,Park Slope,Manhattan,Harlem,2024-03-01,0.0,4.2,False
1010,2024-03-20 18:44:00,2024-03-20 18:50:46,2,3,6.08,20.93,2.0,1,False,False,False,False,False,False,False,6.766666666666667,18,2024-03-20,53.91133004926108,3.4424342105263155,Manhattan,Harlem,Manhattan,Chelsea,2024-03-20,1.4,11.9,True
1011,2024-03-25 20:37:00,2024-03-25 20:55:06,19,16,0.68,-5.0,3.0,1,False,False,True,False,True,False,False,18.1,20,2024-03-25,2.25414364640884,-7.352941176470588,Staten Island,St. George,Bronx,Fordham,2024-03-25,0.0,7.3,False
1012,2024-03-27 15:41:00,2024-03-27 16:16:45,6,17,1.67,8.25,1.0,2,False,False,False,False,False,False,False,35.75,15,2024-03-27,2.8027972027972026,4.9401197604790426,Brooklyn,Williamsburg,Bronx,Riverdale,2024-03-27,2.1,4.2,True
1013,2024-03-07 07:51:00,2024-03-07 08:03:25,16,14,0.56,4.64,1.0,2,False,False,False,False,False,False,False,12.416666666666666,7,2024-03-07,2.7060402684563765,8.285714285714285,Bronx,Fordham,Queens,Jamaica,2024-03-07,0.0,3.3,False
1014,2024-03-27 10:06:00,2024-03-27 10:16:45,17,8,2.33,9.91,2.0,1,False,False,False,False,False,False,False,10.75,10,2024-03-27,13.004651162790697,4.253218884120171,Bronx,Riverdale,Brooklyn,Bushwick,2024-03-27,2.1,4.2,True
1015,2024-03-16 02:50:00,2024-03-16 03:12:32,8,7,7.02,25.24,1.0,2,False,False,False,False,False,False,False,22.533333333333335,2,2024-03-16,18.69230769230769,3.5954415954415953,Brooklyn,Bushwick,Brooklyn,Park Slope,2024-03-16,0.5,14.7,False
1016,2024-03-25 01:58:00,2024-03-25 01:59:35,2,13,3.34,10.36,4.0,2,False,False,False,False,False,False,False,1.5833333333333333,1,2024-03-25,126.56842105263158,3.1017964071856285,Manhattan,Harlem,Queens,Long Island City,2024-03-25,0.0,7.3,False
1017,2024-03-08 04:26:00,2024-03-08 04:51:48,14,8,3.82,15.19,,1,False,False,False,True,True,False,False,25.8,4,2024-03-08,8.883720930232558,3.9764397905759163,Queens,Jamaica,Brooklyn,Bushwick,2024-03-08,2.8,5.6,True
1018,2024-03-06 19:51:00,2024-03-06 20:10:36,5,20,2.78,11.58,1.0,1,False,False,False,False,False,False,False,19.6,19,2024-03-06,8.51020408163265,4.165467625899281,Manhattan,Upper East Side,Staten Island,Tottenville,2024-03-06,0.0,9.2,False
1019,2024-03-09 00:33:00,2024-03-09 00:45:59,18,8,3.77,13.33,2.0,2,False,False,False,False,False,False,False,12.983333333333333,0,2024-03-09,17.422336328626447,3.5358090185676394,Bronx,Mott Haven,Brooklyn,Bushwick,2024-03-09,4.2,4.7,True
1020,2024-03-28 20:28:00,2024-03-28 20:38:14,5,6,5.72,20.69,3.0,1,False,False,False,False,False,False,False,10.233333333333333,20,2024-03-28,33.537459283387626,3.6171328671328675,Manhattan,Upper East Side,Brooklyn,Williamsburg,2024-03-28,1.2,7.8,True
1021,2024-03-13 16:21:00,2024-03-13 16:47:26,16,15,10.56,28.97,3.0,2,False,False,False,False,False,False,False,26.433333333333334,16,2024-03-13,23.969735182849938,2.743371212121212,Bronx,Fordham,Queens,Forest Hills,2024-03-13,0.7,7.3,False
1022,2024-03-21 16:30:00,2024-03-21 16:50:01,8,7,7.14,24.11,1.0,1,False,False,False,False,False,False,False,20.016666666666666,16,2024-03-21,21.402164862614487,3.376750700280112,Brooklyn,Bushwick,Brooklyn,Park Slope,2024-03-21,0.0,8.6,False
1023,2024-03-03 05:15:00,2024-03-03 05:41:02,2,8,0.56,4.38,1.0,3,False,False,False,False,False,False,False,26.033333333333335,5,2024-03-03,1.290653008962868,7.82142857142857,Manhattan,Harlem,Brooklyn,Bushwick,2024-03-03,1.4,7.4,True
1024,2024-03-09 00:56:00,2024-03-09 01:05:22,14,17,0.25,3.71,1.0,1,False,False,False,False,False,False,False,9.366666666666667,0,2024-03-09,1.601423487544484,14.84,Queens,Jamaica,Bronx,Riverdale,2024-03-09,4.2,4.7,True
1025,2024-03-16 02:05:00,2024-03-16 02:17:26,8,2,1.19,5.74,1.0,1,False,False,False,False,False,False,False,12.433333333333334,2,2024-03-16,5.742627345844504,4.8235294117647065,Brooklyn,Bushwick,Manhattan,Harlem,2024-03-16,0.5,14.7,False
1026,2024-03-31 10:31:00,2024-03-31 10:45:47,9,4,1.24,5.87,1.0,1,False,False,False,False,False,False,False,14.783333333333333,10,2024-03-31,5.032694475760993,4.733870967741936,Brooklyn,DUMBO,Manhattan,SoHo,2024-03-31,0.3,10.0,False
1027,2024-03-11 06:16:00,2024-03-11 07:06:58,5,12,4.89,13.92,1.0,1,False,False,False,False,False,False,False,50.96666666666667,6,2024-03-11,5.756703727926749,2.8466257668711656,Manhattan,Upper East Side,Queens,Flushing,2024-03-11,1.8,11.3,True
1028,2024-03-11 12:03:00,2024-03-11 12:53:23,15,6,2.88,10.47,2.0,1,False,False,False,False,False,False,False,50.38333333333333,12,2024-03-11,3.4297055904730396,3.635416666666667,Queens,Forest Hills,Brooklyn,Williamsburg,2024-03-11,1.8,11.3,True
1029,2024-03-08 14:47:00,2024-03-08 15:27:00,20,7,0.66,5.05,2.0,2,False,False,False,False,False,False,False,40.0,14,2024-03-08,0.9900000000000001,7.6515151515151505,Staten Island,Tottenville,Brooklyn,Park Slope,2024-03-08,2.8,5.6,True
1030,2024-03-12 01:54:00,2024-03-12 02:04:26,19,9,0.4,4.07,1.0,1,False,False,False,False,False,False,False,10.433333333333334,1,2024-03-12,2.3003194888178915,10.175,Staten Island,St. George,Brooklyn,DUMBO,2024-03-12,0.7,10.8,False
1031,2024-03-08 05:57:00,2024-03-08 06:03:26,2,19,2.95,10.87,1.0,1,False,False,False,False,False,False,False,6.433333333333334,5,2024-03-08,27.512953367875646,3.684745762711864,Manhattan,Harlem,Staten Island,St. George,2024-03-08,2.8,5.6,True
1032,2024-03-28 08:09:00,2024-03-28 08:41:14,9,13,7.06,24.52,2.0,1,False,False,False,False,False,False,False,32.233333333333334,8,2024-03-28,13.141675284384693,3.473087818696884,Brooklyn,DUMBO,Queens,Long Island City,2024-03-28,1.2,7.8,True
1033,2024-03-06 22:39:00,2024-03-06 22:43:19,19,19,1.63,7.8,4.0,2,False,False,False,False,False,False,False,4.316666666666666,22,2024-03-06,22.656370656370658,4.785276073619632,Staten Island,St. George,Staten Island,St. George,2024-03-06,0.0,9.2,False
1034,2024-03-22 18:15:00,2024-03-22 18:33:09,20,17,1.2,6.57,1.0,1,False,False,False,False,False,False,False,18.15,18,2024-03-22,3.9669421487603307,5.4750000000000005,Staten Island,Tottenville,Bronx,Riverdale,2024-03-22,0.0,8.6,False
1035,2024-03-11 00:07:00,2024-03-11 00:17:07,10,3,2.71,10.88,1.0,1,False,False,False,False,False,False,False,10.116666666666667,0,2024-03-11,16.072487644151565,4.014760147601477,Brooklyn,Bed-Stuy,Manhattan,Chelsea,2024-03-11,1.8,11.3,True
1036,2024-03-19 06:04:00,2024-03-19 06:54:01,20,20,1.82,8.1,1.0,1,False,False,False,False,False,False,False,50.016666666666666,6,2024-03-19,2.183272242585805,4.45054945054945,Staten Island,Tottenville,Staten Island,Tottenville,2024-03-19,1.1,11.7,True
1037,2024-03-21 07:35:00,2024-03-21 08:34:15,1,7,6.81,23.24,1.0,1,False,False,False,False,False,False,False,59.25,7,2024-03-21,6.896202531645569,3.4126284875183552,Manhattan,Midtown,Brooklyn,Park Slope,2024-03-21,0.0,8.6,False
1038,2024-03-08 18:04:00,2024-03-08 18:17:36,13,9,6.13,17.27,2.0,1,False,False,False,False,False,False,False,13.6,18,2024-03-08,27.044117647058826,2.8172920065252853,Queens,Long Island City,Brooklyn,DUMBO,2024-03-08,2.8,5.6,True
1039,2024-03-21 23:13:00,2024-03-21 23:19:49,11,17,3.16,12.79,1.0,1,False,False,False,False,False,False,False,6.816666666666666,23,2024-03-21,27.814180929095357,4.0474683544303796,Queens,Astoria,Bronx,Riverdale,2024-03-21,0.0,8.6,False
1040,2024-03-31 10:46:00,2024-03-31 11:08:46,12,10,3.56,14.22,3.0,2,False,False,False,False,False,False,False,22.766666666666666,10,2024-03-31,9.382137628111275,3.9943820224719104,Queens,Flushing,Brooklyn,Bed-Stuy,2024-03-31,0.3,10.0,False
1041,2024-03-26 21:45:00,2024-03-26 22:02:23,16,15,2.59,10.84,1.0,1,False,False,False,False,False,False,False,17.383333333333333,21,2024-03-26,8.939597315436242,4.185328185328186,Bronx,Fordham,Queens,Forest Hills,2024-03-26,1.0,4.1,False
1042,2024-03-08 03:05:00,2024-03-08 03:31:39,6,11,1.22,5.86,1.0,1,False,False,False,False,False,False,False,26.65,3,2024-03-08,2.7467166979362103,4.803278688524591,Brooklyn,Williamsburg,Queens,Astoria,2024-03-08,2.8,5.6,True
1043,2024-03-17 21:31:00,2024-03-17 21:44:13,15,11,3.9,12.18,1.0,2,False,False,False,False,False,False,False,13.216666666666667,21,2024-03-17,17.704918032786885,3.123076923076923,Queens,Forest Hills,Queens,Astoria,2024-03-17,1.8,12.0,True
1044,2024-03-15 21:22:00,2024-03-15 21:45:00,13,12,3.13,10.03,1.0,3,False,False,False,False,False,False,False,23.0,21,2024-03-15,8.165217391304347,3.2044728434504792,Queens,Long Island City,Queens,Flushing,2024-03-15,2.5,10.9,True
1045,2024-03-30 20:56:00,2024-03-30 21:06:38,1,13,1.85,7.87,1.0,1,False,False,False,False,False,False,False,10.633333333333333,20,2024-03-30,10.438871473354233,4.254054054054054,Manhattan,Midtown,Queens,Long Island City,2024-03-30,1.9,18.9,True
1046,2024-03-28 10:21:00,2024-03-28 10:25:46,2,19,3.75,13.54,1.0,1,False,False,False,False,False,False,False,4.766666666666667,10,2024-03-28,47.20279720279721,3.6106666666666665,Manhattan,Harlem,Staten Island,St. George,2024-03-28,1.2,7.8,True
1047,2024-03-17 23:10:00,2024-03-17 23:18:03,8,14,6.23,22.15,1.0,1,False,False,False,False,False,False,False,8.05,23,2024-03-17,46.43478260869565,3.5553772070626,Brooklyn,Bushwick,Queens,Jamaica,2024-03-17,1.8,12.0,True
1048,2024-03-12 23:43:00,2024-03-12 23:56:05,6,8,1.51,6.99,1.0,1,False,False,False,False,False,False,False,13.083333333333334,23,2024-03-12,6.92484076433121,4.629139072847682,Brooklyn,Williamsburg,Brooklyn,Bushwick,2024-03-12,0.7,10.8,False
1049,2024-03-16 14:27:00,2024-03-16 14:46:02,10,14,1.59,7.12,1.0,1,False,False,False,False,False,False,False,19.033333333333335,14,2024-03-16,5.012259194395797,4.477987421383648,Brooklyn,Bed-Stuy,Queens,Jamaica,2024-03-16,0.5,14.7,False
1050,2024-03-09 02:23:00,2024-03-09 02:39:38,15,3,4.56,15.14,4.0,1,False,False,False,False,False,False,False,16.633333333333333,2,2024-03-09,16.448897795591183,3.3201754385964914,Queens,Forest Hills,Manhattan,Chelsea,2024-03-09,4.2,4.7,True
1051,2024-03-24 13:48:00,2024-03-24 14:00:15,16,12,3.6,12.17,1.0,2,False,False,False,False,False,False,False,12.25,13,2024-03-24,17.63265306122449,3.3805555555555555,Bronx,Fordham,Queens,Flushing,2024-03-24,1.1,11.3,True
1052,2024-03-26 14:28:00,2024-03-26 14:56:22,8,1,2.41,10.33,1.0,3,False,False,False,False,False,False,False,28.366666666666667,14,2024-03-26,5.09753231492362,4.286307053941909,Brooklyn,Bushwick,Manhattan,Midtown,2024-03-26,1.0,4.1,False
1053,2024-03-26 22:47:00,2024-03-26 23:24:16,8,15,0.89,5.46,1.0,2,False,False,False,False,False,False,False,37.266666666666666,22,2024-03-26,1.4329159212880145,6.134831460674157,Brooklyn,Bushwick,Queens,Forest Hills,2024-03-26,1.0,4.1,False
1054,2024-03-10 05:26:00,2024-03-10 06:09:22,15,4,1.35,7.08,1.0,1,False,False,False,False,False,False,False,43.36666666666667,5,2024-03-10,1.8677940046118373,5.2444444444444445,Queens,Forest Hills,Manhattan,SoHo,2024-03-10,0.0,3.9,False
1055,2024-03-09 11:14:00,2024-03-09 11:20:15,11,7,7.84,22.55,1.0,1,False,False,False,False,False,False,False,6.25,11,2024-03-09,75.264,2.876275510204082,Queens,Astoria,Brooklyn,Park Slope,2024-03-09,4.2,4.7,True
1056,2024-03-19 20:20:00,2024-03-19 20:33:27,16,6,6.15,19.2,1.0,1,False,False,False,False,False,False,False,13.45,20,2024-03-19,27.43494423791822,3.121951219512195,Bronx,Fordham,Brooklyn,Williamsburg,2024-03-19,1.1,11.7,True
1057,2024-03-13 06:29:00,2024-03-13 06:56:15,18,12,5.04,17.49,1.0,3,False,False,False,False,False,False,False,27.25,6,2024-03-13,11.097247706422019,3.470238095238095,Bronx,Mott Haven,Queens,Flushing,2024-03-13,0.7,7.3,False
1058,2024-03-26 16:12:00,2024-03-26 16:18:12,13,9,0.87,5.04,1.0,1,False,False,False,False,False,False,False,6.2,16,2024-03-26,8.419354838709678,5.793103448275862,Queens,Long Island City,Brooklyn,DUMBO,2024-03-26,1.0,4.1,False
1059,2024-03-13 00:36:00,2024-03-13 00:42:11,2,14,1.91,7.88,2.0,1,False,False,False,False,False,False,False,6.183333333333334,0,2024-03-13,18.533692722371967,4.12565445026178,Manhattan,Harlem,Queens,Jamaica,2024-03-13,0.7,7.3,False
1060,2024-03-05 09:18:00,2024-03-05 09:23:46,19,16,1.05,6.26,1.0,1,False,False,False,False,False,False,False,5.766666666666667,9,2024-03-05,10.924855491329481,5.961904761904761,Staten Island,St. George,Bronx,Fordham,2024-03-05,2.7,10.6,True
1061,2024-03-08 05:06:00,2024-03-08 05:29:52,8,10,1.72,7.84,1.0,2,False,False,False,False,False,False,False,23.866666666666667,5,2024-03-08,4.324022346368715,4.558139534883721,Brooklyn,Bushwick,Brooklyn,Bed-Stuy,2024-03-08,2.8,5.6,True
1062,2024-03-16 15:40:00,2024-03-16 15:43:21,13,8,1.71,7.05,1.0,1,False,False,False,False,False,False,False,3.35,15,2024-03-16,30.62686567164179,4.12280701754386,Queens,Long Island City,Brooklyn,Bushwick,2024-03-16,0.5,14.7,False
1063,2024-03-29 18:05:00,2024-03-29 18:15:55,16,17,5.4,17.33,1.0,1,False,False,False,False,False,False,False,10.916666666666666,18,2024-03-29,29.679389312977104,3.209259259259259,Bronx,Fordham,Bronx,Riverdale,2024-03-29,1.1,4.2,True
1064,2024-03-06 00:40:00,2024-03-06 00:48:47,8,15,0.86,5.63,1.0,1,False,False,False,False,False,False,False,8.783333333333333,0,2024-03-06,5.874762808349146,6.546511627906977,Brooklyn,Bushwick,Queens,Forest Hills,2024-03-06,0.0,9.2,False
1065,2024-03-28 09:41:00,2024-03-28 09:46:07,6,6,2.91,10.71,2.0,2,False,False,False,False,False,False,False,5.116666666666666,9,2024-03-28,34.12377850162867,3.680412371134021,Brooklyn,Williamsburg,Brooklyn,Williamsburg,2024-03-28,1.2,7.8,True
1066,2024-03-22 23:13:00,2024-03-22 23:26:30,5,6,0.67,4.54,1.0,2,False,False,False,False,False,False,False,13.5,23,2024-03-22,2.977777777777778,6.776119402985074,Manhattan,Upper East Side,Brooklyn,Williamsburg,2024-03-22,0.0,8.6,False
1067,2024-03-13 10:23:00,2024-03-13 11:12:58,19,13,3.3,13.41,2.0,1,False,False,False,False,False,False,False,49.96666666666667,10,2024-03-13,3.9626417611741154,4.0636363636363635,Staten Island,St. George,Queens,Long Island City,2024-03-13,0.7,7.3,False
1068,2024-03-16 12:13:00,2024-03-16 12:30:17,18,20,1.61,7.7,1.0,1,False,False,False,False,False,False,False,17.283333333333335,12,2024-03-16,5.589199614271938,4.782608695652174,Bronx,Mott Haven,Staten Island,Tottenville,2024-03-16,0.5,14.7,False
1069,2024-03-26 00:25:00,2024-03-26 00:42:33,16,2,2.96,11.12,1.0,1,False,False,False,False,False,False,False,17.55,0,2024-03-26,10.119658119658117,3.7567567567567566,Bronx,Fordham,Manhattan,Harlem,2024-03-26,1.0,4.1,False
1070,2024-03-05 11:17:00,2024-03-05 11:32:04,6,20,1.41,7.03,2.0,1,False,False,False,False,False,False,False,15.066666666666666,11,2024-03-05,5.61504424778761,4.98581560283688,Brooklyn,Williamsburg,Staten Island,Tottenville,2024-03-05,2.7,10.6,True
1071,2024-03-07 16:43:00,2024-03-07 16:49:50,6,3,12.35,34.16,1.0,2,False,False,False,False,False,False,False,6.833333333333333,16,2024-03-07,108.4390243902439,2.765991902834008,Brooklyn,Williamsburg,Manhattan,Chelsea,2024-03-07,0.0,3.3,False
1072,2024-03-02 05:26:00,2024-03-02 05:30:14,20,4,9.41,28.36,1.0,1,False,False,False,False,False,False,False,4.233333333333333,5,2024-03-02,133.37007874015748,3.0138150903294365,Staten Island,Tottenville,Manhattan,SoHo,2024-03-02,0.7,3.3,False
1073,2024-03-20 01:43:00,2024-03-20 02:20:03,14,15,4.15,13.82,1.0,1,False,False,False,False,False,False,False,37.05,1,2024-03-20,6.720647773279354,3.3301204819277106,Queens,Jamaica,Queens,Forest Hills,2024-03-20,1.4,11.9,True
1074,2024-03-29 07:18:00,2024-03-29 07:23:25,4,20,1.63,7.21,1.0,1,False,False,False,False,False,False,False,5.416666666666667,7,2024-03-29,18.055384615384614,4.4233128834355835,Manhattan,SoHo,Staten Island,Tottenville,2024-03-29,1.1,4.2,True
1075,2024-03-04 20:18:00,2024-03-04 20:38:19,12,18,4.77,18.07,1.0,1,False,False,False,False,False,False,False,20.316666666666666,20,2024-03-04,14.08695652173913,3.7882599580712792,Queens,Flushing,Bronx,Mott Haven,2024-03-04,3.4,18.0,True
1076,2024-03-19 19:26:00,2024-03-19 19:29:24,9,4,0.68,4.8,2.0,1,False,False,False,False,False,False,False,3.4,19,2024-03-19,12.000000000000002,7.058823529411764,Brooklyn,DUMBO,Manhattan,SoHo,2024-03-19,1.1,11.7,True
1077,2024-03-03 08:32:00,2024-03-03 08:36:02,12,19,0.48,4.19,1.0,1,False,False,False,False,False,False,False,4.033333333333333,8,2024-03-03,7.140495867768594,8.729166666666668,Queens,Flushing,Staten Island,St. George,2024-03-03,1.4,7.4,True
1078,2024-03-13 02:02:00,2024-03-13 02:15:49,20,15,3.41,11.8,3.0,1,False,False,False,False,False,False,False,13.816666666666666,2,2024-03-13,14.808202653799759,3.4604105571847508,Staten Island,Tottenville,Queens,Forest Hills,2024-03-13,0.7,7.3,False
1079,2024-03-25 21:45:00,2024-03-25 22:03:55,9,7,3.9,13.59,,1,False,False,False,True,True,False,False,18.916666666666668,21,2024-03-25,12.370044052863435,3.4846153846153847,Brooklyn,DUMBO,Brooklyn,Park Slope,2024-03-25,0.0,7.3,False
1080,2024-03-16 02:31:00,2024-03-16 02:57:32,7,11,1.04,6.05,1.0,2,False,False,False,False,False,False,False,26.533333333333335,2,2024-03-16,2.351758793969849,5.817307692307692,Brooklyn,Park Slope,Queens,Astoria,2024-03-16,0.5,14.7,False
1081,2024-03-18 03:07:00,2024-03-18 03:11:55,17,17,3.68,14.62,1.0,1,False,False,False,False,False,False,False,4.916666666666667,3,2024-03-18,44.90847457627119,3.9728260869565215,Bronx,Riverdale,Bronx,Riverdale,2024-03-18,1.5,8.4,True
1082,2024-03-29 23:35:00,2024-03-30 00:01:35,12,14,1.17,5.81,2.0,1,False,False,False,False,False,False,False,26.583333333333332,23,2024-03-29,2.6407523510971784,4.965811965811966,Queens,Flushing,Queens,Jamaica,2024-03-29,1.1,4.2,True
1083,2024-03-20 07:45:00,2024-03-20 07:58:01,18,15,1.62,7.74,1.0,1,False,False,False,False,False,False,False,13.016666666666667,7,2024-03-20,7.467349551856594,4.777777777777778,Bronx,Mott Haven,Queens,Forest Hills,2024-03-20,1.4,11.9,True
1084,2024-03-18 05:25:00,2024-03-18 05:33:07,1,10,0.82,5.11,3.0,1,False,False,False,False,False,False,False,8.116666666666667,5,2024-03-18,6.061601642710472,6.231707317073171,Manhattan,Midtown,Brooklyn,Bed-Stuy,2024-03-18,1.5,8.4,True
1085,2024-03-03 04:25:00,2024-03-03 04:49:33,7,9,1.83,7.98,4.0,1,False,False,False,False,False,False,False,24.55,4,2024-03-03,4.472505091649695,4.360655737704918,Brooklyn,Park Slope,Brooklyn,DUMBO,2024-03-03,1.4,7.4,True
1086,2024-03-20 19:39:00,2024-03-20 19:58:30,17,5,1.89,8.63,1.0,1,False,False,False,False,False,False,False,19.5,19,2024-03-20,5.815384615384615,4.5661375661375665,Bronx,Riverdale,Manhattan,Upper East Side,2024-03-20,1.4,11.9,True
1087,2024-03-14 11:38:00,2024-03-14 11:46:12,7,16,4.45,15.37,2.0,1,False,False,False,False,False,False,False,8.2,11,2024-03-14,32.5609756097561,3.4539325842696624,Brooklyn,Park Slope,Bronx,Fordham,2024-03-14,1.5,5.8,True
1088,2024-03-02 22:48:00,2024-03-02 23:15:55,14,19,1.14,5.83,2.0,1,False,False,False,False,False,False,False,27.916666666666668,22,2024-03-02,2.450149253731343,5.114035087719299,Queens,Jamaica,Staten Island,St. George,2024-03-02,0.7,3.3,False
1089,2024-03-24 09:56:00,2024-03-24 10:03:08,16,5,1.23,6.88,1.0,1,False,False,False,False,False,False,False,7.133333333333334,9,2024-03-24,10.345794392523365,5.59349593495935,Bronx,Fordham,Manhattan,Upper East Side,2024-03-24,1.1,11.3,True
1090,2024-03-08 23:07:00,2024-03-08 23:18:32,14,2,3.97,12.38,1.0,1,False,False,False,False,False,False,False,11.533333333333333,23,2024-03-08,20.653179190751448,3.118387909319899,Queens,Jamaica,Manhattan,Harlem,2024-03-08,2.8,5.6,True
1091,2024-03-06 10:10:00,2024-03-06 10:15:40,10,9,0.69,4.68,2.0,1,False,False,False,False,False,False,False,5.666666666666667,10,2024-03-06,7.305882352941175,6.782608695652174,Brooklyn,Bed-Stuy,Brooklyn,DUMBO,2024-03-06,0.0,9.2,False
1092,2024-03-24 05:27:00,2024-03-24 05:40:14,17,6,2.32,8.9,2.0,1,False,False,False,False,False,False,False,13.233333333333333,5,2024-03-24,10.518891687657431,3.8362068965517246,Bronx,Riverdale,Brooklyn,Williamsburg,2024-03-24,1.1,11.3,True
1093,2024-03-31 22:34:00,2024-03-31 22:46:12,3,3,1.75,7.9,1.0,2,False,False,False,False,False,False,False,12.2,22,2024-03-31,8.606557377049182,4.514285714285714,Manhattan,Chelsea,Manhattan,Chelsea,2024-03-31,0.3,10.0,False
1094,2024-03-23 17:25:00,2024-03-23 17:41:46,4,18,3.8,14.11,1.0,1,False,False,False,False,False,False,False,16.766666666666666,17,2024-03-23,13.59840954274354,3.713157894736842,Manhattan,SoHo,Bronx,Mott Haven,2024-03-23,1.2,5.9,True
1095,2024-03-18 10:27:00,2024-03-18 10:47:00,19,14,1.42,7.44,2.0,1,False,False,False,False,False,False,False,20.0,10,2024-03-18,4.26,5.23943661971831,Staten Island,St. George,Queens,Jamaica,2024-03-18,1.5,8.4,True
1096,2024-03-14 03:46:00,2024-03-14 04:01:40,15,20,3.95,13.93,1.0,1,False,False,False,False,False,False,False,15.666666666666666,3,2024-03-14,15.127659574468085,3.5265822784810124,Queens,Forest Hills,Staten Island,Tottenville,2024-03-14,1.5,5.8,True
1097,2024-03-09 18:47:00,2024-03-09 19:18:40,18,18,2.49,10.62,1.0,2,False,False,False,False,False,False,False,31.666666666666668,18,2024-03-09,4.717894736842106,4.265060240963855,Bronx,Mott Haven,Bronx,Mott Haven,2024-03-09,4.2,4.7,True
1098,2024-03-27 20:29:00,2024-03-27 20:43:19,5,17,8.61,25.81,1.0,2,False,False,False,False,False,False,False,14.316666666666666,20,2024-03-27,36.08381839348079,2.997677119628339,Manhattan,Upper East Side,Bronx,Riverdale,2024-03-27,2.1,4.2,True
1099,2024-03-13 02:43:00,2024-03-13 03:03:17,18,19,6.04,16.95,1.0,1,False,False,False,False,False,False,False,20.283333333333335,2,2024-03-13,17.866885784716512,2.8062913907284766,Bronx,Mott Haven,Staten Island,St. George,2024-03-13,0.7,7.3,False
1100,2024-03-23 17:35:00,2024-03-23 17:36:05,10,5,3.66,13.19,1.0,1,False,False,False,False,False,False,False,1.0833333333333333,17,2024-03-23,202.70769230769233,3.6038251366120218,Brooklyn,Bed-Stuy,Manhattan,Upper East Side,2024-03-23,1.2,5.9,True
1101,2024-03-10 07:14:00,2024-03-10 07:25:28,6,16,5.86,18.46,1.0,1,False,False,False,False,False,False,False,11.466666666666667,7,2024-03-10,30.662790697674417,3.150170648464164,Brooklyn,Williamsburg,Bronx,Fordham,2024-03-10,0.0,3.9,False
1102,2024-03-05 05:54:00,2024-03-05 06:05:36,2,19,2.96,9.76,2.0,1,False,False,False,False,False,False,False,11.6,5,2024-03-05,15.310344827586206,3.2972972972972974,Manhattan,Harlem,Staten Island,St. George,2024-03-05,2.7,10.6,True
1103,2024-03-14 07:39:00,2024-03-14 07:49:44,20,4,2.07,8.78,2.0,1,False,False,False,False,False,False,False,10.733333333333333,7,2024-03-14,11.571428571428571,4.241545893719807,Staten Island,Tottenville,Manhattan,SoHo,2024-03-14,1.5,5.8,True
1104,2024-03-25 21:24:00,2024-03-25 21:44:40,8,18,1.08,5.58,1.0,1,False,False,False,False,False,False,False,20.666666666666668,21,2024-03-25,3.135483870967742,5.166666666666666,Brooklyn,Bushwick,Bronx,Mott Haven,2024-03-25,0.0,7.3,False
1105,2024-03-03 07:07:00,2024-03-03 07:21:51,18,12,1.11,6.25,1.0,1,False,False,False,False,False,False,False,14.85,7,2024-03-03,4.484848484848485,5.63063063063063,Bronx,Mott Haven,Queens,Flushing,2024-03-03,1.4,7.4,True
1106,2024-03-12 20:03:00,2024-03-12 20:25:16,3,8,1.82,8.58,2.0,1,False,False,False,False,False,False,False,22.266666666666666,20,2024-03-12,4.904191616766467,4.714285714285714,Manhattan,Chelsea,Brooklyn,Bushwick,2024-03-12,0.7,10.8,False
1107,2024-03-18 20:47:00,2024-03-18 20:51:15,10,14,2.11,7.71,1.0,1,False,False,False,False,False,False,False,4.25,20,2024-03-18,29.788235294117648,3.6540284360189577,Brooklyn,Bed-Stuy,Queens,Jamaica,2024-03-18,1.5,8.4,True
1108,2024-03-19 21:42:00,2024-03-19 21:47:17,11,20,0.81,5.52,1.0,1,False,False,False,False,False,False,False,5.283333333333333,21,2024-03-19,9.198738170347005,6.814814814814814,Queens,Astoria,Staten Island,Tottenville,2024-03-19,1.1,11.7,True
1109,2024-03-29 16:10:00,2024-03-29 16:21:37,2,11,0.92,5.4,2.0,2,False,False,False,False,False,False,False,11.616666666666667,16,2024-03-29,4.751793400286944,5.869565217391305,Manhattan,Harlem,Queens,Astoria,2024-03-29,1.1,4.2,True
1110,2024-03-22 12:47:00,2024-03-22 13:05:03,19,17,0.95,5.47,3.0,1,False,False,False,False,False,False,False,18.05,12,2024-03-22,3.157894736842105,5.757894736842105,Staten Island,St. George,Bronx,Riverdale,2024-03-22,0.0,8.6,False
1111,2024-03-20 14:55:00,2024-03-20 15:06:19,12,8,4.47,16.22,1.0,2,False,False,False,False,False,False,False,11.316666666666666,14,2024-03-20,23.699558173784975,3.6286353467561523,Queens,Flushing,Brooklyn,Bushwick,2024-03-20,1.4,11.9,True
1112,2024-03-14 08:30:00,2024-03-14 09:02:38,8,15,6.26,19.77,2.0,2,False,False,False,False,False,False,False,32.63333333333333,8,2024-03-14,11.509703779366701,3.15814696485623,Brooklyn,Bushwick,Queens,Forest Hills,2024-03-14,1.5,5.8,True
1113,2024-03-24 05:24:00,2024-03-24 05:44:28,11,15,0.54,4.5,1.0,1,False,False,False,False,False,False,False,20.466666666666665,5,2024-03-24,1.5830618892508146,8.333333333333332,Queens,Astoria,Queens,Forest Hills,2024-03-24,1.1,11.3,True
1114,2024-03-01 18:30:00,2024-03-01 18:49:37,15,7,4.62,16.27,4.0,2,False,False,False,False,False,False,False,19.616666666666667,18,2024-03-01,14.130841121495328,3.5216450216450217,Queens,Forest Hills,Brooklyn,Park Slope,2024-03-01,0.0,4.2,False
1115,2024-03-17 12:38:00,2024-03-17 12:41:56,4,20,2.88,11.9,1.0,1,False,False,False,False,False,False,False,3.933333333333333,12,2024-03-17,43.93220338983051,4.131944444444445,Manhattan,SoHo,Staten Island,Tottenville,2024-03-17,1.8,12.0,True
1116,2024-03-18 00:34:00,2024-03-18 01:36:05,1,7,0.69,5.1,1.0,1,False,False,False,False,False,False,False,62.083333333333336,0,2024-03-18,0.6668456375838925,7.391304347826087,Manhattan,Midtown,Brooklyn,Park Slope,2024-03-18,1.5,8.4,True
1117,2024-03-15 03:33:00,2024-03-15 03:45:12,10,20,1.84,7.19,4.0,1,False,False,False,False,False,False,False,12.2,3,2024-03-15,9.049180327868854,3.907608695652174,Brooklyn,Bed-Stuy,Staten Island,Tottenville,2024-03-15,2.5,10.9,True
1118,2024-03-27 10:36:00,2024-03-27 10:42:56,8,1,6.79,20.56,1.0,1,False,False,False,False,False,False,False,6.933333333333334,10,2024-03-27,58.75961538461538,3.027982326951399,Brooklyn,Bushwick,Manhattan,Midtown,2024-03-27,2.1,4.2,True
1119,2024-03-13 10:04:00,2024-03-13 10:35:46,8,5,2.92,10.73,1.0,1,False,False,False,False,False,False,False,31.766666666666666,10,2024-03-13,5.515215110178384,3.6746575342465757,Brooklyn,Bushwick,Manhattan,Upper East Side,2024-03-13,0.7,7.3,False
1120,2024-03-14 01:02:00,2024-03-14 01:09:08,6,2,1.18,6.35,1.0,1,False,False,False,False,False,False,False,7.133333333333334,1,2024-03-14,9.925233644859812,5.38135593220339,Brooklyn,Williamsburg,Manhattan,Harlem,2024-03-14,1.5,5.8,True
1121,2024-03-01 21:40:00,2024-03-01 21:52:27,9,7,4.47,15.2,1.0,1,False,False,False,False,False,False,False,12.45,21,2024-03-01,21.542168674698797,3.4004474272930647,Brooklyn,DUMBO,Brooklyn,Park Slope,2024-03-01,0.0,4.2,False
1122,2024-03-18 01:15:00,2024-03-18 01:27:47,3,2,0.89,5.36,1.0,1,False,False,False,False,False,False,False,12.783333333333333,1,2024-03-18,4.177314211212517,6.02247191011236,Manhattan,Chelsea,Manhattan,Harlem,2024-03-18,1.5,8.4,True
1123,2024-03-16 17:11:00,2024-03-16 17:42:48,20,14,4.87,14.74,1.0,2,False,False,False,False,False,False,False,31.8,17,2024-03-16,9.18867924528302,3.026694045174538,Staten Island,Tottenville,Queens,Jamaica,2024-03-16,0.5,14.7,False
1124,2024-03-20 16:29:00,2024-03-20 16:47:02,18,1,2.51,10.12,1.0,1,False,False,False,False,False,False,False,18.033333333333335,16,2024-03-20,8.351201478743068,4.031872509960159,Bronx,Mott Haven,Manhattan,Midtown,2024-03-20,1.4,11.9,True
1125,2024-03-27 12:16:00,2024-03-27 12:30:15,13,5,1.83,8.73,1.0,1,False,False,False,False,False,False,False,14.25,12,2024-03-27,7.705263157894738,4.770491803278689,Queens,Long Island City,Manhattan,Upper East Side,2024-03-27,2.1,4.2,True
1126,2024-03-05 11:30:00,2024-03-05 11:41:45,14,6,2.87,11.15,3.0,1,False,False,False,False,False,False,False,11.75,11,2024-03-05,14.65531914893617,3.8850174216027873,Queens,Jamaica,Brooklyn,Williamsburg,2024-03-05,2.7,10.6,True
1127,2024-03-28 22:25:00,2024-03-28 22:31:12,10,6,0.89,5.1,1.0,2,False,False,False,False,False,False,False,6.2,22,2024-03-28,8.612903225806452,5.730337078651685,Brooklyn,Bed-Stuy,Brooklyn,Williamsburg,2024-03-28,1.2,7.8,True
1128,2024-03-07 02:56:00,2024-03-07 03:01:57,16,20,3.46,13.31,2.0,2,False,False,False,False,False,False,False,5.95,2,2024-03-07,34.890756302521005,3.846820809248555,Bronx,Fordham,Staten Island,Tottenville,2024-03-07,0.0,3.3,False
1129,2024-03-05 02:26:00,2024-03-05 02:35:47,16,15,4.98,17.27,1.0,2,False,False,False,False,False,False,False,9.783333333333333,2,2024-03-05,30.541737649063034,3.4678714859437747,Bronx,Fordham,Queens,Forest Hills,2024-03-05,2.7,10.6,True
1130,2024-03-08 18:42:00,2024-03-08 18:49:52,15,1,5.81,16.99,1.0,2,False,False,False,False,False,False,False,7.866666666666666,18,2024-03-08,44.3135593220339,2.9242685025817554,Queens,Forest Hills,Manhattan,Midtown,2024-03-08,2.8,5.6,True
1131,2024-03-03 03:21:00,2024-03-03 04:14:24,14,19,6.55,19.2,1.0,1,False,False,False,False,False,False,False,53.4,3,2024-03-03,7.359550561797753,2.931297709923664,Queens,Jamaica,Staten Island,St. George,2024-03-03,1.4,7.4,True
1132,2024-03-07 16:52:00,2024-03-07 16:53:47,9,12,5.84,18.97,3.0,1,False,False,False,False,False,False,False,1.7833333333333334,16,2024-03-07,196.4859813084112,3.2482876712328768,Brooklyn,DUMBO,Queens,Flushing,2024-03-07,0.0,3.3,False
1133,2024-03-29 12:51:00,2024-03-29 12:57:30,15,18,3.36,11.48,1.0,1,False,False,False,False,False,False,False,6.5,12,2024-03-29,31.015384615384612,3.416666666666667,Queens,Forest Hills,Bronx,Mott Haven,2024-03-29,1.1,4.2,True
1134,2024-03-25 03:24:00,2024-03-25 03:46:24,16,12,4.33,14.41,1.0,2,False,False,False,False,False,False,False,22.4,3,2024-03-25,11.598214285714286,3.327944572748268,Bronx,Fordham,Queens,Flushing,2024-03-25,0.0,7.3,False
1135,2024-03-24 05:51:00,2024-03-24 06:00:54,17,18,4.3,14.31,1.0,1,False,False,False,False,False,False,False,9.9,5,2024-03-24,26.06060606060606,3.3279069767441865,Bronx,Riverdale,Bronx,Mott Haven,2024-03-24,1.1,11.3,True
1136,2024-03-06 00:22:00,2024-03-06 01:06:58,17,1,1.54,7.07,2.0,1,False,False,False,False,False,False,False,44.96666666666667,0,2024-03-06,2.054855448480356,4.590909090909091,Bronx,Riverdale,Manhattan,Midtown,2024-03-06,0.0,9.2,False
1137,2024-03-05 05:14:00,2024-03-05 05:24:09,6,3,2.79,10.65,1.0,1,False,False,False,False,False,False,False,10.15,5,2024-03-05,16.492610837438423,3.817204301075269,Brooklyn,Williamsburg,Manhattan,Chelsea,2024-03-05,2.7,10.6,True
1138,2024-03-16 09:12:00,2024-03-16 09:24:01,14,6,0.85,5.28,1.0,1,False,False,False,False,False,False,False,12.016666666666667,9,2024-03-16,4.244105409153952,6.211764705882353,Queens,Jamaica,Brooklyn,Williamsburg,2024-03-16,0.5,14.7,False
1139,2024-03-09 12:30:00,2024-03-09 12:45:33,8,5,3.3,12.15,1.0,1,False,False,False,False,False,False,False,15.55,12,2024-03-09,12.733118971061094,3.681818181818182,Brooklyn,Bushwick,Manhattan,Upper East Side,2024-03-09,4.2,4.7,True
1140,2024-03-30 18:24:00,2024-03-30 18:25:40,5,16,4.02,12.69,1.0,1,False,False,False,False,False,False,False,1.6666666666666667,18,2024-03-30,144.71999999999997,3.156716417910448,Manhattan,Upper East Side,Bronx,Fordham,2024-03-30,1.9,18.9,True
1141,2024-03-22 11:58:00,2024-03-22 12:24:05,3,15,4.6,17.11,1.0,1,False,False,False,False,False,False,False,26.083333333333332,11,2024-03-22,10.581469648562301,3.7195652173913043,Manhattan,Chelsea,Queens,Forest Hills,2024-03-22,0.0,8.6,False
1142,2024-03-09 06:05:00,2024-03-09 06:25:50,20,18,1.31,6.18,1.0,1,False,False,False,False,False,False,False,20.833333333333332,6,2024-03-09,3.7728,4.717557251908397,Staten Island,Tottenville,Bronx,Mott Haven,2024-03-09,4.2,4.7,True
1143,2024-03-17 00:51:00,2024-03-17 01:15:38,9,9,7.72,25.62,1.0,1,False,False,False,False,False,False,False,24.633333333333333,0,2024-03-17,18.80378890392422,3.318652849740933,Brooklyn,DUMBO,Brooklyn,DUMBO,2024-03-17,1.8,12.0,True
1144,2024-03-22 06:32:00,2024-03-22 06:34:26,14,20,1.05,6.07,1.0,1,False,False,False,False,False,False,False,2.433333333333333,6,2024-03-22,25.890410958904113,5.780952380952381,Queens,Jamaica,Staten Island,Tottenville,2024-03-22,0.0,8.6,False
1145,2024-03-01 16:27:00,2024-03-01 16:38:08,8,9,3.05,11.12,4.0,2,False,False,False,False,False,False,False,11.133333333333333,16,2024-03-01,16.437125748502993,3.6459016393442623,Brooklyn,Bushwick,Brooklyn,DUMBO,2024-03-01,0.0,4.2,False
1146,2024-03-16 17:20:00,2024-03-16 17:27:11,5,9,3.52,13.77,1.0,2,False,False,False,False,False,False,False,7.183333333333334,17,2024-03-16,29.401392111368907,3.911931818181818,Manhattan,Upper East Side,Brooklyn,DUMBO,2024-03-16,0.5,14.7,False
1147,2024-03-04 17:22:00,2024-03-04 17:28:11,4,1,2.37,10.2,1.0,1,False,False,False,False,False,False,False,6.183333333333334,17,2024-03-04,22.997304582210244,4.30379746835443,Manhattan,SoHo,Manhattan,Midtown,2024-03-04,3.4,18.0,True
1148,2024-03-21 09:21:00,2024-03-21 09:25:51,12,16,2.41,10.5,2.0,2,False,False,False,False,False,False,False,4.85,9,2024-03-21,29.814432989690726,4.356846473029045,Queens,Flushing,Bronx,Fordham,2024-03-21,0.0,8.6,False
1149,2024-03-01 03:31:00,2024-03-01 03:36:58,10,17,2.63,10.36,2.0,3,False,False,False,False,False,False,False,5.966666666666667,3,2024-03-01,26.446927374301673,3.9391634980988592,Brooklyn,Bed-Stuy,Bronx,Riverdale,2024-03-01,0.0,4.2,False
1150,2024-03-10 17:22:00,2024-03-10 17:40:56,4,15,1.9,7.25,1.0,1,False,False,False,False,False,False,False,18.933333333333334,17,2024-03-10,6.02112676056338,3.8157894736842106,Manhattan,SoHo,Queens,Forest Hills,2024-03-10,0.0,3.9,False
1151,2024-03-01 06:26:00,2024-03-01 06:52:38,18,16,1.19,6.03,3.0,1,False,False,False,False,False,False,False,26.633333333333333,6,2024-03-01,2.6808510638297873,5.067226890756303,Bronx,Mott Haven,Bronx,Fordham,2024-03-01,0.0,4.2,False
1152,2024-03-11 03:53:00,2024-03-11 03:58:38,18,12,2.29,10.05,2.0,1,False,False,False,False,False,False,False,5.633333333333334,3,2024-03-11,24.390532544378697,4.388646288209607,Bronx,Mott Haven,Queens,Flushing,2024-03-11,1.8,11.3,True
1153,2024-03-05 10:56:00,2024-03-05 11:09:04,2,19,2.58,9.48,1.0,1,False,False,False,False,False,False,False,13.066666666666666,10,2024-03-05,11.846938775510205,3.6744186046511627,Manhattan,Harlem,Staten Island,St. George,2024-03-05,2.7,10.6,True
1154,2024-03-17 16:09:00,2024-03-17 16:42:03,20,13,7.48,25.16,1.0,2,False,False,False,False,False,False,False,33.05,16,2024-03-17,13.579425113464449,3.3636363636363633,Staten Island,Tottenville,Queens,Long Island City,2024-03-17,1.8,12.0,True
1155,2024-03-06 21:26:00,2024-03-06 21:56:13,9,7,2.41,9.73,1.0,2,False,False,False,False,False,False,False,30.216666666666665,21,2024-03-06,4.785438499724214,4.037344398340249,Brooklyn,DUMBO,Brooklyn,Park Slope,2024-03-06,0.0,9.2,False
1156,2024-03-28 00:41:00,2024-03-28 00:53:38,7,9,1.11,5.92,1.0,1,False,False,False,False,False,False,False,12.633333333333333,0,2024-03-28,5.271767810026386,5.333333333333333,Brooklyn,Park Slope,Brooklyn,DUMBO,2024-03-28,1.2,7.8,True
1157,2024-03-03 16:11:00,2024-03-03 16:59:41,8,1,3.28,11.95,2.0,1,False,False,False,False,False,False,False,48.68333333333333,16,2024-03-03,4.042451215337214,3.643292682926829,Brooklyn,Bushwick,Manhattan,Midtown,2024-03-03,1.4,7.4,True
1158,2024-03-28 21:46:00,2024-03-28 22:00:51,1,15,2.2,10.0,1.0,1,False,False,False,False,False,False,False,14.85,21,2024-03-28,8.88888888888889,4.545454545454545,Manhattan,Midtown,Queens,Forest Hills,2024-03-28,1.2,7.8,True
1159,2024-03-11 23:11:00,2024-03-11 23:28:39,3,13,3.33,11.06,1.0,1,False,False,False,False,False,False,False,17.65,23,2024-03-11,11.320113314447594,3.3213213213213213,Manhattan,Chelsea,Queens,Long Island City,2024-03-11,1.8,11.3,True
1160,2024-03-05 19:03:00,2024-03-05 19:23:27,20,14,0.95,6.02,1.0,1,False,False,False,False,False,False,False,20.45,19,2024-03-05,2.7872860635696823,6.336842105263158,Staten Island,Tottenville,Queens,Jamaica,2024-03-05,2.7,10.6,True
1161,2024-03-04 08:30:00,2024-03-04 08:47:10,13,10,0.95,5.37,3.0,1,False,False,False,False,False,False,False,17.166666666666668,8,2024-03-04,3.3203883495145625,5.652631578947369,Queens,Long Island City,Brooklyn,Bed-Stuy,2024-03-04,3.4,18.0,True
1162,2024-03-11 19:22:00,2024-03-11 19:28:48,15,4,4.04,13.15,2.0,1,False,False,False,False,False,False,False,6.8,19,2024-03-11,35.64705882352941,3.254950495049505,Queens,Forest Hills,Manhattan,SoHo,2024-03-11,1.8,11.3,True
1163,2024-03-30 16:13:00,2024-03-30 16:28:53,20,18,1.38,6.37,1.0,2,False,False,False,False,False,False,False,15.883333333333333,16,2024-03-30,5.213011542497377,4.615942028985508,Staten Island,Tottenville,Bronx,Mott Haven,2024-03-30,1.9,18.9,True
1164,2024-03-13 04:25:00,2024-03-13 04:43:27,17,11,2.48,9.6,1.0,1,False,False,False,False,False,False,False,18.45,4,2024-03-13,8.065040650406504,3.8709677419354835,Bronx,Riverdale,Queens,Astoria,2024-03-13,0.7,7.3,False
1165,2024-03-09 23:42:00,2024-03-10 00:04:25,6,19,1.83,7.1,1.0,1,False,False,False,False,False,False,False,22.416666666666668,23,2024-03-09,4.898141263940521,3.879781420765027,Brooklyn,Williamsburg,Staten Island,St. George,2024-03-09,4.2,4.7,True
1166,2024-03-20 06:37:00,2024-03-20 06:43:20,13,16,1.1,6.36,1.0,1,False,False,False,False,False,False,False,6.333333333333333,6,2024-03-20,10.421052631578949,5.781818181818181,Queens,Long Island City,Bronx,Fordham,2024-03-20,1.4,11.9,True
1167,2024-03-21 00:33:00,2024-03-21 00:44:21,17,12,0.65,4.82,4.0,1,False,False,False,False,False,False,False,11.35,0,2024-03-21,3.4361233480176216,7.415384615384616,Bronx,Riverdale,Queens,Flushing,2024-03-21,0.0,8.6,False
1168,2024-03-02 19:49:00,2024-03-02 19:54:05,20,4,2.14,9.64,1.0,1,False,False,False,False,False,False,False,5.083333333333333,19,2024-03-02,25.25901639344263,4.5046728971962615,Staten Island,Tottenville,Manhattan,SoHo,2024-03-02,0.7,3.3,False
1169,2024-03-17 08:43:00,2024-03-17 08:49:21,7,9,3.41,12.36,4.0,2,False,False,False,False,False,False,False,6.35,8,2024-03-17,32.22047244094489,3.624633431085044,Brooklyn,Park Slope,Brooklyn,DUMBO,2024-03-17,1.8,12.0,True
1170,2024-03-18 14:37:00,2024-03-18 14:40:20,9,19,2.96,10.44,1.0,1,False,False,False,False,False,False,False,3.3333333333333335,14,2024-03-18,53.279999999999994,3.5270270270270268,Brooklyn,DUMBO,Staten Island,St. George,2024-03-18,1.5,8.4,True
1171,2024-03-07 06:54:00,2024-03-07 07:30:14,14,7,2.11,8.68,1.0,2,False,False,False,False,False,False,False,36.233333333333334,6,2024-03-07,3.494020239190432,4.113744075829384,Queens,Jamaica,Brooklyn,Park Slope,2024-03-07,0.0,3.3,False
1172,2024-03-23 18:46:00,2024-03-23 18:48:26,5,3,4.25,12.45,1.0,1,False,False,False,False,False,False,False,2.433333333333333,18,2024-03-23,104.79452054794521,2.929411764705882,Manhattan,Upper East Side,Manhattan,Chelsea,2024-03-23,1.2,5.9,True
1173,2024-03-03 04:30:29,2024-03-03 04:03:00,15,17,1.93,9.11,1.0,2,True,False,False,False,True,False,False,-27.483333333333334,4,2024-03-03,-4.213462704669497,4.72020725388601,Queens,Forest Hills,Bronx,Riverdale,2024-03-03,1.4,7.4,True
1174,2024-03-04 07:59:00,2024-03-04 08:14:51,8,9,6.88,22.66,1.0,2,False,False,False,False,False,False,False,15.85,7,2024-03-04,26.04416403785489,3.2936046511627906,Brooklyn,Bushwick,Brooklyn,DUMBO,2024-03-04,3.4,18.0,True
1175,2024-03-11 01:37:00,2024-03-11 02:00:33,3,6,3.4,10.92,1.0,2,False,False,False,False,False,False,False,23.55,1,2024-03-11,8.662420382165605,3.211764705882353,Manhattan,Chelsea,Brooklyn,Williamsburg,2024-03-11,1.8,11.3,True
1176,2024-03-01 07:05:00,2024-03-01 07:18:05,4,7,2.53,9.97,1.0,1,False,False,False,False,False,False,False,13.083333333333334,7,2024-03-01,11.602547770700635,3.9407114624505932,Manhattan,SoHo,Brooklyn,Park Slope,2024-03-01,0.0,4.2,False
1177,2024-03-09 23:37:00,2024-03-09 23:50:59,11,6,7.57,26.68,3.0,1,False,False,False,False,False,False,False,13.983333333333333,23,2024-03-09,32.481525625744936,3.5244385733157197,Queens,Astoria,Brooklyn,Williamsburg,2024-03-09,4.2,4.7,True
1178,2024-03-18 07:56:00,2024-03-18 08:16:40,8,11,4.69,13.89,2.0,2,False,False,False,False,False,False,False,20.666666666666668,7,2024-03-18,13.616129032258065,2.9616204690831553,Brooklyn,Bushwick,Queens,Astoria,2024-03-18,1.5,8.4,True
1179,2024-03-25 05:29:00,2024-03-25 05:41:00,14,13,1.4,7.22,1.0,1,False,False,False,False,False,False,False,12.0,5,2024-03-25,6.999999999999999,5.1571428571428575,Queens,Jamaica,Queens,Long Island City,2024-03-25,0.0,7.3,False
1180,2024-03-27 22:25:00,2024-03-27 22:35:45,12,9,7.16,22.01,2.0,1,False,False,False,False,False,False,False,10.75,22,2024-03-27,39.96279069767442,3.0740223463687153,Queens,Flushing,Brooklyn,DUMBO,2024-03-27,2.1,4.2,True
1181,2024-03-02 16:27:00,2024-03-02 16:56:17,9,1,0.36,3.8,1.0,3,False,False,False,False,False,False,False,29.283333333333335,16,2024-03-02,0.7376209447922595,10.555555555555555,Brooklyn,DUMBO,Manhattan,Midtown,2024-03-02,0.7,3.3,False
1182,2024-03-10 22:39:00,2024-03-10 23:07:46,9,20,0.59,4.4,1.0,1,False,False,False,False,False,False,False,28.766666666666666,22,2024-03-10,1.2305909617612978,7.457627118644068,Brooklyn,DUMBO,Staten Island,Tottenville,2024-03-10,0.0,3.9,False
1183,2024-03-25 04:10:00,2024-03-25 04:18:16,16,5,2.55,10.28,1.0,2,False,False,False,False,False,False,False,8.266666666666667,4,2024-03-25,18.50806451612903,4.031372549019608,Bronx,Fordham,Manhattan,Upper East Side,2024-03-25,0.0,7.3,False
1184,2024-03-09 04:35:00,2024-03-09 04:42:12,12,3,0.86,5.68,1.0,1,False,False,False,False,False,False,False,7.2,4,2024-03-09,7.166666666666666,6.604651162790698,Queens,Flushing,Manhattan,Chelsea,2024-03-09,4.2,4.7,True
1185,2024-03-19 05:41:00,2024-03-19 06:32:04,1,2,4.36,15.19,1.0,1,False,False,False,False,False,False,False,51.06666666666667,5,2024-03-19,5.122715404699739,3.48394495412844,Manhattan,Midtown,Manhattan,Harlem,2024-03-19,1.1,11.7,True
1186,2024-03-27 19:46:00,2024-03-27 20:05:29,2,5,1.45,6.77,1.0,1,False,False,False,False,False,False,False,19.483333333333334,19,2024-03-27,4.46535500427716,4.6689655172413795,Manhattan,Harlem,Manhattan,Upper East Side,2024-03-27,2.1,4.2,True
1187,2024-03-09 08:57:00,2024-03-09 09:23:31,10,1,4.64,17.74,1.0,1,False,False,False,False,False,False,False,26.516666666666666,8,2024-03-09,10.499057196731615,3.8232758620689653,Brooklyn,Bed-Stuy,Manhattan,Midtown,2024-03-09,4.2,4.7,True
1188,2024-03-03 22:57:00,2024-03-03 23:10:56,19,17,1.57,7.78,3.0,1,False,False,False,False,False,False,False,13.933333333333334,22,2024-03-03,6.760765550239235,4.955414012738854,Staten Island,St. George,Bronx,Riverdale,2024-03-03,1.4,7.4,True
1189,2024-03-02 08:51:00,2024-03-02 09:18:06,7,9,2.85,11.37,1.0,1,False,False,False,False,False,False,False,27.1,8,2024-03-02,6.309963099630996,3.989473684210526,Brooklyn,Park Slope,Brooklyn,DUMBO,2024-03-02,0.7,3.3,False
1190,2024-03-30 14:41:00,2024-03-30 14:47:04,16,3,1.33,7.09,1.0,1,False,False,False,False,False,False,False,6.066666666666666,14,2024-03-30,13.153846153846155,5.330827067669173,Bronx,Fordham,Manhattan,Chelsea,2024-03-30,1.9,18.9,True
1191,2024-03-28 20:10:00,2024-03-28 20:25:22,5,20,2.12,9.77,1.0,1,False,False,False,False,False,False,False,15.366666666666667,20,2024-03-28,8.27765726681128,4.6084905660377355,Manhattan,Upper East Side,Staten Island,Tottenville,2024-03-28,1.2,7.8,True
1192,2024-03-05 13:13:00,2024-03-05 13:23:36,5,12,1.46,7.25,2.0,2,False,False,False,False,False,False,False,10.6,13,2024-03-05,8.264150943396226,4.965753424657534,Manhattan,Upper East Side,Queens,Flushing,2024-03-05,2.7,10.6,True
1193,2024-03-09 11:39:00,2024-03-09 11:45:02,3,1,1.9,8.46,2.0,2,False,False,False,False,False,False,False,6.033333333333333,11,2024-03-09,18.895027624309392,4.452631578947369,Manhattan,Chelsea,Manhattan,Midtown,2024-03-09,4.2,4.7,True
1194,2024-03-12 06:38:00,2024-03-12 06:41:39,6,19,1.44,7.14,2.0,1,False,False,False,False,False,False,False,3.65,6,2024-03-12,23.67123287671233,4.958333333333333,Brooklyn,Williamsburg,Staten Island,St. George,2024-03-12,0.7,10.8,False
1195,2024-03-09 12:39:00,2024-03-09 13:08:06,20,16,1.78,7.94,1.0,1,False,False,False,False,False,False,False,29.1,12,2024-03-09,3.670103092783505,4.460674157303371,Staten Island,Tottenville,Bronx,Fordham,2024-03-09,4.2,4.7,True
1196,2024-03-31 01:55:00,2024-03-31 02:03:46,7,14,6.77,19.86,1.0,1,False,False,False,False,False,False,False,8.766666666666667,1,2024-03-31,46.33460076045626,2.933530280649926,Brooklyn,Park Slope,Queens,Jamaica,2024-03-31,0.3,10.0,False
1197,2024-03-17 19:50:00,2024-03-17 20:01:40,7,7,2.28,9.94,2.0,1,False,False,False,False,False,False,False,11.666666666666666,19,2024-03-17,11.725714285714284,4.359649122807018,Brooklyn,Park Slope,Brooklyn,Park Slope,2024-03-17,1.8,12.0,True
1198,2024-03-28 01:17:00,2024-03-28 01:56:17,20,15,5.08,19.17,1.0,2,False,False,False,False,False,False,False,39.28333333333333,1,2024-03-28,7.759015697921086,3.773622047244095,Staten Island,Tottenville,Queens,Forest Hills,2024-03-28,1.2,7.8,True
1199,2024-03-07 00:29:00,2024-03-07 00:46:46,18,13,2.31,10.29,3.0,1,False,False,False,False,False,False,False,17.766666666666666,0,2024-03-07,7.801125703564728,4.454545454545454,Bronx,Mott Haven,Queens,Long Island City,2024-03-07,0.0,3.3,False
1200,2024-03-25 08:45:00,2024-03-25 09:07:49,13,1,4.28,12.47,2.0,2,False,False,False,False,False,False,False,22.816666666666666,8,2024-03-25,11.254930606281958,2.913551401869159,Queens,Long Island City,Manhattan,Midtown,2024-03-25,0.0,7.3,False
1201,2024-03-20 07:19:00,2024-03-20 07:44:28,17,5,4.39,15.79,1.0,1,False,False,False,False,False,False,False,25.466666666666665,7,2024-03-20,10.342931937172775,3.5968109339407746,Bronx,Riverdale,Manhattan,Upper East Side,2024-03-20,1.4,11.9,True
1202,2024-03-18 00:11:00,2024-03-18 00:38:43,13,4,8.87,26.88,1.0,1,False,False,False,False,False,False,False,27.716666666666665,0,2024-03-18,19.201443174984966,3.0304396843292,Queens,Long Island City,Manhattan,SoHo,2024-03-18,1.5,8.4,True
1203,2024-03-21 06:18:00,2024-03-21 06:23:53,9,17,9.32,26.77,1.0,1,False,False,False,False,False,False,False,5.883333333333334,6,2024-03-21,95.04815864022663,2.8723175965665235,Brooklyn,DUMBO,Bronx,Riverdale,2024-03-21,0.0,8.6,False
1204,2024-03-06 10:20:00,2024-03-06 10:27:27,13,12,3.37,10.62,4.0,1,False,False,False,False,False,False,False,7.45,10,2024-03-06,27.140939597315434,3.1513353115727,Queens,Long Island City,Queens,Flushing,2024-03-06,0.0,9.2,False
1205,2024-03-11 20:34:00,2024-03-11 20:57:48,5,16,0.1,3.31,1.0,1,False,False,False,False,False,False,False,23.8,20,2024-03-11,0.25210084033613445,33.1,Manhattan,Upper East Side,Bronx,Fordham,2024-03-11,1.8,11.3,True
1206,2024-03-10 01:53:00,2024-03-10 02:00:15,4,13,4.21,13.24,1.0,2,False,False,False,False,False,False,False,7.25,1,2024-03-10,34.84137931034483,3.144893111638955,Manhattan,SoHo,Queens,Long Island City,2024-03-10,0.0,3.9,False
1207,2024-03-22 17:20:00,2024-03-22 17:30:07,7,13,0.0,12.68,2.0,1,False,True,False,False,True,False,False,10.116666666666667,17,2024-03-22,0.0,,Brooklyn,Park Slope,Queens,Long Island City,2024-03-22,0.0,8.6,False
1208,2024-03-04 19:15:00,2024-03-04 19:46:08,20,20,4.19,13.38,1.0,2,False,False,False,False,False,False,False,31.133333333333333,19,2024-03-04,8.074946466809424,3.1933174224343674,Staten Island,Tottenville,Staten Island,Tottenville,2024-03-04,3.4,18.0,True
1209,2024-03-04 20:23:00,2024-03-04 20:42:09,14,3,1.28,6.69,1.0,2,False,False,False,False,False,False,False,19.15,20,2024-03-04,4.0104438642297655,5.2265625,Queens,Jamaica,Manhattan,Chelsea,2024-03-04,3.4,18.0,True
1210,2024-03-14 03:46:00,2024-03-14 03:56:49,5,1,3.32,13.33,4.0,1,False,False,False,False,False,False,False,10.816666666666666,3,2024-03-14,18.416024653312785,4.015060240963856,Manhattan,Upper East Side,Manhattan,Midtown,2024-03-14,1.5,5.8,True
1211,2024-03-28 03:43:00,2024-03-28 03:59:22,18,2,0.2,3.53,1.0,2,False,False,False,False,False,False,False,16.366666666666667,3,2024-03-28,0.7331975560081466,17.65,Bronx,Mott Haven,Manhattan,Harlem,2024-03-28,1.2,7.8,True
1212,2024-03-20 13:44:00,2024-03-20 14:20:35,9,8,2.91,12.07,1.0,1,False,False,False,False,False,False,False,36.583333333333336,13,2024-03-20,4.772665148063781,4.1477663230240545,Brooklyn,DUMBO,Brooklyn,Bushwick,2024-03-20,1.4,11.9,True
1213,2024-03-29 06:31:00,2024-03-29 06:44:46,7,5,3.75,12.78,1.0,1,False,False,False,False,False,False,False,13.766666666666667,6,2024-03-29,16.343825665859562,3.408,Brooklyn,Park Slope,Manhattan,Upper East Side,2024-03-29,1.1,4.2,True
1214,2024-03-03 03:26:00,2024-03-03 03:40:11,5,1,3.53,13.07,1.0,2,False,False,False,False,False,False,False,14.183333333333334,3,2024-03-03,14.933019976498237,3.702549575070822,Manhattan,Upper East Side,Manhattan,Midtown,2024-03-03,1.4,7.4,True
1215,2024-03-16 18:15:00,2024-03-16 18:28:08,15,18,5.46,20.36,4.0,2,False,False,False,False,False,False,False,13.133333333333333,18,2024-03-16,24.944162436548226,3.728937728937729,Queens,Forest Hills,Bronx,Mott Haven,2024-03-16,0.5,14.7,False
1216,2024-03-23 13:30:00,2024-03-23 13:42:46,16,12,3.6,12.12,2.0,1,False,False,False,False,False,False,False,12.766666666666667,13,2024-03-23,16.919060052219322,3.3666666666666663,Bronx,Fordham,Queens,Flushing,2024-03-23,1.2,5.9,True
1217,2024-03-21 10:42:00,2024-03-21 10:54:25,1,12,2.52,9.18,0.0,1,False,False,False,True,True,False,False,12.416666666666666,10,2024-03-21,12.177181208053693,3.642857142857143,Manhattan,Midtown,Queens,Flushing,2024-03-21,0.0,8.6,False
1218,2024-03-05 08:58:00,2024-03-05 09:09:57,7,11,5.16,15.43,1.0,1,False,False,False,False,False,False,False,11.95,8,2024-03-05,25.90794979079498,2.99031007751938,Brooklyn,Park Slope,Queens,Astoria,2024-03-05,2.7,10.6,True
1219,2024-03-03 18:10:00,2024-03-03 18:18:19,10,20,0.98,5.77,,2,False,False,False,True,True,False,False,8.316666666666666,18,2024-03-03,7.070140280561122,5.887755102040816,Brooklyn,Bed-Stuy,Staten Island,Tottenville,2024-03-03,1.4,7.4,True
1220,2024-03-05 20:06:00,2024-03-05 20:31:16,3,2,0.7,4.94,1.0,1,False,False,False,False,False,False,False,25.266666666666666,20,2024-03-05,1.6622691292875988,7.057142857142858,Manhattan,Chelsea,Manhattan,Harlem,2024-03-05,2.7,10.6,True
1221,2024-03-16 00:18:00,2024-03-16 00:28:01,19,7,1.35,6.41,1.0,3,False,False,False,False,False,False,False,10.016666666666667,0,2024-03-16,8.086522462562396,4.748148148148148,Staten Island,St. George,Brooklyn,Park Slope,2024-03-16,0.5,14.7,False
1222,2024-03-01 20:50:00,2024-03-01 21:07:31,17,7,3.55,13.2,1.0,1,False,False,False,False,False,False,False,17.516666666666666,20,2024-03-01,12.159847764034252,3.7183098591549295,Bronx,Riverdale,Brooklyn,Park Slope,2024-03-01,0.0,4.2,False
1223,2024-03-20 11:09:00,2024-03-20 11:36:32,6,19,0.66,4.82,1.0,1,False,False,False,False,False,False,False,27.533333333333335,11,2024-03-20,1.4382566585956418,7.303030303030303,Brooklyn,Williamsburg,Staten Island,St. George,2024-03-20,1.4,11.9,True
1224,2024-03-30 12:50:00,2024-03-30 12:54:59,18,18,3.69,13.85,1.0,3,False,False,False,False,False,False,False,4.983333333333333,12,2024-03-30,44.42809364548494,3.7533875338753386,Bronx,Mott Haven,Bronx,Mott Haven,2024-03-30,1.9,18.9,True
1225,2024-03-06 15:29:00,2024-03-06 15:55:41,20,15,1.81,7.76,1.0,2,False,False,False,False,False,False,False,26.683333333333334,15,2024-03-06,4.06995627732667,4.287292817679558,Staten Island,Tottenville,Queens,Forest Hills,2024-03-06,0.0,9.2,False
1226,2024-03-12 07:25:00,2024-03-12 07:39:24,6,1,1.32,6.91,1.0,3,False,False,False,False,False,False,False,14.4,7,2024-03-12,5.5,5.234848484848484,Brooklyn,Williamsburg,Manhattan,Midtown,2024-03-12,0.7,10.8,False
1227,2024-03-07 06:47:00,2024-03-07 06:50:14,4,10,2.88,9.94,2.0,1,False,False,False,False,False,False,False,3.2333333333333334,6,2024-03-07,53.44329896907216,3.451388888888889,Manhattan,SoHo,Brooklyn,Bed-Stuy,2024-03-07,0.0,3.3,False
1228,2024-03-19 05:14:00,2024-03-19 05:24:03,10,10,4.11,14.57,1.0,1,False,False,False,False,False,False,False,10.05,5,2024-03-19,24.53731343283582,3.5450121654501214,Brooklyn,Bed-Stuy,Brooklyn,Bed-Stuy,2024-03-19,1.1,11.7,True
1229,2024-03-12 20:04:00,2024-03-12 20:16:28,6,17,0.66,4.98,2.0,1,False,False,False,False,False,False,False,12.466666666666667,20,2024-03-12,3.1764705882352944,7.545454545454546,Brooklyn,Williamsburg,Bronx,Riverdale,2024-03-12,0.7,10.8,False
1230,2024-03-11 18:14:00,2024-03-11 18:34:12,18,18,1.27,5.82,1.0,1,False,False,False,False,False,False,False,20.2,18,2024-03-11,3.772277227722772,4.582677165354331,Bronx,Mott Haven,Bronx,Mott Haven,2024-03-11,1.8,11.3,True
1231,2024-03-16 04:33:00,2024-03-16 04:59:08,5,20,9.97,31.05,2.0,1,False,False,False,False,False,False,False,26.133333333333333,4,2024-03-16,22.890306122448983,3.114343029087262,Manhattan,Upper East Side,Staten Island,Tottenville,2024-03-16,0.5,14.7,False
1232,2024-03-11 15:33:00,2024-03-11 16:06:19,1,8,0.56,4.47,1.0,1,False,False,False,False,False,False,False,33.31666666666667,15,2024-03-11,1.008504252126063,7.982142857142856,Manhattan,Midtown,Brooklyn,Bushwick,2024-03-11,1.8,11.3,True
1233,2024-03-18 03:00:00,2024-03-18 03:16:29,1,20,5.22,18.2,2.0,1,False,False,False,False,False,False,False,16.483333333333334,3,2024-03-18,19.0010111223458,3.4865900383141764,Manhattan,Midtown,Staten Island,Tottenville,2024-03-18,1.5,8.4,True
1234,2024-03-28 23:02:00,2024-03-28 23:11:03,5,5,1.38,7.21,3.0,1,False,False,False,False,False,False,False,9.05,23,2024-03-28,9.14917127071823,5.224637681159421,Manhattan,Upper East Side,Manhattan,Upper East Side,2024-03-28,1.2,7.8,True
1235,2024-03-11 19:37:00,2024-03-11 19:52:01,13,9,3.84,15.21,2.0,1,False,False,False,False,False,False,False,15.016666666666667,19,2024-03-11,15.342952275249722,3.9609375000000004,Queens,Long Island City,Brooklyn,DUMBO,2024-03-11,1.8,11.3,True
1236,2024-03-15 21:51:00,2024-03-15 22:16:15,10,14,5.08,16.84,2.0,1,False,False,False,False,False,False,False,25.25,21,2024-03-15,12.071287128712871,3.3149606299212597,Brooklyn,Bed-Stuy,Queens,Jamaica,2024-03-15,2.5,10.9,True
1237,2024-03-05 05:45:00,2024-03-05 05:56:47,3,17,1.48,6.54,1.0,1,False,False,False,False,False,False,False,11.783333333333333,5,2024-03-05,7.536067892503536,4.418918918918919,Manhattan,Chelsea,Bronx,Riverdale,2024-03-05,2.7,10.6,True
1238,2024-03-21 20:11:00,2024-03-21 20:27:11,11,4,1.3,7.13,1.0,2,False,False,False,False,False,False,False,16.183333333333334,20,2024-03-21,4.8197734294541705,5.484615384615385,Queens,Astoria,Manhattan,SoHo,2024-03-21,0.0,8.6,False
1239,2024-03-16 20:21:00,2024-03-16 21:03:03,9,4,3.05,10.01,1.0,2,False,False,False,False,False,False,False,42.05,20,2024-03-16,4.351961950059453,3.281967213114754,Brooklyn,DUMBO,Manhattan,SoHo,2024-03-16,0.5,14.7,False
1240,2024-03-05 20:07:00,2024-03-05 20:39:12,14,4,4.32,15.96,1.0,1,False,False,False,False,False,False,False,32.2,20,2024-03-05,8.049689440993788,3.694444444444444,Queens,Jamaica,Manhattan,SoHo,2024-03-05,2.7,10.6,True
1241,2024-03-11 11:04:00,2024-03-11 11:18:24,1,10,3.29,12.8,1.0,1,False,False,False,False,False,False,False,14.4,11,2024-03-11,13.708333333333332,3.8905775075987843,Manhattan,Midtown,Brooklyn,Bed-Stuy,2024-03-11,1.8,11.3,True
1242,2024-03-04 18:41:00,2024-03-04 19:09:03,6,14,8.88,31.07,1.0,2,False,False,False,False,False,False,False,28.05,18,2024-03-04,18.994652406417114,3.4988738738738734,Brooklyn,Williamsburg,Queens,Jamaica,2024-03-04,3.4,18.0,True
1243,2024-03-01 11:03:00,2024-03-01 11:25:25,7,12,2.98,11.74,1.0,2,False,False,False,False,False,False,False,22.416666666666668,11,2024-03-01,7.976208178438662,3.9395973154362416,Brooklyn,Park Slope,Queens,Flushing,2024-03-01,0.0,4.2,False
1244,2024-03-16 01:45:00,2024-03-16 01:53:34,10,10,5.8,18.11,1.0,1,False,False,False,False,False,False,False,8.566666666666666,1,2024-03-16,40.62256809338521,3.122413793103448,Brooklyn,Bed-Stuy,Brooklyn,Bed-Stuy,2024-03-16,0.5,14.7,False
1245,2024-03-28 21:13:00,2024-03-28 21:27:34,12,2,1.54,6.84,1.0,2,False,False,False,False,False,False,False,14.566666666666666,21,2024-03-28,6.34324942791762,4.441558441558441,Queens,Flushing,Manhattan,Harlem,2024-03-28,1.2,7.8,True
1246,2024-03-23 21:19:00,2024-03-23 21:25:04,5,16,3.95,14.38,1.0,1,False,False,False,False,False,False,False,6.066666666666666,21,2024-03-23,39.065934065934066,3.640506329113924,Manhattan,Upper East Side,Bronx,Fordham,2024-03-23,1.2,5.9,True
1247,2024-03-23 10:42:00,2024-03-23 10:49:25,8,8,4.97,18.73,2.0,2,False,False,False,False,False,False,False,7.416666666666667,10,2024-03-23,40.2067415730337,3.768611670020121,Brooklyn,Bushwick,Brooklyn,Bushwick,2024-03-23,1.2,5.9,True
1248,2024-03-20 10:30:00,2024-03-20 10:44:00,7,19,3.72,14.47,4.0,1,False,False,False,False,False,False,False,14.0,10,2024-03-20,15.942857142857143,3.889784946236559,Brooklyn,Park Slope,Staten Island,St. George,2024-03-20,1.4,11.9,True
1249,2024-03-23 19:10:00,2024-03-23 19:14:46,1,1,1.11,5.84,2.0,2,False,False,False,False,False,False,False,4.766666666666667,19,2024-03-23,13.972027972027973,5.261261261261261,Manhattan,Midtown,Manhattan,Midtown,2024-03-23,1.2,5.9,True
1250,2024-03-16 17:21:00,2024-03-16 17:44:33,1,19,3.63,11.69,1.0,1,False,False,False,False,False,False,False,23.55,17,2024-03-16,9.2484076433121,3.2203856749311295,Manhattan,Midtown,Staten Island,St. George,2024-03-16,0.5,14.7,False
1251,2024-03-07 01:34:00,2024-03-07 01:43:56,9,20,4.03,13.74,2.0,1,False,False,False,False,False,False,False,9.933333333333334,1,2024-03-07,24.34228187919463,3.4094292803970223,Brooklyn,DUMBO,Staten Island,Tottenville,2024-03-07,0.0,3.3,False
1252,2024-03-11 20:24:00,2024-03-11 20:47:54,5,3,3.29,11.17,2.0,1,False,False,False,False,False,False,False,23.9,20,2024-03-11,8.259414225941423,3.3951367781155013,Manhattan,Upper East Side,Manhattan,Chelsea,2024-03-11,1.8,11.3,True
1253,2024-03-31 20:00:00,2024-03-31 20:11:48,15,6,3.61,10.99,2.0,1,False,False,False,False,False,False,False,11.8,20,2024-03-31,18.355932203389827,3.044321329639889,Queens,Forest Hills,Brooklyn,Williamsburg,2024-03-31,0.3,10.0,False
1254,2024-03-07 01:52:00,2024-03-07 02:17:55,17,10,2.85,10.8,4.0,2,False,False,False,False,False,False,False,25.916666666666668,1,2024-03-07,6.598070739549839,3.7894736842105265,Bronx,Riverdale,Brooklyn,Bed-Stuy,2024-03-07,0.0,3.3,False
1255,2024-03-27 10:39:00,2024-03-27 10:54:51,3,1,0.97,5.35,2.0,1,False,False,False,False,False,False,False,15.85,10,2024-03-27,3.67192429022082,5.515463917525773,Manhattan,Chelsea,Manhattan,Midtown,2024-03-27,2.1,4.2,True
1256,2024-03-06 16:17:00,2024-03-06 16:36:04,11,2,2.15,8.04,1.0,1,False,False,False,False,False,False,False,19.066666666666666,16,2024-03-06,6.765734265734266,3.73953488372093,Queens,Astoria,Manhattan,Harlem,2024-03-06,0.0,9.2,False
1257,2024-03-07 03:29:00,2024-03-07 03:48:32,1,10,2.56,9.83,1.0,1,False,False,False,False,False,False,False,19.533333333333335,3,2024-03-07,7.863481228668941,3.83984375,Manhattan,Midtown,Brooklyn,Bed-Stuy,2024-03-07,0.0,3.3,False
1258,2024-03-29 01:36:00,2024-03-29 01:55:47,15,4,3.55,11.04,1.0,3,False,False,False,False,False,False,False,19.783333333333335,1,2024-03-29,10.766638584667227,3.1098591549295773,Queens,Forest Hills,Manhattan,SoHo,2024-03-29,1.1,4.2,True
1259,2024-03-05 21:34:00,2024-03-05 22:02:25,9,1,1.59,6.75,1.0,2,False,False,False,False,False,False,False,28.416666666666668,21,2024-03-05,3.3571847507331376,4.245283018867925,Brooklyn,DUMBO,Manhattan,Midtown,2024-03-05,2.7,10.6,True
1260,2024-03-12 02:30:00,2024-03-12 02:40:56,20,4,6.91,22.12,2.0,1,False,False,False,False,False,False,False,10.933333333333334,2,2024-03-12,37.920731707317074,3.2011577424023154,Staten Island,Tottenville,Manhattan,SoHo,2024-03-12,0.7,10.8,False
1261,2024-03-07 13:37:00,2024-03-07 13:49:51,1,19,4.0,13.52,1.0,1,False,False,False,False,False,False,False,12.85,13,2024-03-07,18.67704280155642,3.38,Manhattan,Midtown,Staten Island,St. George,2024-03-07,0.0,3.3,False
1262,2024-03-26 02:51:00,2024-03-26 03:23:55,4,1,5.39,16.65,1.0,1,False,False,False,False,False,False,False,32.916666666666664,2,2024-03-26,9.824810126582278,3.0890538033395174,Manhattan,SoHo,Manhattan,Midtown,2024-03-26,1.0,4.1,False
1263,2024-03-23 11:58:00,2024-03-23 12:31:05,20,16,6.8,20.57,1.0,1,False,False,False,False,False,False,False,33.083333333333336,11,2024-03-23,12.33249370277078,3.025,Staten Island,Tottenville,Bronx,Fordham,2024-03-23,1.2,5.9,True
1264,2024-03-20 03:09:00,2024-03-20 03:21:37,20,18,4.09,13.36,1.0,1,False,False,False,False,False,False,False,12.616666666666667,3,2024-03-20,19.450462351387053,3.2665036674816625,Staten Island,Tottenville,Bronx,Mott Haven,2024-03-20,1.4,11.9,True
1265,2024-03-23 20:40:00,2024-03-23 21:02:38,2,16,4.12,12.14,1.0,3,False,False,False,False,False,False,False,22.633333333333333,20,2024-03-23,10.921944035346097,2.946601941747573,Manhattan,Harlem,Bronx,Fordham,2024-03-23,1.2,5.9,True
1266,2024-03-05 22:02:00,2024-03-05 22:23:11,7,11,3.53,14.26,1.0,1,False,False,False,False,False,False,False,21.183333333333334,22,2024-03-05,9.998426435877262,4.039660056657224,Brooklyn,Park Slope,Queens,Astoria,2024-03-05,2.7,10.6,True
1267,2024-03-17 06:12:00,2024-03-17 06:23:39,5,4,3.4,11.64,1.0,1,False,False,False,False,False,False,False,11.65,6,2024-03-17,17.510729613733904,3.423529411764706,Manhattan,Upper East Side,Manhattan,SoHo,2024-03-17,1.8,12.0,True
1268,2024-03-28 15:45:00,2024-03-28 16:13:16,13,4,1.42,6.59,1.0,1,False,False,False,False,False,False,False,28.266666666666666,15,2024-03-28,3.0141509433962264,4.640845070422535,Queens,Long Island City,Manhattan,SoHo,2024-03-28,1.2,7.8,True
1269,2024-03-21 01:56:00,2024-03-21 02:01:12,5,13,3.38,12.56,1.0,1,False,False,False,False,False,False,False,5.2,1,2024-03-21,39.0,3.715976331360947,Manhattan,Upper East Side,Queens,Long Island City,2024-03-21,0.0,8.6,False
1270,2024-03-07 18:32:00,2024-03-07 18:57:33,10,11,4.63,17.77,1.0,1,False,False,False,False,False,False,False,25.55,18,2024-03-07,10.87279843444227,3.838012958963283,Brooklyn,Bed-Stuy,Queens,Astoria,2024-03-07,0.0,3.3,False
1271,2024-03-24 02:50:00,2024-03-24 02:51:00,14,20,1.56,7.49,2.0,2,False,False,False,False,False,False,False,1.0,2,2024-03-24,93.60000000000001,4.801282051282051,Queens,Jamaica,Staten Island,Tottenville,2024-03-24,1.1,11.3,True
1272,2024-03-09 07:17:00,2024-03-09 07:54:21,19,9,1.06,6.18,1.0,1,False,False,False,False,False,False,False,37.35,7,2024-03-09,1.7028112449799195,5.830188679245283,Staten Island,St. George,Brooklyn,DUMBO,2024-03-09,4.2,4.7,True
1273,2024-03-07 22:36:00,2024-03-07 22:53:47,20,3,1.29,7.01,2.0,1,False,False,False,False,False,False,False,17.783333333333335,22,2024-03-07,4.352389878163073,5.434108527131783,Staten Island,Tottenville,Manhattan,Chelsea,2024-03-07,0.0,3.3,False
1274,2024-03-03 18:15:00,2024-03-03 18:27:26,18,18,9.46,28.45,1.0,1,False,False,False,False,False,False,False,12.433333333333334,18,2024-03-03,45.6514745308311,3.0073995771670186,Bronx,Mott Haven,Bronx,Mott Haven,2024-03-03,1.4,7.4,True
1275,2024-03-20 21:25:00,2024-03-20 21:45:18,4,4,9.4,28.16,1.0,2,False,False,False,False,False,False,False,20.3,21,2024-03-20,27.783251231527096,2.9957446808510637,Manhattan,SoHo,Manhattan,SoHo,2024-03-20,1.4,11.9,True
1276,2024-03-23 00:39:00,2024-03-23 01:26:55,8,10,4.26,13.01,1.0,3,False,False,False,False,False,False,False,47.916666666666664,0,2024-03-23,5.334260869565218,3.0539906103286385,Brooklyn,Bushwick,Brooklyn,Bed-Stuy,2024-03-23,1.2,5.9,True
1277,2024-03-15 20:55:00,2024-03-15 21:11:47,10,4,6.64,23.86,1.0,1,False,False,False,False,False,False,False,16.783333333333335,20,2024-03-15,23.73783515392254,3.593373493975904,Brooklyn,Bed-Stuy,Manhattan,SoHo,2024-03-15,2.5,10.9,True
1278,2024-03-14 14:45:00,2024-03-14 15:10:43,4,11,7.48,19.67,1.0,2,False,False,False,False,False,False,False,25.716666666666665,14,2024-03-14,17.451717433570966,2.629679144385027,Manhattan,SoHo,Queens,Astoria,2024-03-14,1.5,5.8,True
1279,2024-03-03 23:58:00,2024-03-04 00:19:36,14,17,5.29,19.81,1.0,1,False,False,False,False,False,False,False,21.6,23,2024-03-03,14.694444444444443,3.744801512287334,Queens,Jamaica,Bronx,Riverdale,2024-03-03,1.4,7.4,True
1280,2024-03-13 06:44:00,2024-03-13 06:50:07,1,20,4.23,13.98,1.0,1,False,False,False,False,False,False,False,6.116666666666666,6,2024-03-13,41.49318801089919,3.304964539007092,Manhattan,Midtown,Staten Island,Tottenville,2024-03-13,0.7,7.3,False
1281,2024-03-22 19:30:00,2024-03-22 19:36:12,11,20,0.5,4.47,2.0,1,False,False,False,False,False,False,False,6.2,19,2024-03-22,4.838709677419355,8.94,Queens,Astoria,Staten Island,Tottenville,2024-03-22,0.0,8.6,False
1282,2024-03-30 04:26:00,2024-03-30 04:41:24,5,4,1.5,6.43,1.0,1,False,False,False,False,False,False,False,15.4,4,2024-03-30,5.8441558441558445,4.286666666666666,Manhattan,Upper East Side,Manhattan,SoHo,2024-03-30,1.9,18.9,True
1283,2024-03-19 06:29:00,2024-03-19 06:40:43,17,4,1.86,8.74,1.0,2,False,False,False,False,False,False,False,11.716666666666667,6,2024-03-19,9.524893314366999,4.698924731182796,Bronx,Riverdale,Manhattan,SoHo,2024-03-19,1.1,11.7,True
1284,2024-03-07 11:38:00,2024-03-07 11:49:30,9,2,1.45,7.24,1.0,1,False,False,False,False,False,False,False,11.5,11,2024-03-07,7.565217391304347,4.993103448275862,Brooklyn,DUMBO,Manhattan,Harlem,2024-03-07,0.0,3.3,False
1285,2024-03-17 07:25:00,2024-03-17 08:12:00,1,10,0.6,4.38,2.0,1,False,False,False,False,False,False,False,47.0,7,2024-03-17,0.7659574468085106,7.3,Manhattan,Midtown,Brooklyn,Bed-Stuy,2024-03-17,1.8,12.0,True
1286,2024-03-10 21:22:00,2024-03-10 21:29:41,14,7,3.85,12.73,1.0,1,False,False,False,False,False,False,False,7.683333333333334,21,2024-03-10,30.065075921908893,3.3064935064935064,Queens,Jamaica,Brooklyn,Park Slope,2024-03-10,0.0,3.9,False
1287,2024-03-01 06:54:00,2024-03-01 07:03:32,5,4,2.75,11.35,1.0,1,False,False,False,False,False,False,False,9.533333333333333,6,2024-03-01,17.307692307692307,4.127272727272727,Manhattan,Upper East Side,Manhattan,SoHo,2024-03-01,0.0,4.2,False
1288,2024-03-19 02:00:00,2024-03-19 02:08:21,3,2,1.64,7.16,1.0,3,False,False,False,False,False,False,False,8.35,2,2024-03-19,11.784431137724551,4.365853658536586,Manhattan,Chelsea,Manhattan,Harlem,2024-03-19,1.1,11.7,True
1289,2024-03-08 18:41:00,2024-03-08 19:00:32,8,14,7.22,22.82,1.0,1,False,False,False,False,False,False,False,19.533333333333335,18,2024-03-08,22.177474402730372,3.1606648199445986,Brooklyn,Bushwick,Queens,Jamaica,2024-03-08,2.8,5.6,True
1290,2024-03-27 05:20:00,2024-03-27 05:39:41,20,14,3.72,13.88,2.0,2,False,False,False,False,False,False,False,19.683333333333334,5,2024-03-27,11.339542760372566,3.7311827956989245,Staten Island,Tottenville,Queens,Jamaica,2024-03-27,2.1,4.2,True
1291,2024-03-15 00:33:00,2024-03-15 00:53:33,19,12,3.48,12.79,2.0,1,False,False,False,False,False,False,False,20.55,0,2024-03-15,10.16058394160584,3.6752873563218387,Staten Island,St. George,Queens,Flushing,2024-03-15,2.5,10.9,True
1292,2024-03-22 18:56:00,2024-03-22 19:01:52,18,18,3.4,13.28,1.0,1,False,False,False,False,False,False,False,5.866666666666666,18,2024-03-22,34.77272727272727,3.9058823529411764,Bronx,Mott Haven,Bronx,Mott Haven,2024-03-22,0.0,8.6,False
1293,2024-03-21 11:48:00,2024-03-21 12:22:12,1,15,1.86,8.25,1.0,1,False,False,False,False,False,False,False,34.2,11,2024-03-21,3.263157894736842,4.435483870967742,Manhattan,Midtown,Queens,Forest Hills,2024-03-21,0.0,8.6,False
1294,2024-03-05 13:50:00,2024-03-05 14:01:08,5,7,0.25,3.6,2.0,1,False,False,False,False,False,False,False,11.133333333333333,13,2024-03-05,1.347305389221557,14.4,Manhattan,Upper East Side,Brooklyn,Park Slope,2024-03-05,2.7,10.6,True
1295,2024-03-17 23:17:00,2024-03-17 23:25:27,13,14,9.47,29.14,1.0,1,False,False,False,False,False,False,False,8.45,23,2024-03-17,67.24260355029587,3.0770855332629354,Queens,Long Island City,Queens,Jamaica,2024-03-17,1.8,12.0,True
1296,2024-03-22 19:35:00,2024-03-22 19:47:34,13,18,4.94,16.21,2.0,1,False,False,False,False,False,False,False,12.566666666666666,19,2024-03-22,23.586206896551726,3.2813765182186234,Queens,Long Island City,Bronx,Mott Haven,2024-03-22,0.0,8.6,False
1297,2024-03-30 02:56:00,2024-03-30 03:13:32,16,17,2.6,9.81,1.0,1,False,False,False,False,False,False,False,17.533333333333335,2,2024-03-30,8.897338403041823,3.773076923076923,Bronx,Fordham,Bronx,Riverdale,2024-03-30,1.9,18.9,True
1298,2024-03-26 10:51:00,2024-03-26 11:07:26,12,13,4.13,13.64,1.0,1,False,False,False,False,False,False,False,16.433333333333334,10,2024-03-26,15.079107505070994,3.302663438256659,Queens,Flushing,Queens,Long Island City,2024-03-26,1.0,4.1,False
1299,2024-03-17 06:04:00,2024-03-17 06:12:14,10,17,5.37,16.97,1.0,1,False,False,False,False,False,False,False,8.233333333333333,6,2024-03-17,39.1336032388664,3.160148975791434,Brooklyn,Bed-Stuy,Bronx,Riverdale,2024-03-17,1.8,12.0,True
1300,2024-03-28 10:16:00,2024-03-28 10:20:25,12,16,3.14,10.4,1.0,1,False,False,False,False,False,False,False,4.416666666666667,10,2024-03-28,42.656603773584905,3.3121019108280256,Queens,Flushing,Bronx,Fordham,2024-03-28,1.2,7.8,True
1301,2024-03-13 23:22:00,2024-03-14 00:01:12,11,17,2.83,9.81,2.0,1,False,False,False,False,False,False,False,39.2,23,2024-03-13,4.331632653061224,3.4664310954063606,Queens,Astoria,Bronx,Riverdale,2024-03-13,0.7,7.3,False
1302,2024-03-08 17:57:00,2024-03-08 18:27:54,9,1,7.21,24.85,1.0,1,False,False,False,False,False,False,False,30.9,17,2024-03-08,14.0,3.446601941747573,Brooklyn,DUMBO,Manhattan,Midtown,2024-03-08,2.8,5.6,True
1303,2024-03-08 10:35:00,2024-03-08 10:43:32,4,8,9.3,28.53,1.0,2,False,False,False,False,False,False,False,8.533333333333333,10,2024-03-08,65.390625,3.0677419354838706,Manhattan,SoHo,Brooklyn,Bushwick,2024-03-08,2.8,5.6,True
1304,2024-03-18 09:18:00,2024-03-18 09:23:46,10,18,0.8,5.4,1.0,1,False,False,False,False,False,False,False,5.766666666666667,9,2024-03-18,8.323699421965319,6.75,Brooklyn,Bed-Stuy,Bronx,Mott Haven,2024-03-18,1.5,8.4,True
1305,2024-03-07 04:53:00,2024-03-07 04:58:36,5,15,0.43,4.12,1.0,1,False,False,False,False,False,False,False,5.6,4,2024-03-07,4.607142857142858,9.58139534883721,Manhattan,Upper East Side,Queens,Forest Hills,2024-03-07,0.0,3.3,False
1306,2024-03-05 05:34:00,2024-03-05 05:36:24,8,20,2.16,9.47,1.0,1,False,False,False,False,False,False,False,2.4,5,2024-03-05,54.0,4.3842592592592595,Brooklyn,Bushwick,Staten Island,Tottenville,2024-03-05,2.7,10.6,True
1307,2024-03-22 18:49:00,2024-03-22 19:10:30,6,15,1.37,6.54,1.0,1,False,False,False,False,False,False,False,21.5,18,2024-03-22,3.8232558139534887,4.773722627737226,Brooklyn,Williamsburg,Queens,Forest Hills,2024-03-22,0.0,8.6,False
1308,2024-03-15 03:56:00,2024-03-15 04:22:15,20,15,4.3,14.01,1.0,1,False,False,False,False,False,False,False,26.25,3,2024-03-15,9.828571428571427,3.258139534883721,Staten Island,Tottenville,Queens,Forest Hills,2024-03-15,2.5,10.9,True
1309,2024-03-10 06:15:00,2024-03-10 06:28:44,5,12,3.21,10.29,1.0,1,False,False,False,False,False,False,False,13.733333333333333,6,2024-03-10,14.024271844660195,3.205607476635514,Manhattan,Upper East Side,Queens,Flushing,2024-03-10,0.0,3.9,False
1310,2024-03-13 08:28:00,2024-03-13 08:47:03,19,2,5.11,15.3,1.0,1,False,False,False,False,False,False,False,19.05,8,2024-03-13,16.094488188976378,2.9941291585127203,Staten Island,St. George,Manhattan,Harlem,2024-03-13,0.7,7.3,False
1311,2024-03-02 22:27:00,2024-03-02 22:50:52,17,10,2.0,7.63,1.0,1,False,False,False,False,False,False,False,23.866666666666667,22,2024-03-02,5.027932960893855,3.815,Bronx,Riverdale,Brooklyn,Bed-Stuy,2024-03-02,0.7,3.3,False
1312,2024-03-15 07:01:00,2024-03-15 07:09:04,3,14,1.8,7.38,1.0,1,False,False,False,False,False,False,False,8.066666666666666,7,2024-03-15,13.388429752066115,4.1,Manhattan,Chelsea,Queens,Jamaica,2024-03-15,2.5,10.9,True
1313,2024-03-16 02:40:00,2024-03-16 03:01:49,17,2,6.72,22.02,1.0,1,False,False,False,False,False,False,False,21.816666666666666,2,2024-03-16,18.481283422459892,3.2767857142857144,Bronx,Riverdale,Manhattan,Harlem,2024-03-16,0.5,14.7,False
1314,2024-03-25 07:50:00,2024-03-25 08:17:05,15,20,2.22,9.99,1.0,1,False,False,False,False,False,False,False,27.083333333333332,7,2024-03-25,4.918153846153847,4.5,Queens,Forest Hills,Staten Island,Tottenville,2024-03-25,0.0,7.3,False
1315,2024-03-05 01:13:00,2024-03-05 01:36:21,20,10,2.65,10.45,2.0,1,False,False,False,False,False,False,False,23.35,1,2024-03-05,6.809421841541755,3.943396226415094,Staten Island,Tottenville,Brooklyn,Bed-Stuy,2024-03-05,2.7,10.6,True
1316,2024-03-11 06:21:00,2024-03-11 06:39:31,13,12,1.98,8.61,2.0,3,False,False,False,False,False,False,False,18.516666666666666,6,2024-03-11,6.415841584158415,4.348484848484849,Queens,Long Island City,Queens,Flushing,2024-03-11,1.8,11.3,True
1317,2024-03-19 22:16:00,2024-03-19 22:26:54,20,18,3.56,13.49,1.0,1,False,False,False,False,False,False,False,10.9,22,2024-03-19,19.59633027522936,3.789325842696629,Staten Island,Tottenville,Bronx,Mott Haven,2024-03-19,1.1,11.7,True
1318,2024-03-09 12:42:00,2024-03-09 12:45:11,6,7,1.69,7.23,1.0,1,False,False,False,False,False,False,False,3.183333333333333,12,2024-03-09,31.85340314136126,4.27810650887574,Brooklyn,Williamsburg,Brooklyn,Park Slope,2024-03-09,4.2,4.7,True
1319,2024-03-11 13:18:00,2024-03-11 13:27:43,11,20,1.47,6.89,1.0,3,False,False,False,False,False,False,False,9.716666666666667,13,2024-03-11,9.077186963979416,4.687074829931973,Queens,Astoria,Staten Island,Tottenville,2024-03-11,1.8,11.3,True
1320,2024-03-29 17:11:00,2024-03-29 17:47:08,8,3,2.16,8.08,3.0,1,False,False,False,False,False,False,False,36.13333333333333,17,2024-03-29,3.586715867158672,3.7407407407407405,Brooklyn,Bushwick,Manhattan,Chelsea,2024-03-29,1.1,4.2,True
1321,2024-03-07 10:01:00,2024-03-07 10:19:05,13,4,1.27,6.52,1.0,2,False,False,False,False,False,False,False,18.083333333333332,10,2024-03-07,4.213824884792627,5.133858267716535,Queens,Long Island City,Manhattan,SoHo,2024-03-07,0.0,3.3,False
1322,2024-03-05 10:16:00,2024-03-05 10:56:23,17,17,7.59,26.64,1.0,1,False,False,False,False,False,False,False,40.38333333333333,10,2024-03-05,11.276929426330994,3.5098814229249014,Bronx,Riverdale,Bronx,Riverdale,2024-03-05,2.7,10.6,True
1323,2024-03-05 13:47:00,2024-03-05 14:26:48,15,14,5.05,15.92,1.0,1,False,False,False,False,False,False,False,39.8,13,2024-03-05,7.613065326633166,3.1524752475247526,Queens,Forest Hills,Queens,Jamaica,2024-03-05,2.7,10.6,True
1324,2024-03-28 02:42:00,2024-03-28 02:47:31,3,13,3.95,12.68,4.0,1,False,False,False,False,False,False,False,5.516666666666667,2,2024-03-28,42.96072507552871,3.210126582278481,Manhattan,Chelsea,Queens,Long Island City,2024-03-28,1.2,7.8,True
1325,2024-03-19 09:12:00,2024-03-19 09:50:51,10,1,1.19,6.52,1.0,1,False,False,False,False,False,False,False,38.85,9,2024-03-19,1.8378378378378375,5.4789915966386555,Brooklyn,Bed-Stuy,Manhattan,Midtown,2024-03-19,1.1,11.7,True
1326,2024-03-25 17:54:00,2024-03-25 18:03:49,13,4,1.61,7.24,1.0,1,False,False,False,False,False,False,False,9.816666666666666,17,2024-03-25,9.840407470288627,4.496894409937888,Queens,Long Island City,Manhattan,SoHo,2024-03-25,0.0,7.3,False
1327,2024-03-29 08:54:00,2024-03-29 09:17:02,7,20,0.95,5.6,1.0,1,False,False,False,False,False,False,False,23.033333333333335,8,2024-03-29,2.4746743849493487,5.894736842105263,Brooklyn,Park Slope,Staten Island,Tottenville,2024-03-29,1.1,4.2,True
1328,2024-03-16 00:55:00,2024-03-16 01:01:28,1,4,4.24,14.92,1.0,2,False,False,False,False,False,False,False,6.466666666666667,0,2024-03-16,39.34020618556701,3.5188679245283017,Manhattan,Midtown,Manhattan,SoHo,2024-03-16,0.5,14.7,False
1329,2024-03-28 17:16:00,2024-03-28 17:25:06,15,20,4.37,14.1,4.0,2,False,False,False,False,False,False,False,9.1,17,2024-03-28,28.813186813186814,3.2265446224256293,Queens,Forest Hills,Staten Island,Tottenville,2024-03-28,1.2,7.8,True
1330,2024-03-29 14:49:00,2024-03-29 15:29:20,6,10,4.61,13.36,1.0,1,False,False,False,False,False,False,False,40.333333333333336,14,2024-03-29,6.857851239669421,2.898047722342733,Brooklyn,Williamsburg,Brooklyn,Bed-Stuy,2024-03-29,1.1,4.2,True
1331,2024-03-01 20:42:00,2024-03-01 20:55:05,7,19,2.38,9.5,1.0,1,False,False,False,False,False,False,False,13.083333333333334,20,2024-03-01,10.914649681528662,3.991596638655462,Brooklyn,Park Slope,Staten Island,St. George,2024-03-01,0.0,4.2,False
1332,2024-03-17 15:59:00,2024-03-17 16:12:32,11,13,1.67,7.84,1.0,1,False,False,False,False,False,False,False,13.533333333333333,15,2024-03-17,7.403940886699507,4.6946107784431135,Queens,Astoria,Queens,Long Island City,2024-03-17,1.8,12.0,True
1333,2024-03-06 01:59:00,2024-03-06 02:07:25,14,6,5.09,17.01,4.0,1,False,False,False,False,False,False,False,8.416666666666666,1,2024-03-06,36.285148514851485,3.3418467583497056,Queens,Jamaica,Brooklyn,Williamsburg,2024-03-06,0.0,9.2,False
1334,2024-03-04 23:04:00,2024-03-04 23:18:16,6,14,2.51,9.11,3.0,3,False,False,False,False,False,False,False,14.266666666666667,23,2024-03-04,10.55607476635514,3.6294820717131473,Brooklyn,Williamsburg,Queens,Jamaica,2024-03-04,3.4,18.0,True
1335,2024-03-24 06:34:00,2024-03-24 06:40:12,15,2,0.68,4.54,1.0,1,False,False,False,False,False,False,False,6.2,6,2024-03-24,6.580645161290323,6.6764705882352935,Queens,Forest Hills,Manhattan,Harlem,2024-03-24,1.1,11.3,True
1336,2024-03-06 11:14:00,2024-03-06 11:35:16,9,9,3.14,10.38,2.0,1,False,False,False,False,False,False,False,21.266666666666666,11,2024-03-06,8.858934169278998,3.305732484076433,Brooklyn,DUMBO,Brooklyn,DUMBO,2024-03-06,0.0,9.2,False
1337,2024-03-13 04:49:50,2024-03-13 04:25:00,8,10,0.34,4.03,1.0,2,True,False,False,False,True,False,False,-24.833333333333332,4,2024-03-13,-0.8214765100671142,11.852941176470589,Brooklyn,Bushwick,Brooklyn,Bed-Stuy,2024-03-13,0.7,7.3,False
1338,2024-03-08 17:45:00,2024-03-08 17:55:56,20,6,0.62,4.52,1.0,1,False,False,False,False,False,False,False,10.933333333333334,17,2024-03-08,3.402439024390244,7.290322580645161,Staten Island,Tottenville,Brooklyn,Williamsburg,2024-03-08,2.8,5.6,True
1339,2024-03-21 11:21:00,2024-03-21 11:28:51,17,7,5.49,16.93,1.0,2,False,False,False,False,False,False,False,7.85,11,2024-03-21,41.961783439490446,3.083788706739526,Bronx,Riverdale,Brooklyn,Park Slope,2024-03-21,0.0,8.6,False
1340,2024-03-05 03:43:00,2024-03-05 04:11:51,6,3,2.5,8.95,1.0,1,False,False,False,False,False,False,False,28.85,3,2024-03-05,5.1993067590987865,3.5799999999999996,Brooklyn,Williamsburg,Manhattan,Chelsea,2024-03-05,2.7,10.6,True
1341,2024-03-30 00:10:00,2024-03-30 00:20:15,11,10,1.77,7.95,2.0,1,False,False,False,False,False,False,False,10.25,0,2024-03-30,10.360975609756098,4.491525423728814,Queens,Astoria,Brooklyn,Bed-Stuy,2024-03-30,1.9,18.9,True
1342,2024-03-10 16:27:00,2024-03-10 16:33:25,14,13,3.61,13.18,1.0,3,False,False,False,False,False,False,False,6.416666666666667,16,2024-03-10,33.75584415584415,3.650969529085873,Queens,Jamaica,Queens,Long Island City,2024-03-10,0.0,3.9,False
1343,2024-03-10 10:55:00,2024-03-10 11:17:07,14,9,7.46,26.45,2.0,1,False,False,False,False,False,False,False,22.116666666666667,10,2024-03-10,20.238131122833458,3.545576407506702,Queens,Jamaica,Brooklyn,DUMBO,2024-03-10,0.0,3.9,False
1344,2024-03-16 03:34:00,2024-03-16 03:54:21,16,15,1.46,6.52,1.0,1,False,False,False,False,False,False,False,20.35,3,2024-03-16,4.304668304668304,4.465753424657534,Bronx,Fordham,Queens,Forest Hills,2024-03-16,0.5,14.7,False
1345,2024-03-02 09:07:00,2024-03-02 09:19:10,19,2,0.33,3.79,1.0,1,False,False,False,False,False,False,False,12.166666666666666,9,2024-03-02,1.6273972602739726,11.484848484848484,Staten Island,St. George,Manhattan,Harlem,2024-03-02,0.7,3.3,False
1346,2024-03-29 18:00:00,2024-03-29 18:16:31,4,10,8.52,26.61,1.0,1,False,False,False,False,False,False,False,16.516666666666666,18,2024-03-29,30.95055499495459,3.1232394366197185,Manhattan,SoHo,Brooklyn,Bed-Stuy,2024-03-29,1.1,4.2,True
1347,2024-03-10 10:02:00,2024-03-10 10:26:12,17,1,3.17,10.95,1.0,1,False,False,False,False,False,False,False,24.2,10,2024-03-10,7.859504132231405,3.454258675078864,Bronx,Riverdale,Manhattan,Midtown,2024-03-10,0.0,3.9,False
1348,2024-03-11 17:16:00,2024-03-11 17:30:01,9,9,1.21,6.68,1.0,1,False,False,False,False,False,False,False,14.016666666666667,17,2024-03-11,5.179548156956004,5.520661157024794,Brooklyn,DUMBO,Brooklyn,DUMBO,2024-03-11,1.8,11.3,True
1349,2024-03-27 13:27:00,2024-03-27 13:30:05,13,20,0.7,4.89,3.0,1,False,False,False,False,False,False,False,3.0833333333333335,13,2024-03-27,13.62162162162162,6.985714285714286,Queens,Long Island City,Staten Island,Tottenville,2024-03-27,2.1,4.2,True
1350,2024-03-29 23:42:00,2024-03-29 23:59:14,2,20,1.94,8.02,1.0,1,False,False,False,False,False,False,False,17.233333333333334,23,2024-03-29,6.754352030947776,4.1340206185567006,Manhattan,Harlem,Staten Island,Tottenville,2024-03-29,1.1,4.2,True
1351,2024-03-28 06:04:00,2024-03-28 06:28:53,17,8,6.09,21.18,1.0,1,False,False,False,False,False,False,False,24.883333333333333,6,2024-03-28,14.68452779638312,3.477832512315271,Bronx,Riverdale,Brooklyn,Bushwick,2024-03-28,1.2,7.8,True
1352,2024-03-05 21:36:00,2024-03-05 22:22:34,17,13,3.52,11.02,1.0,1,False,False,False,False,False,False,False,46.56666666666667,21,2024-03-05,4.535433070866142,3.130681818181818,Bronx,Riverdale,Queens,Long Island City,2024-03-05,2.7,10.6,True
1353,2024-03-14 02:17:00,2024-03-14 02:18:32,10,17,0.94,5.12,1.0,1,False,False,False,False,False,False,False,1.5333333333333334,2,2024-03-14,36.78260869565217,5.446808510638299,Brooklyn,Bed-Stuy,Bronx,Riverdale,2024-03-14,1.5,5.8,True
1354,2024-03-14 10:17:00,2024-03-14 10:25:06,2,15,4.54,15.06,1.0,2,False,False,False,False,False,False,False,8.1,10,2024-03-14,33.62962962962963,3.3171806167400884,Manhattan,Harlem,Queens,Forest Hills,2024-03-14,1.5,5.8,True
1355,2024-03-08 20:21:00,2024-03-08 20:24:25,15,13,1.32,7.07,2.0,1,False,False,False,False,False,False,False,3.4166666666666665,20,2024-03-08,23.18048780487805,5.356060606060606,Queens,Forest Hills,Queens,Long Island City,2024-03-08,2.8,5.6,True
1356,2024-03-14 13:21:00,2024-03-14 13:35:07,14,10,1.32,6.1,1.0,1,False,False,False,False,False,False,False,14.116666666666667,13,2024-03-14,5.6103896103896105,4.621212121212121,Queens,Jamaica,Brooklyn,Bed-Stuy,2024-03-14,1.5,5.8,True
1357,2024-03-09 05:44:00,2024-03-09 06:23:49,9,13,1.65,7.27,1.0,1,False,False,False,False,False,False,False,39.81666666666667,5,2024-03-09,2.486395981582252,4.406060606060606,Brooklyn,DUMBO,Queens,Long Island City,2024-03-09,4.2,4.7,True
1358,2024-03-13 07:05:00,2024-03-13 07:07:55,12,7,4.25,14.29,2.0,1,False,False,False,False,False,False,False,2.9166666666666665,7,2024-03-13,87.42857142857143,3.3623529411764705,Queens,Flushing,Brooklyn,Park Slope,2024-03-13,0.7,7.3,False
1359,2024-03-02 17:10:00,2024-03-02 17:46:31,1,8,1.57,7.32,1.0,1,False,False,False,False,False,False,False,36.516666666666666,17,2024-03-02,2.5796439981743498,4.662420382165605,Manhattan,Midtown,Brooklyn,Bushwick,2024-03-02,0.7,3.3,False
1360,2024-03-18 15:32:00,2024-03-18 15:49:04,4,2,1.23,5.95,1.0,1,False,False,False,False,False,False,False,17.066666666666666,15,2024-03-18,4.32421875,4.83739837398374,Manhattan,SoHo,Manhattan,Harlem,2024-03-18,1.5,8.4,True
1361,2024-03-30 17:46:00,2024-03-30 18:18:54,4,18,1.34,5.99,1.0,1,False,False,False,False,False,False,False,32.9,17,2024-03-30,2.4437689969604866,4.470149253731343,Manhattan,SoHo,Bronx,Mott Haven,2024-03-30,1.9,18.9,True
1362,2024-03-02 02:47:00,2024-03-02 02:51:58,19,9,1.16,5.87,1.0,2,False,False,False,False,False,False,False,4.966666666666667,2,2024-03-02,14.013422818791945,5.060344827586207,Staten Island,St. George,Brooklyn,DUMBO,2024-03-02,0.7,3.3,False
1363,2024-03-11 11:16:00,2024-03-11 11:33:21,8,15,4.57,14.9,2.0,2,False,False,False,False,False,False,False,17.35,11,2024-03-11,15.804034582132564,3.2603938730853392,Brooklyn,Bushwick,Queens,Forest Hills,2024-03-11,1.8,11.3,True
1364,2024-03-13 05:21:00,2024-03-13 05:40:57,7,12,1.74,7.78,1.0,1,False,False,False,False,False,False,False,19.95,5,2024-03-13,5.2330827067669174,4.471264367816092,Brooklyn,Park Slope,Queens,Flushing,2024-03-13,0.7,7.3,False
1365,2024-03-20 22:27:00,2024-03-20 22:42:04,19,9,4.84,16.31,1.0,1,False,False,False,False,False,False,False,15.066666666666666,22,2024-03-20,19.27433628318584,3.3698347107438016,Staten Island,St. George,Brooklyn,DUMBO,2024-03-20,1.4,11.9,True
1366,2024-03-04 18:43:00,2024-03-04 19:11:20,4,19,1.72,7.74,2.0,1,False,False,False,False,False,False,False,28.333333333333332,18,2024-03-04,3.642352941176471,4.5,Manhattan,SoHo,Staten Island,St. George,2024-03-04,3.4,18.0,True
1367,2024-03-06 04:45:00,2024-03-06 04:56:08,18,11,0.5,4.32,1.0,2,False,False,False,False,False,False,False,11.133333333333333,4,2024-03-06,2.694610778443114,8.64,Bronx,Mott Haven,Queens,Astoria,2024-03-06,0.0,9.2,False
1368,2024-03-07 21:58:00,2024-03-07 22:01:27,11,20,5.54,20.11,1.0,1,False,False,False,False,False,False,False,3.45,21,2024-03-07,96.34782608695652,3.6299638989169676,Queens,Astoria,Staten Island,Tottenville,2024-03-07,0.0,3.3,False
1369,2024-03-24 21:10:00,2024-03-24 21:23:59,9,5,2.13,9.18,2.0,1,False,False,False,False,False,False,False,13.983333333333333,21,2024-03-24,9.139451728247915,4.309859154929578,Brooklyn,DUMBO,Manhattan,Upper East Side,2024-03-24,1.1,11.3,True
1370,2024-03-19 10:58:00,2024-03-19 11:23:19,11,7,1.42,6.96,1.0,3,False,False,False,False,False,False,False,25.316666666666666,10,2024-03-19,3.365371955233706,4.901408450704226,Queens,Astoria,Brooklyn,Park Slope,2024-03-19,1.1,11.7,True
1371,2024-03-18 00:31:00,2024-03-18 00:46:17,12,8,2.52,10.89,1.0,1,False,False,False,False,False,False,False,15.283333333333333,0,2024-03-18,9.893129770992365,4.321428571428572,Queens,Flushing,Brooklyn,Bushwick,2024-03-18,1.5,8.4,True
1372,2024-03-14 07:55:00,2024-03-14 08:10:51,2,1,4.8,17.29,4.0,1,False,False,False,False,False,False,False,15.85,7,2024-03-14,18.170347003154575,3.6020833333333333,Manhattan,Harlem,Manhattan,Midtown,2024-03-14,1.5,5.8,True
1373,2024-03-16 09:44:00,2024-03-16 10:02:46,6,1,3.37,11.62,1.0,1,False,False,False,False,False,False,False,18.766666666666666,9,2024-03-16,10.77442273534636,3.4480712166172105,Brooklyn,Williamsburg,Manhattan,Midtown,2024-03-16,0.5,14.7,False
1374,2024-03-08 06:48:00,2024-03-08 06:56:26,3,9,4.21,14.7,1.0,2,False,False,False,False,False,False,False,8.433333333333334,6,2024-03-08,29.95256916996047,3.4916864608076006,Manhattan,Chelsea,Brooklyn,DUMBO,2024-03-08,2.8,5.6,True
1375,2024-03-27 10:31:00,2024-03-27 10:38:35,17,20,1.3,6.82,1.0,1,False,False,False,False,False,False,False,7.583333333333333,10,2024-03-27,10.285714285714286,5.246153846153846,Bronx,Riverdale,Staten Island,Tottenville,2024-03-27,2.1,4.2,True
1376,2024-03-30 22:50:00,2024-03-30 23:00:53,8,16,5.31,18.26,1.0,2,False,False,False,False,False,False,False,10.883333333333333,22,2024-03-30,29.274119448698315,3.4387947269303205,Brooklyn,Bushwick,Bronx,Fordham,2024-03-30,1.9,18.9,True
1377,2024-03-09 17:12:00,2024-03-09 17:29:55,10,11,3.6,13.98,2.0,1,False,False,False,False,False,False,False,17.916666666666668,17,2024-03-09,12.055813953488373,3.8833333333333333,Brooklyn,Bed-Stuy,Queens,Astoria,2024-03-09,4.2,4.7,True
1378,2024-03-20 07:00:00,2024-03-20 07:06:45,2,12,2.45,9.31,1.0,1,False,False,False,False,False,False,False,6.75,7,2024-03-20,21.77777777777778,3.8,Manhattan,Harlem,Queens,Flushing,2024-03-20,1.4,11.9,True
1379,2024-03-11 17:17:00,2024-03-11 17:23:27,16,11,4.33,14.93,2.0,1,False,False,False,False,False,False,False,6.45,17,2024-03-11,40.27906976744186,3.4480369515011544,Bronx,Fordham,Queens,Astoria,2024-03-11,1.8,11.3,True
1380,2024-03-28 12:05:00,2024-03-28 12:08:01,5,8,2.1,8.55,1.0,2,False,False,False,False,False,False,False,3.0166666666666666,12,2024-03-28,41.767955801104975,4.071428571428571,Manhattan,Upper East Side,Brooklyn,Bushwick,2024-03-28,1.2,7.8,True
1381,2024-03-10 09:10:00,2024-03-10 10:00:50,13,14,2.17,8.98,1.0,1,False,False,False,False,False,False,False,50.833333333333336,9,2024-03-10,2.561311475409836,4.138248847926268,Queens,Long Island City,Queens,Jamaica,2024-03-10,0.0,3.9,False
1382,2024-03-22 19:05:00,2024-03-22 19:14:56,16,15,2.15,8.38,1.0,1,False,False,False,False,False,False,False,9.933333333333334,19,2024-03-22,12.986577181208052,3.8976744186046517,Bronx,Fordham,Queens,Forest Hills,2024-03-22,0.0,8.6,False
1383,2024-03-07 17:18:00,2024-03-07 17:34:25,5,15,3.65,14.5,1.0,2,False,False,False,False,False,False,False,16.416666666666668,17,2024-03-07,13.340101522842637,3.9726027397260273,Manhattan,Upper East Side,Queens,Forest Hills,2024-03-07,0.0,3.3,False
1384,2024-03-03 19:54:00,2024-03-03 19:59:37,9,15,2.66,9.14,1.0,2,False,False,False,False,False,False,False,5.616666666666666,19,2024-03-03,28.41543026706232,3.43609022556391,Brooklyn,DUMBO,Queens,Forest Hills,2024-03-03,1.4,7.4,True
1385,2024-03-14 16:13:00,2024-03-14 16:57:49,20,18,0.96,5.41,1.0,2,False,False,False,False,False,False,False,44.81666666666667,16,2024-03-14,1.2852361472666416,5.635416666666667,Staten Island,Tottenville,Bronx,Mott Haven,2024-03-14,1.5,5.8,True
1386,2024-03-24 17:03:00,2024-03-24 17:08:22,5,16,1.32,7.16,4.0,2,False,False,False,False,False,False,False,5.366666666666666,17,2024-03-24,14.757763975155282,5.424242424242424,Manhattan,Upper East Side,Bronx,Fordham,2024-03-24,1.1,11.3,True
1387,2024-03-09 00:45:00,2024-03-09 01:10:01,13,4,0.8,5.39,2.0,1,False,False,False,False,False,False,False,25.016666666666666,0,2024-03-09,1.9187208527648236,6.737499999999999,Queens,Long Island City,Manhattan,SoHo,2024-03-09,4.2,4.7,True
1388,2024-03-20 15:57:00,2024-03-20 16:02:21,7,10,5.81,19.74,3.0,1,False,False,False,False,False,False,False,5.35,15,2024-03-20,65.1588785046729,3.397590361445783,Brooklyn,Park Slope,Brooklyn,Bed-Stuy,2024-03-20,1.4,11.9,True
1389,2024-03-06 23:39:00,2024-03-07 00:02:35,1,11,1.25,6.1,1.0,1,False,False,False,False,False,False,False,23.583333333333332,23,2024-03-06,3.1802120141342756,4.88,Manhattan,Midtown,Queens,Astoria,2024-03-06,0.0,9.2,False
1390,2024-03-09 14:22:00,2024-03-09 14:46:34,10,6,6.5,23.39,1.0,2,False,False,False,False,False,False,False,24.566666666666666,14,2024-03-09,15.87516960651289,3.5984615384615384,Brooklyn,Bed-Stuy,Brooklyn,Williamsburg,2024-03-09,4.2,4.7,True
1391,2024-03-23 23:03:00,2024-03-23 23:17:45,1,11,1.31,7.05,1.0,2,False,False,False,False,False,False,False,14.75,23,2024-03-23,5.328813559322034,5.381679389312977,Manhattan,Midtown,Queens,Astoria,2024-03-23,1.2,5.9,True
1392,2024-03-11 16:16:00,2024-03-11 16:56:41,18,18,1.11,5.69,1.0,2,False,False,False,False,False,False,False,40.68333333333333,16,2024-03-11,1.6370340024580092,5.126126126126126,Bronx,Mott Haven,Bronx,Mott Haven,2024-03-11,1.8,11.3,True
1393,2024-03-29 03:50:00,2024-03-29 04:14:02,12,20,1.79,-5.0,1.0,3,False,False,True,False,True,False,False,24.033333333333335,3,2024-03-29,4.46879334257975,-2.793296089385475,Queens,Flushing,Staten Island,Tottenville,2024-03-29,1.1,4.2,True
1394,2024-03-25 10:30:00,2024-03-25 10:47:59,15,12,4.8,17.85,1.0,2,False,False,False,False,False,False,False,17.983333333333334,10,2024-03-25,16.014828544949026,3.7187500000000004,Queens,Forest Hills,Queens,Flushing,2024-03-25,0.0,7.3,False
1395,2024-03-21 10:33:00,2024-03-21 10:50:01,2,16,1.6,6.96,3.0,1,False,False,False,False,False,False,False,17.016666666666666,10,2024-03-21,5.641527913809991,4.35,Manhattan,Harlem,Bronx,Fordham,2024-03-21,0.0,8.6,False
1396,2024-03-19 22:00:00,2024-03-19 22:02:25,4,9,1.26,6.6,1.0,1,False,False,False,False,False,False,False,2.4166666666666665,22,2024-03-19,31.28275862068966,5.238095238095238,Manhattan,SoHo,Brooklyn,DUMBO,2024-03-19,1.1,11.7,True
1397,2024-03-23 11:59:00,2024-03-23 12:05:58,4,1,0.66,4.51,1.0,1,False,False,False,False,False,False,False,6.966666666666667,11,2024-03-23,5.68421052631579,6.833333333333333,Manhattan,SoHo,Manhattan,Midtown,2024-03-23,1.2,5.9,True
1398,2024-03-06 00:16:00,2024-03-06 00:38:20,18,7,1.35,7.3,4.0,1,False,False,False,False,False,False,False,22.333333333333332,0,2024-03-06,3.6268656716417915,5.4074074074074066,Bronx,Mott Haven,Brooklyn,Park Slope,2024-03-06,0.0,9.2,False
1399,2024-03-08 17:35:00,2024-03-08 17:59:55,20,1,1.59,7.47,1.0,1,False,False,False,False,False,False,False,24.916666666666668,17,2024-03-08,3.82876254180602,4.698113207547169,Staten Island,Tottenville,Manhattan,Midtown,2024-03-08,2.8,5.6,True
1400,2024-03-22 00:01:00,2024-03-22 00:23:59,8,13,0.49,4.23,2.0,1,False,False,False,False,False,False,False,22.983333333333334,0,2024-03-22,1.279187817258883,8.632653061224492,Brooklyn,Bushwick,Queens,Long Island City,2024-03-22,0.0,8.6,False
1401,2024-03-13 10:33:00,2024-03-13 10:40:26,6,11,1.39,6.49,1.0,1,False,False,False,False,False,False,False,7.433333333333334,10,2024-03-13,11.219730941704034,4.669064748201439,Brooklyn,Williamsburg,Queens,Astoria,2024-03-13,0.7,7.3,False
1402,2024-03-16 15:38:00,2024-03-16 16:36:46,8,5,3.46,12.21,1.0,2,False,False,False,False,False,False,False,58.766666666666666,15,2024-03-16,3.5326148610323314,3.5289017341040467,Brooklyn,Bushwick,Manhattan,Upper East Side,2024-03-16,0.5,14.7,False
1403,2024-03-22 09:51:00,2024-03-22 10:07:36,2,16,5.62,17.01,3.0,1,False,False,False,False,False,False,False,16.6,9,2024-03-22,20.313253012048193,3.026690391459075,Manhattan,Harlem,Bronx,Fordham,2024-03-22,0.0,8.6,False
1404,2024-03-27 05:37:00,2024-03-27 06:02:36,8,3,4.54,16.8,1.0,2,False,False,False,False,False,False,False,25.6,5,2024-03-27,10.640625,3.7004405286343616,Brooklyn,Bushwick,Manhattan,Chelsea,2024-03-27,2.1,4.2,True
1405,2024-03-16 22:31:00,2024-03-16 22:40:09,9,5,4.25,12.56,1.0,2,False,False,False,False,False,False,False,9.15,22,2024-03-16,27.868852459016395,2.955294117647059,Brooklyn,DUMBO,Manhattan,Upper East Side,2024-03-16,0.5,14.7,False
1406,2024-03-05 13:04:00,2024-03-05 13:47:47,18,10,2.47,8.55,1.0,1,False,False,False,False,False,False,False,43.78333333333333,13,2024-03-05,3.3848496383707656,3.4615384615384617,Bronx,Mott Haven,Brooklyn,Bed-Stuy,2024-03-05,2.7,10.6,True
1407,2024-03-02 00:20:00,2024-03-02 00:45:59,7,2,0.44,3.99,4.0,1,False,False,False,False,False,False,False,25.983333333333334,0,2024-03-02,1.0160359204618346,9.068181818181818,Brooklyn,Park Slope,Manhattan,Harlem,2024-03-02,0.7,3.3,False
1408,2024-03-22 11:54:00,2024-03-22 12:26:18,1,13,3.71,12.06,3.0,1,False,False,False,False,False,False,False,32.3,11,2024-03-22,6.891640866873065,3.2506738544474394,Manhattan,Midtown,Queens,Long Island City,2024-03-22,0.0,8.6,False
1409,2024-03-29 15:13:00,2024-03-29 15:25:28,19,1,2.4,10.44,4.0,2,False,False,False,False,False,False,False,12.466666666666667,15,2024-03-29,11.550802139037433,4.35,Staten Island,St. George,Manhattan,Midtown,2024-03-29,1.1,4.2,True
1410,2024-03-21 10:04:00,2024-03-21 10:11:39,11,1,3.08,10.9,1.0,2,False,False,False,False,False,False,False,7.65,10,2024-03-21,24.15686274509804,3.538961038961039,Queens,Astoria,Manhattan,Midtown,2024-03-21,0.0,8.6,False
1411,2024-03-17 10:01:00,2024-03-17 10:20:10,5,18,4.57,17.32,2.0,1,False,False,False,False,False,False,False,19.166666666666668,10,2024-03-17,14.306086956521739,3.7899343544857764,Manhattan,Upper East Side,Bronx,Mott Haven,2024-03-17,1.8,12.0,True
1412,2024-03-26 20:42:00,2024-03-26 21:10:28,11,14,4.83,15.53,1.0,1,False,False,False,False,False,False,False,28.466666666666665,20,2024-03-26,10.18032786885246,3.2153209109730847,Queens,Astoria,Queens,Jamaica,2024-03-26,1.0,4.1,False
1413,2024-03-02 07:05:00,2024-03-02 07:31:17,1,13,8.67,29.36,1.0,1,False,False,False,False,False,False,False,26.283333333333335,7,2024-03-02,19.792010145846543,3.38638985005767,Manhattan,Midtown,Queens,Long Island City,2024-03-02,0.7,3.3,False
1414,2024-03-21 13:25:00,2024-03-21 13:46:27,10,8,5.12,18.96,1.0,2,False,False,False,False,False,False,False,21.45,13,2024-03-21,14.321678321678323,3.703125,Brooklyn,Bed-Stuy,Brooklyn,Bushwick,2024-03-21,0.0,8.6,False
1415,2024-03-28 11:01:00,2024-03-28 11:12:11,13,12,4.25,12.67,1.0,3,False,False,False,False,False,False,False,11.183333333333334,11,2024-03-28,22.801788375558868,2.981176470588235,Queens,Long Island City,Queens,Flushing,2024-03-28,1.2,7.8,True
1416,2024-03-10 22:36:00,2024-03-10 22:39:20,7,2,4.76,14.48,3.0,2,False,False,False,False,False,False,False,3.3333333333333335,22,2024-03-10,85.67999999999999,3.0420168067226894,Brooklyn,Park Slope,Manhattan,Harlem,2024-03-10,0.0,3.9,False
1417,2024-03-08 04:52:00,2024-03-08 04:59:54,3,1,3.63,13.37,1.0,1,False,False,False,False,False,False,False,7.9,4,2024-03-08,27.569620253164555,3.683195592286501,Manhattan,Chelsea,Manhattan,Midtown,2024-03-08,2.8,5.6,True
1418,2024-03-25 11:48:00,2024-03-25 11:51:58,14,10,2.1,9.23,1.0,1,False,False,False,False,False,False,False,3.966666666666667,11,2024-03-25,31.764705882352946,4.395238095238096,Queens,Jamaica,Brooklyn,Bed-Stuy,2024-03-25,0.0,7.3,False
1419,2024-03-10 07:28:00,2024-03-10 07:48:54,13,6,3.52,11.42,1.0,1,False,False,False,False,False,False,False,20.9,7,2024-03-10,10.105263157894736,3.2443181818181817,Queens,Long Island City,Brooklyn,Williamsburg,2024-03-10,0.0,3.9,False
1420,2024-03-21 12:30:00,2024-03-21 12:35:55,15,17,7.35,20.81,2.0,1,False,False,False,False,False,False,False,5.916666666666667,12,2024-03-21,74.53521126760562,2.8312925170068026,Queens,Forest Hills,Bronx,Riverdale,2024-03-21,0.0,8.6,False
1421,2024-03-24 07:45:00,2024-03-24 07:50:51,1,8,9.12,25.81,1.0,1,False,False,False,False,False,False,False,5.85,7,2024-03-24,93.53846153846155,2.830043859649123,Manhattan,Midtown,Brooklyn,Bushwick,2024-03-24,1.1,11.3,True
1422,2024-03-09 11:42:00,2024-03-09 11:43:43,8,1,6.07,18.32,1.0,2,False,False,False,False,False,False,False,1.7166666666666666,11,2024-03-09,212.15533980582526,3.018121911037891,Brooklyn,Bushwick,Manhattan,Midtown,2024-03-09,4.2,4.7,True
1423,2024-03-12 07:42:00,2024-03-12 07:48:40,5,17,4.81,14.12,1.0,1,False,False,False,False,False,False,False,6.666666666666667,7,2024-03-12,43.28999999999999,2.9355509355509355,Manhattan,Upper East Side,Bronx,Riverdale,2024-03-12,0.7,10.8,False
1424,2024-03-07 08:07:00,2024-03-07 08:38:37,14,13,5.22,18.07,2.0,2,False,False,False,False,False,False,False,31.616666666666667,8,2024-03-07,9.906167633104902,3.4616858237547894,Queens,Jamaica,Queens,Long Island City,2024-03-07,0.0,3.3,False
1425,2024-03-17 20:19:00,2024-03-17 20:29:27,19,14,1.13,5.81,1.0,1,False,False,False,False,False,False,False,10.45,20,2024-03-17,6.488038277511961,5.1415929203539825,Staten Island,St. George,Queens,Jamaica,2024-03-17,1.8,12.0,True
1426,2024-03-21 11:22:00,2024-03-21 11:26:46,11,6,3.59,12.05,1.0,1,False,False,False,False,False,False,False,4.766666666666667,11,2024-03-21,45.18881118881119,3.356545961002786,Queens,Astoria,Brooklyn,Williamsburg,2024-03-21,0.0,8.6,False
1427,2024-03-18 23:38:00,2024-03-18 23:51:30,17,15,1.03,6.27,1.0,1,False,False,False,False,False,False,False,13.5,23,2024-03-18,4.5777777777777775,6.0873786407766985,Bronx,Riverdale,Queens,Forest Hills,2024-03-18,1.5,8.4,True
1428,2024-03-13 00:03:00,2024-03-13 00:19:36,16,16,7.64,25.59,1.0,1,False,False,False,False,False,False,False,16.6,0,2024-03-13,27.6144578313253,3.349476439790576,Bronx,Fordham,Bronx,Fordham,2024-03-13,0.7,7.3,False
1429,2024-03-12 07:19:00,2024-03-12 07:20:55,16,19,4.88,16.03,1.0,1,False,False,False,False,False,False,False,1.9166666666666667,7,2024-03-12,152.76521739130433,3.2848360655737707,Bronx,Fordham,Staten Island,St. George,2024-03-12,0.7,10.8,False
1430,2024-03-05 17:18:00,2024-03-05 17:31:46,4,10,2.44,9.37,1.0,2,False,False,False,False,False,False,False,13.766666666666667,17,2024-03-05,10.634382566585955,3.8401639344262293,Manhattan,SoHo,Brooklyn,Bed-Stuy,2024-03-05,2.7,10.6,True
1431,2024-03-10 10:22:00,2024-03-10 10:52:17,17,18,3.34,10.66,2.0,1,False,False,False,False,False,False,False,30.283333333333335,10,2024-03-10,6.61750137589433,3.191616766467066,Bronx,Riverdale,Bronx,Mott Haven,2024-03-10,0.0,3.9,False
1432,2024-03-15 12:34:00,2024-03-15 12:40:53,9,12,1.98,9.19,0.0,1,False,False,False,True,True,False,False,6.883333333333334,12,2024-03-15,17.2590799031477,4.641414141414141,Brooklyn,DUMBO,Queens,Flushing,2024-03-15,2.5,10.9,True
1433,2024-03-22 01:51:00,2024-03-22 02:17:46,6,10,0.45,4.04,1.0,1,False,False,False,False,False,False,False,26.766666666666666,1,2024-03-22,1.0087173100871731,8.977777777777778,Brooklyn,Williamsburg,Brooklyn,Bed-Stuy,2024-03-22,0.0,8.6,False
1434,2024-03-03 03:18:00,2024-03-03 03:26:38,4,11,4.43,12.82,1.0,2,False,False,False,False,False,False,False,8.633333333333333,3,2024-03-03,30.78764478764479,2.8939051918735896,Manhattan,SoHo,Queens,Astoria,2024-03-03,1.4,7.4,True
1435,2024-03-15 18:50:00,2024-03-15 19:16:03,14,12,5.07,18.65,2.0,1,False,False,False,False,False,False,False,26.05,18,2024-03-15,11.677543186180422,3.6785009861932934,Queens,Jamaica,Queens,Flushing,2024-03-15,2.5,10.9,True
1436,2024-03-24 17:17:00,2024-03-24 17:59:49,19,14,1.37,6.08,2.0,1,False,False,False,False,False,False,False,42.81666666666667,17,2024-03-24,1.9198131568703776,4.437956204379562,Staten Island,St. George,Queens,Jamaica,2024-03-24,1.1,11.3,True
1437,2024-03-11 04:53:00,2024-03-11 05:07:07,17,9,4.87,16.33,1.0,2,False,False,False,False,False,False,False,14.116666666666667,4,2024-03-11,20.698937426210154,3.3531827515400408,Bronx,Riverdale,Brooklyn,DUMBO,2024-03-11,1.8,11.3,True
1438,2024-03-28 22:18:00,2024-03-28 22:20:45,8,13,4.84,16.46,1.0,1,False,False,False,False,False,False,False,2.75,22,2024-03-28,105.60000000000001,3.400826446280992,Brooklyn,Bushwick,Queens,Long Island City,2024-03-28,1.2,7.8,True
1439,2024-03-12 19:58:00,2024-03-12 20:09:14,12,3,2.23,8.3,1.0,2,False,False,False,False,False,False,False,11.233333333333333,19,2024-03-12,11.910979228486648,3.721973094170404,Queens,Flushing,Manhattan,Chelsea,2024-03-12,0.7,10.8,False
1440,2024-03-08 18:00:00,2024-03-08 18:23:07,13,7,2.76,11.28,1.0,1,False,False,False,False,False,False,False,23.116666666666667,18,2024-03-08,7.16366258111031,4.086956521739131,Queens,Long Island City,Brooklyn,Park Slope,2024-03-08,2.8,5.6,True
1441,2024-03-06 20:31:00,2024-03-06 21:06:23,19,17,2.46,10.74,1.0,1,False,False,False,False,False,False,False,35.38333333333333,20,2024-03-06,4.1714554875176635,4.365853658536586,Staten Island,St. George,Bronx,Riverdale,2024-03-06,0.0,9.2,False
1442,2024-03-04 15:23:00,2024-03-04 15:27:48,11,9,2.11,8.08,1.0,1,False,False,False,False,False,False,False,4.8,15,2024-03-04,26.374999999999996,3.8293838862559246,Queens,Astoria,Brooklyn,DUMBO,2024-03-04,3.4,18.0,True
1443,2024-03-13 10:27:00,2024-03-13 11:05:11,17,13,5.38,18.55,1.0,2,False,False,False,False,False,False,False,38.18333333333333,10,2024-03-13,8.45395024006984,3.4479553903345725,Bronx,Riverdale,Queens,Long Island City,2024-03-13,0.7,7.3,False
1444,2024-03-18 18:19:00,2024-03-18 18:27:48,3,17,0.76,4.85,1.0,2,False,False,False,False,False,False,False,8.8,18,2024-03-18,5.181818181818182,6.38157894736842,Manhattan,Chelsea,Bronx,Riverdale,2024-03-18,1.5,8.4,True
1445,2024-03-17 18:34:00,2024-03-17 18:40:04,11,8,2.29,9.18,2.0,1,False,False,False,False,False,False,False,6.066666666666666,18,2024-03-17,22.64835164835165,4.008733624454148,Queens,Astoria,Brooklyn,Bushwick,2024-03-17,1.8,12.0,True
1446,2024-03-03 11:34:00,2024-03-03 11:41:45,11,20,1.43,6.76,2.0,2,False,False,False,False,False,False,False,7.75,11,2024-03-03,11.070967741935481,4.7272727272727275,Queens,Astoria,Staten Island,Tottenville,2024-03-03,1.4,7.4,True
1447,2024-03-15 06:33:00,2024-03-15 06:48:37,18,12,2.28,10.04,1.0,1,False,False,False,False,False,False,False,15.616666666666667,6,2024-03-15,8.759871931696905,4.4035087719298245,Bronx,Mott Haven,Queens,Flushing,2024-03-15,2.5,10.9,True
1448,2024-03-09 23:20:00,2024-03-09 23:36:14,15,14,2.94,9.59,1.0,1,False,False,False,False,False,False,False,16.233333333333334,23,2024-03-09,10.86652977412731,3.261904761904762,Queens,Forest Hills,Queens,Jamaica,2024-03-09,4.2,4.7,True
1449,2024-03-09 05:10:00,2024-03-09 05:22:18,11,19,0.95,5.21,1.0,1,False,False,False,False,False,False,False,12.3,5,2024-03-09,4.634146341463414,5.48421052631579,Queens,Astoria,Staten Island,St. George,2024-03-09,4.2,4.7,True
1450,2024-03-19 07:39:00,2024-03-19 07:49:55,10,15,2.57,10.23,1.0,1,False,False,False,False,False,False,False,10.916666666666666,7,2024-03-19,14.125190839694657,3.9805447470817126,Brooklyn,Bed-Stuy,Queens,Forest Hills,2024-03-19,1.1,11.7,True
1451,2024-03-30 16:30:00,2024-03-30 16:50:20,13,2,3.36,12.14,3.0,2,False,False,False,False,False,False,False,20.333333333333332,16,2024-03-30,9.914754098360657,3.6130952380952386,Queens,Long Island City,Manhattan,Harlem,2024-03-30,1.9,18.9,True
1452,2024-03-27 14:50:00,2024-03-27 15:06:36,11,9,4.32,16.09,2.0,1,False,False,False,False,False,False,False,16.6,14,2024-03-27,15.614457831325302,3.7245370370370368,Queens,Astoria,Brooklyn,DUMBO,2024-03-27,2.1,4.2,True
1453,2024-03-09 09:12:00,2024-03-09 09:39:24,13,3,4.5,12.94,2.0,1,False,False,False,False,False,False,False,27.4,9,2024-03-09,9.854014598540147,2.8755555555555556,Queens,Long Island City,Manhattan,Chelsea,2024-03-09,4.2,4.7,True
1454,2024-03-11 08:07:00,2024-03-11 08:15:19,7,14,2.44,8.45,1.0,1,False,False,False,False,False,False,False,8.316666666666666,8,2024-03-11,17.603206412825653,3.4631147540983602,Brooklyn,Park Slope,Queens,Jamaica,2024-03-11,1.8,11.3,True
1455,2024-03-29 08:43:00,2024-03-29 09:01:04,5,19,1.23,6.37,1.0,1,False,False,False,False,False,False,False,18.066666666666666,8,2024-03-29,4.084870848708487,5.178861788617886,Manhattan,Upper East Side,Staten Island,St. George,2024-03-29,1.1,4.2,True
1456,2024-03-31 21:28:00,2024-03-31 21:38:44,19,6,1.46,6.48,1.0,1,False,False,False,False,False,False,False,10.733333333333333,21,2024-03-31,8.161490683229815,4.438356164383562,Staten Island,St. George,Brooklyn,Williamsburg,2024-03-31,0.3,10.0,False
1457,2024-03-19 04:28:00,2024-03-19 04:29:23,11,16,2.46,9.96,1.0,1,False,False,False,False,False,False,False,1.3833333333333333,4,2024-03-19,106.6987951807229,4.048780487804878,Queens,Astoria,Bronx,Fordham,2024-03-19,1.1,11.7,True
1458,2024-03-12 21:30:00,2024-03-12 21:34:27,5,3,6.19,17.51,2.0,2,False,False,False,False,False,False,False,4.45,21,2024-03-12,83.46067415730337,2.8287560581583198,Manhattan,Upper East Side,Manhattan,Chelsea,2024-03-12,0.7,10.8,False
1459,2024-03-18 13:11:00,2024-03-18 13:33:52,12,20,2.79,10.45,4.0,1,False,False,False,False,False,False,False,22.866666666666667,13,2024-03-18,7.320699708454811,3.7455197132616482,Queens,Flushing,Staten Island,Tottenville,2024-03-18,1.5,8.4,True
1460,2024-03-13 17:12:00,2024-03-13 17:28:28,19,3,3.49,10.8,,1,False,False,False,True,True,False,False,16.466666666666665,17,2024-03-13,12.716599190283402,3.0945558739255015,Staten Island,St. George,Manhattan,Chelsea,2024-03-13,0.7,7.3,False
1461,2024-03-24 18:45:00,2024-03-24 19:15:10,17,2,1.76,7.12,1.0,1,False,False,False,False,False,False,False,30.166666666666668,18,2024-03-24,3.5005524861878454,4.045454545454546,Bronx,Riverdale,Manhattan,Harlem,2024-03-24,1.1,11.3,True
1462,2024-03-08 14:11:00,2024-03-08 14:28:47,6,8,1.66,6.96,1.0,1,False,False,False,False,False,False,False,17.783333333333335,14,2024-03-08,5.600749765698218,4.19277108433735,Brooklyn,Williamsburg,Brooklyn,Bushwick,2024-03-08,2.8,5.6,True
1463,2024-03-01 14:18:00,2024-03-01 14:36:54,7,18,6.64,19.9,1.0,2,False,False,False,False,False,False,False,18.9,14,2024-03-01,21.07936507936508,2.996987951807229,Brooklyn,Park Slope,Bronx,Mott Haven,2024-03-01,0.0,4.2,False
1464,2024-03-25 17:34:00,2024-03-25 17:43:20,17,11,5.22,19.49,1.0,1,False,False,False,False,False,False,False,9.333333333333334,17,2024-03-25,33.55714285714286,3.733716475095785,Bronx,Riverdale,Queens,Astoria,2024-03-25,0.0,7.3,False
1465,2024-03-31 14:02:00,2024-03-31 14:07:23,8,5,2.34,8.66,1.0,2,False,False,False,False,False,False,False,5.383333333333334,14,2024-03-31,26.080495356037147,3.700854700854701,Brooklyn,Bushwick,Manhattan,Upper East Side,2024-03-31,0.3,10.0,False
1466,2024-03-17 07:48:00,2024-03-17 07:57:02,11,11,2.63,9.83,1.0,2,False,False,False,False,False,False,False,9.033333333333333,7,2024-03-17,17.468634686346864,3.737642585551331,Queens,Astoria,Queens,Astoria,2024-03-17,1.8,12.0,True
1467,2024-03-18 07:16:00,2024-03-18 07:30:46,5,9,1.45,7.07,1.0,2,False,False,False,False,False,False,False,14.766666666666667,7,2024-03-18,5.891647855530474,4.875862068965517,Manhattan,Upper East Side,Brooklyn,DUMBO,2024-03-18,1.5,8.4,True
1468,2024-03-10 02:22:00,2024-03-10 02:26:47,14,6,3.53,12.02,1.0,1,False,False,False,False,False,False,False,4.783333333333333,2,2024-03-10,44.2787456445993,3.405099150141643,Queens,Jamaica,Brooklyn,Williamsburg,2024-03-10,0.0,3.9,False
1469,2024-03-31 13:55:00,2024-03-31 13:57:51,10,15,9.43,27.52,1.0,1,False,False,False,False,False,False,False,2.85,13,2024-03-31,198.52631578947367,2.9183457051961823,Brooklyn,Bed-Stuy,Queens,Forest Hills,2024-03-31,0.3,10.0,False
1470,2024-03-08 07:59:00,2024-03-08 08:04:08,14,16,2.35,9.97,1.0,2,False,False,False,False,False,False,False,5.133333333333334,7,2024-03-08,27.467532467532465,4.242553191489362,Queens,Jamaica,Bronx,Fordham,2024-03-08,2.8,5.6,True
1471,2024-03-08 10:11:00,2024-03-08 10:16:59,18,18,6.3,17.93,1.0,1,False,False,False,False,False,False,False,5.983333333333333,10,2024-03-08,63.17548746518106,2.846031746031746,Bronx,Mott Haven,Bronx,Mott Haven,2024-03-08,2.8,5.6,True
1472,2024-03-18 00:29:00,2024-03-18 00:47:43,6,18,1.3,5.92,1.0,2,False,False,False,False,False,False,False,18.716666666666665,0,2024-03-18,4.167408726625112,4.553846153846154,Brooklyn,Williamsburg,Bronx,Mott Haven,2024-03-18,1.5,8.4,True
1473,2024-03-11 09:46:00,2024-03-11 09:53:40,16,6,2.0,8.94,2.0,3,False,False,False,False,False,False,False,7.666666666666667,9,2024-03-11,15.652173913043477,4.47,Bronx,Fordham,Brooklyn,Williamsburg,2024-03-11,1.8,11.3,True
1474,2024-03-02 01:42:00,2024-03-02 01:54:40,13,15,5.64,19.35,1.0,1,False,False,False,False,False,False,False,12.666666666666666,1,2024-03-02,26.715789473684207,3.4308510638297878,Queens,Long Island City,Queens,Forest Hills,2024-03-02,0.7,3.3,False
1475,2024-03-05 04:28:00,2024-03-05 04:39:16,2,1,5.31,16.65,2.0,1,False,False,False,False,False,False,False,11.266666666666667,4,2024-03-05,28.278106508875734,3.135593220338983,Manhattan,Harlem,Manhattan,Midtown,2024-03-05,2.7,10.6,True
1476,2024-03-09 03:52:00,2024-03-09 04:06:47,13,12,1.31,6.89,1.0,1,False,False,False,False,False,False,False,14.783333333333333,3,2024-03-09,5.316798196166855,5.259541984732824,Queens,Long Island City,Queens,Flushing,2024-03-09,4.2,4.7,True
1477,2024-03-31 05:58:00,2024-03-31 06:17:15,19,16,0.98,5.18,1.0,2,False,False,False,False,False,False,False,19.25,5,2024-03-31,3.0545454545454542,5.285714285714286,Staten Island,St. George,Bronx,Fordham,2024-03-31,0.3,10.0,False
1478,2024-03-08 00:21:00,2024-03-08 00:28:29,15,9,3.28,12.0,1.0,1,False,False,False,False,False,False,False,7.483333333333333,0,2024-03-08,26.298440979955455,3.658536585365854,Queens,Forest Hills,Brooklyn,DUMBO,2024-03-08,2.8,5.6,True
1479,2024-03-14 12:06:00,2024-03-14 12:34:19,3,12,2.7,10.13,1.0,1,False,False,False,False,False,False,False,28.316666666666666,12,2024-03-14,5.72101236021189,3.751851851851852,Manhattan,Chelsea,Queens,Flushing,2024-03-14,1.5,5.8,True
1480,2024-03-13 12:38:00,2024-03-13 12:48:31,18,10,0.92,5.62,1.0,2,False,False,False,False,False,False,False,10.516666666666667,12,2024-03-13,5.248811410459588,6.108695652173913,Bronx,Mott Haven,Brooklyn,Bed-Stuy,2024-03-13,0.7,7.3,False
1481,2024-03-16 11:08:00,2024-03-16 11:24:30,10,1,4.03,15.37,1.0,1,False,False,False,False,False,False,False,16.5,11,2024-03-16,14.654545454545454,3.813895781637717,Brooklyn,Bed-Stuy,Manhattan,Midtown,2024-03-16,0.5,14.7,False
1482,2024-03-24 23:05:00,2024-03-24 23:13:26,19,14,1.81,8.7,1.0,1,False,False,False,False,False,False,False,8.433333333333334,23,2024-03-24,12.877470355731225,4.806629834254143,Staten Island,St. George,Queens,Jamaica,2024-03-24,1.1,11.3,True
1483,2024-03-16 03:50:00,2024-03-16 03:56:02,14,8,3.79,12.43,1.0,3,False,False,False,False,False,False,False,6.033333333333333,3,2024-03-16,37.69060773480663,3.279683377308707,Queens,Jamaica,Brooklyn,Bushwick,2024-03-16,0.5,14.7,False
1484,2024-03-02 11:21:00,2024-03-02 11:54:29,11,12,0.66,4.7,1.0,1,False,False,False,False,False,False,False,33.483333333333334,11,2024-03-02,1.182677949228472,7.121212121212121,Queens,Astoria,Queens,Flushing,2024-03-02,0.7,3.3,False
1485,2024-03-29 20:58:00,2024-03-29 21:02:30,11,2,0.38,3.88,3.0,2,False,False,False,False,False,False,False,4.5,20,2024-03-29,5.066666666666667,10.210526315789473,Queens,Astoria,Manhattan,Harlem,2024-03-29,1.1,4.2,True
1486,2024-03-31 09:40:00,2024-03-31 10:01:23,14,10,2.16,9.72,2.0,1,False,False,False,False,False,False,False,21.383333333333333,9,2024-03-31,6.060795011691349,4.5,Queens,Jamaica,Brooklyn,Bed-Stuy,2024-03-31,0.3,10.0,False
1487,2024-03-27 17:33:00,2024-03-27 17:40:59,18,6,0.94,5.82,1.0,1,False,False,False,False,False,False,False,7.983333333333333,17,2024-03-27,7.064718162839248,6.1914893617021285,Bronx,Mott Haven,Brooklyn,Williamsburg,2024-03-27,2.1,4.2,True
1488,2024-03-05 01:48:00,2024-03-05 02:05:57,19,15,2.45,10.65,3.0,2,False,False,False,False,False,False,False,17.95,1,2024-03-05,8.18941504178273,4.346938775510204,Staten Island,St. George,Queens,Forest Hills,2024-03-05,2.7,10.6,True
1489,2024-03-31 16:08:00,2024-03-31 16:25:12,16,5,11.93,38.45,1.0,1,False,False,False,False,False,False,False,17.2,16,2024-03-31,41.61627906976744,3.222967309304275,Bronx,Fordham,Manhattan,Upper East Side,2024-03-31,0.3,10.0,False
1490,2024-03-03 14:08:00,2024-03-03 14:55:18,16,13,2.57,9.55,1.0,1,False,False,False,False,False,False,False,47.3,14,2024-03-03,3.260042283298097,3.7159533073929967,Bronx,Fordham,Queens,Long Island City,2024-03-03,1.4,7.4,True
1491,2024-03-15 23:15:00,2024-03-15 23:27:15,2,17,2.5,10.59,2.0,1,False,False,False,False,False,False,False,12.25,23,2024-03-15,12.244897959183673,4.236,Manhattan,Harlem,Bronx,Riverdale,2024-03-15,2.5,10.9,True
1492,2024-03-31 20:19:00,2024-03-31 20:50:41,12,13,2.85,9.66,1.0,1,False,False,False,False,False,False,False,31.683333333333334,20,2024-03-31,5.397159389794845,3.389473684210526,Queens,Flushing,Queens,Long Island City,2024-03-31,0.3,10.0,False
1493,2024-03-04 22:53:00,2024-03-04 23:12:11,4,11,1.84,7.8,1.0,3,False,False,False,False,False,False,False,19.183333333333334,22,2024-03-04,5.754995655951347,4.239130434782608,Manhattan,SoHo,Queens,Astoria,2024-03-04,3.4,18.0,True
1494,2024-03-15 09:51:00,2024-03-15 09:53:02,20,14,0.43,4.24,4.0,1,False,False,False,False,False,False,False,2.033333333333333,9,2024-03-15,12.688524590163937,9.860465116279071,Staten Island,Tottenville,Queens,Jamaica,2024-03-15,2.5,10.9,True
1495,2024-03-17 05:42:00,2024-03-17 06:03:21,4,12,0.76,4.95,1.0,1,False,False,False,False,False,False,False,21.35,5,2024-03-17,2.1358313817330212,6.5131578947368425,Manhattan,SoHo,Queens,Flushing,2024-03-17,1.8,12.0,True
1496,2024-03-09 11:33:00,2024-03-09 12:28:09,17,17,2.48,10.67,1.0,1,False,False,False,False,False,False,False,55.15,11,2024-03-09,2.698096101541251,4.30241935483871,Bronx,Riverdale,Bronx,Riverdale,2024-03-09,4.2,4.7,True
1497,2024-03-08 07:48:00,2024-03-08 07:51:32,2,16,8.09,24.17,2.0,2,False,False,False,False,False,False,False,3.533333333333333,7,2024-03-08,137.37735849056605,2.9876390605686036,Manhattan,Harlem,Bronx,Fordham,2024-03-08,2.8,5.6,True
1498,2024-03-29 15:12:00,2024-03-29 15:20:52,3,15,1.62,8.01,1.0,1,False,False,False,False,False,False,False,8.866666666666667,15,2024-03-29,10.962406015037594,4.944444444444444,Manhattan,Chelsea,Queens,Forest Hills,2024-03-29,1.1,4.2,True
1499,2024-03-10 07:52:00,2024-03-10 07:55:45,14,7,1.39,7.25,1.0,1,False,False,False,False,False,False,False,3.75,7,2024-03-10,22.24,5.215827338129497,Queens,Jamaica,Brooklyn,Park Slope,2024-03-10,0.0,3.9,False
1500,2024-03-10 09:20:00,2024-03-10 09:43:27,18,17,1.08,6.17,1.0,1,False,False,False,False,False,False,False,23.45,9,2024-03-10,2.7633262260127935,5.712962962962963,Bronx,Mott Haven,Bronx,Riverdale,2024-03-10,0.0,3.9,False
1501,2024-03-09 13:42:00,2024-03-09 13:59:27,19,20,1.99,8.85,2.0,1,False,False,False,False,False,False,False,17.45,13,2024-03-09,6.842406876790831,4.447236180904523,Staten Island,St. George,Staten Island,Tottenville,2024-03-09,4.2,4.7,True
1502,2024-03-26 11:21:00,2024-03-26 11:25:23,7,12,3.47,12.08,2.0,2,False,False,False,False,False,False,False,4.383333333333334,11,2024-03-26,47.49809885931558,3.4812680115273773,Brooklyn,Park Slope,Queens,Flushing,2024-03-26,1.0,4.1,False
1503,2024-03-09 23:26:00,2024-03-09 23:30:12,12,10,1.38,7.27,1.0,1,False,False,False,False,False,False,False,4.2,23,2024-03-09,19.71428571428571,5.268115942028985,Queens,Flushing,Brooklyn,Bed-Stuy,2024-03-09,4.2,4.7,True
1504,2024-03-26 12:28:00,2024-03-26 12:44:23,8,2,1.01,5.3,1.0,1,False,False,False,False,False,False,False,16.383333333333333,12,2024-03-26,3.698880976602238,5.247524752475248,Brooklyn,Bushwick,Manhattan,Harlem,2024-03-26,1.0,4.1,False
1505,2024-03-23 08:00:00,2024-03-23 08:12:31,15,1,3.34,12.35,1.0,2,False,False,False,False,False,False,False,12.516666666666667,8,2024-03-23,16.010652463382154,3.697604790419162,Queens,Forest Hills,Manhattan,Midtown,2024-03-23,1.2,5.9,True
1506,2024-03-04 18:39:00,2024-03-04 18:41:48,14,4,9.55,29.5,1.0,1,False,False,False,False,False,False,False,2.8,18,2024-03-04,204.64285714285717,3.089005235602094,Queens,Jamaica,Manhattan,SoHo,2024-03-04,3.4,18.0,True
1507,2024-03-27 07:09:00,2024-03-27 07:25:17,14,2,1.4,6.89,3.0,2,False,False,False,False,False,False,False,16.283333333333335,7,2024-03-27,5.158648925281473,4.921428571428572,Queens,Jamaica,Manhattan,Harlem,2024-03-27,2.1,4.2,True
1508,2024-03-22 19:46:00,2024-03-22 19:53:24,15,1,4.05,14.99,1.0,3,False,False,False,False,False,False,False,7.4,19,2024-03-22,32.83783783783784,3.701234567901235,Queens,Forest Hills,Manhattan,Midtown,2024-03-22,0.0,8.6,False
1509,2024-03-25 23:43:00,2024-03-26 00:04:06,6,15,0.45,4.25,1.0,2,False,False,False,False,False,False,False,21.1,23,2024-03-25,1.2796208530805686,9.444444444444445,Brooklyn,Williamsburg,Queens,Forest Hills,2024-03-25,0.0,7.3,False
1510,2024-03-08 12:34:00,2024-03-08 12:39:15,5,5,4.59,17.41,1.0,1,False,False,False,False,False,False,False,5.25,12,2024-03-08,52.457142857142856,3.793028322440087,Manhattan,Upper East Side,Manhattan,Upper East Side,2024-03-08,2.8,5.6,True
1511,2024-03-24 20:50:00,2024-03-24 20:56:38,13,12,0.64,4.43,1.0,1,False,False,False,False,False,False,False,6.633333333333334,20,2024-03-24,5.788944723618091,6.921874999999999,Queens,Long Island City,Queens,Flushing,2024-03-24,1.1,11.3,True
1512,2024-03-05 21:57:00,2024-03-05 22:11:35,15,12,1.71,7.65,1.0,1,False,False,False,False,False,False,False,14.583333333333334,21,2024-03-05,7.035428571428572,4.473684210526316,Queens,Forest Hills,Queens,Flushing,2024-03-05,2.7,10.6,True
1513,2024-03-03 16:06:00,2024-03-03 16:07:43,6,3,1.5,6.6,1.0,1,False,False,False,False,False,False,False,1.7166666666666666,16,2024-03-03,52.427184466019426,4.3999999999999995,Brooklyn,Williamsburg,Manhattan,Chelsea,2024-03-03,1.4,7.4,True
1514,2024-03-10 09:13:00,2024-03-10 10:21:52,11,14,2.66,10.35,1.0,1,False,False,False,False,False,False,False,68.86666666666666,9,2024-03-10,2.317521781219749,3.8909774436090223,Queens,Astoria,Queens,Jamaica,2024-03-10,0.0,3.9,False
1515,2024-03-14 09:30:00,2024-03-14 09:32:45,15,4,0.66,4.56,4.0,1,False,False,False,False,False,False,False,2.75,9,2024-03-14,14.400000000000002,6.909090909090908,Queens,Forest Hills,Manhattan,SoHo,2024-03-14,1.5,5.8,True
1516,2024-03-30 04:07:00,2024-03-30 04:22:13,1,2,1.19,5.95,2.0,2,False,False,False,False,False,False,False,15.216666666666667,4,2024-03-30,4.692223439211391,5.0,Manhattan,Midtown,Manhattan,Harlem,2024-03-30,1.9,18.9,True
1517,2024-03-22 03:49:00,2024-03-22 04:12:17,5,11,0.95,5.31,3.0,1,False,False,False,False,False,False,False,23.283333333333335,3,2024-03-22,2.4481030780243374,5.589473684210526,Manhattan,Upper East Side,Queens,Astoria,2024-03-22,0.0,8.6,False
1518,2024-03-13 03:21:00,2024-03-13 03:27:39,2,11,1.83,8.61,1.0,1,False,False,False,False,False,False,False,6.65,3,2024-03-13,16.51127819548872,4.7049180327868845,Manhattan,Harlem,Queens,Astoria,2024-03-13,0.7,7.3,False
1519,2024-03-05 22:01:00,2024-03-05 22:34:57,6,4,4.17,14.04,1.0,2,False,False,False,False,False,False,False,33.95,22,2024-03-05,7.369661266568482,3.366906474820144,Brooklyn,Williamsburg,Manhattan,SoHo,2024-03-05,2.7,10.6,True
1520,2024-03-16 07:16:00,2024-03-16 07:59:11,2,1,1.43,6.79,2.0,1,False,False,False,False,False,False,False,43.18333333333333,7,2024-03-16,1.9868776534156698,4.748251748251748,Manhattan,Harlem,Manhattan,Midtown,2024-03-16,0.5,14.7,False
1521,2024-03-28 06:29:00,2024-03-28 06:51:09,10,9,2.28,9.61,1.0,1,False,False,False,False,False,False,False,22.15,6,2024-03-28,6.176072234762979,4.214912280701754,Brooklyn,Bed-Stuy,Brooklyn,DUMBO,2024-03-28,1.2,7.8,True
1522,2024-03-05 14:24:00,2024-03-05 14:35:43,7,4,1.31,6.33,1.0,1,False,False,False,False,False,False,False,11.716666666666667,14,2024-03-05,6.708392603129446,4.83206106870229,Brooklyn,Park Slope,Manhattan,SoHo,2024-03-05,2.7,10.6,True
1523,2024-03-08 13:37:00,2024-03-08 13:52:04,20,18,7.59,22.61,1.0,1,False,False,False,False,False,False,False,15.066666666666666,13,2024-03-08,30.225663716814157,2.978919631093544,Staten Island,Tottenville,Bronx,Mott Haven,2024-03-08,2.8,5.6,True
1524,2024-03-04 12:21:00,2024-03-04 12:27:00,15,12,9.08,23.68,1.0,1,False,False,False,False,False,False,False,6.0,12,2024-03-04,90.8,2.607929515418502,Queens,Forest Hills,Queens,Flushing,2024-03-04,3.4,18.0,True
1525,2024-03-12 18:39:00,2024-03-12 19:14:35,4,17,0.94,5.27,1.0,1,False,False,False,False,False,False,False,35.583333333333336,18,2024-03-12,1.5850117096018734,5.6063829787234045,Manhattan,SoHo,Bronx,Riverdale,2024-03-12,0.7,10.8,False
1526,2024-03-17 15:33:00,2024-03-17 15:44:24,5,10,0.1,3.31,1.0,1,False,False,False,False,False,False,False,11.4,15,2024-03-17,0.5263157894736842,33.1,Manhattan,Upper East Side,Brooklyn,Bed-Stuy,2024-03-17,1.8,12.0,True
1527,2024-03-29 17:01:00,2024-03-29 17:04:46,20,2,1.18,6.0,1.0,3,False,False,False,False,False,False,False,3.7666666666666666,17,2024-03-29,18.79646017699115,5.084745762711865,Staten Island,Tottenville,Manhattan,Harlem,2024-03-29,1.1,4.2,True
1528,2024-03-18 16:06:00,2024-03-18 16:18:36,13,15,1.27,5.83,2.0,1,False,False,False,False,False,False,False,12.6,16,2024-03-18,6.047619047619048,4.590551181102362,Queens,Long Island City,Queens,Forest Hills,2024-03-18,1.5,8.4,True
1529,2024-03-11 11:45:00,2024-03-11 11:53:42,15,10,5.26,15.17,2.0,3,False,False,False,False,False,False,False,8.7,11,2024-03-11,36.275862068965516,2.884030418250951,Queens,Forest Hills,Brooklyn,Bed-Stuy,2024-03-11,1.8,11.3,True
1530,2024-03-04 19:05:00,2024-03-04 19:31:11,13,8,0.1,3.26,4.0,2,False,False,False,False,False,False,False,26.183333333333334,19,2024-03-04,0.22915340547422025,32.599999999999994,Queens,Long Island City,Brooklyn,Bushwick,2024-03-04,3.4,18.0,True
1531,2024-03-19 08:47:00,2024-03-19 08:57:51,6,19,1.29,6.1,1.0,1,False,False,False,False,False,False,False,10.85,8,2024-03-19,7.133640552995392,4.728682170542635,Brooklyn,Williamsburg,Staten Island,St. George,2024-03-19,1.1,11.7,True
1532,2024-03-13 21:55:00,2024-03-13 22:04:59,5,15,3.95,12.03,1.0,1,False,False,False,False,False,False,False,9.983333333333333,21,2024-03-13,23.739565943238738,3.0455696202531644,Manhattan,Upper East Side,Queens,Forest Hills,2024-03-13,0.7,7.3,False
1533,2024-03-03 04:39:00,2024-03-03 05:01:14,18,7,3.05,10.34,1.0,2,False,False,False,False,False,False,False,22.233333333333334,4,2024-03-03,8.230884557721138,3.3901639344262295,Bronx,Mott Haven,Brooklyn,Park Slope,2024-03-03,1.4,7.4,True
1534,2024-03-20 09:24:00,2024-03-20 09:26:17,13,4,1.13,5.91,2.0,1,False,False,False,False,False,False,False,2.283333333333333,9,2024-03-20,29.693430656934307,5.230088495575222,Queens,Long Island City,Manhattan,SoHo,2024-03-20,1.4,11.9,True
1535,2024-03-31 02:15:00,2024-03-31 02:22:24,9,19,0.1,3.27,1.0,1,False,False,False,False,False,False,False,7.4,2,2024-03-31,0.8108108108108109,32.699999999999996,Brooklyn,DUMBO,Staten Island,St. George,2024-03-31,0.3,10.0,False
1536,2024-03-09 10:00:00,2024-03-09 10:27:46,16,10,2.34,8.8,2.0,1,False,False,False,False,False,False,False,27.766666666666666,10,2024-03-09,5.05642256902761,3.760683760683761,Bronx,Fordham,Brooklyn,Bed-Stuy,2024-03-09,4.2,4.7,True
1537,2024-03-25 08:41:00,2024-03-25 09:00:26,20,19,1.91,8.92,1.0,3,False,False,False,False,False,False,False,19.433333333333334,8,2024-03-25,5.897084048027444,4.670157068062827,Staten Island,Tottenville,Staten Island,St. George,2024-03-25,0.0,7.3,False
1538,2024-03-18 01:43:00,2024-03-18 01:49:28,2,6,5.9,16.09,4.0,1,False,False,False,False,False,False,False,6.466666666666667,1,2024-03-18,54.74226804123712,2.7271186440677964,Manhattan,Harlem,Brooklyn,Williamsburg,2024-03-18,1.5,8.4,True
1539,2024-03-17 00:14:00,2024-03-17 00:16:02,16,3,3.88,14.63,1.0,1,False,False,False,False,False,False,False,2.033333333333333,0,2024-03-17,114.49180327868854,3.7706185567010313,Bronx,Fordham,Manhattan,Chelsea,2024-03-17,1.8,12.0,True
1540,2024-03-02 22:14:00,2024-03-02 22:23:44,3,4,3.57,12.15,3.0,1,False,False,False,False,False,False,False,9.733333333333333,22,2024-03-02,22.006849315068493,3.4033613445378155,Manhattan,Chelsea,Manhattan,SoHo,2024-03-02,0.7,3.3,False
1541,2024-03-09 05:17:00,2024-03-09 05:33:06,6,10,1.23,6.61,2.0,1,False,False,False,False,False,False,False,16.1,5,2024-03-09,4.583850931677018,5.373983739837398,Brooklyn,Williamsburg,Brooklyn,Bed-Stuy,2024-03-09,4.2,4.7,True
1542,2024-03-29 12:58:00,2024-03-29 13:08:12,10,2,2.16,9.16,1.0,2,False,False,False,False,False,False,False,10.2,12,2024-03-29,12.70588235294118,4.2407407407407405,Brooklyn,Bed-Stuy,Manhattan,Harlem,2024-03-29,1.1,4.2,True
1543,2024-03-04 20:26:00,2024-03-04 20:27:00,9,1,7.82,27.18,2.0,1,False,False,False,False,False,False,False,1.0,20,2024-03-04,469.20000000000005,3.475703324808184,Brooklyn,DUMBO,Manhattan,Midtown,2024-03-04,3.4,18.0,True
1544,2024-03-08 09:57:00,2024-03-08 10:15:06,15,15,0.99,6.06,1.0,2,False,False,False,False,False,False,False,18.1,9,2024-03-08,3.281767955801105,6.121212121212121,Queens,Forest Hills,Queens,Forest Hills,2024-03-08,2.8,5.6,True
1545,2024-03-12 23:31:00,2024-03-13 00:04:43,16,18,7.29,23.45,3.0,1,False,False,False,False,False,False,False,33.71666666666667,23,2024-03-12,12.972812654473554,3.2167352537722906,Bronx,Fordham,Bronx,Mott Haven,2024-03-12,0.7,10.8,False
1546,2024-03-26 04:18:00,2024-03-26 04:23:00,17,4,4.56,16.61,2.0,2,False,False,False,False,False,False,False,5.0,4,2024-03-26,54.72,3.642543859649123,Bronx,Riverdale,Manhattan,SoHo,2024-03-26,1.0,4.1,False
1547,2024-03-16 19:28:00,2024-03-16 19:35:35,17,1,1.04,5.79,1.0,2,False,False,False,False,False,False,False,7.583333333333333,19,2024-03-16,8.22857142857143,5.5673076923076925,Bronx,Riverdale,Manhattan,Midtown,2024-03-16,0.5,14.7,False
1548,2024-03-13 19:17:00,2024-03-13 19:37:55,4,10,2.23,9.47,1.0,2,False,False,False,False,False,False,False,20.916666666666668,19,2024-03-13,6.396812749003983,4.246636771300449,Manhattan,SoHo,Brooklyn,Bed-Stuy,2024-03-13,0.7,7.3,False
1549,2024-03-24 23:51:00,2024-03-24 23:53:32,6,6,1.31,6.76,1.0,1,False,False,False,False,False,False,False,2.533333333333333,23,2024-03-24,31.026315789473685,5.16030534351145,Brooklyn,Williamsburg,Brooklyn,Williamsburg,2024-03-24,1.1,11.3,True
1550,2024-03-31 07:18:00,2024-03-31 08:13:36,1,8,15.09,46.37,1.0,2,False,False,False,False,False,False,False,55.6,7,2024-03-31,16.284172661870503,3.0728959575878063,Manhattan,Midtown,Brooklyn,Bushwick,2024-03-31,0.3,10.0,False
1551,2024-03-13 09:52:00,2024-03-13 10:25:20,16,15,2.44,8.82,1.0,2,False,False,False,False,False,False,False,33.333333333333336,9,2024-03-13,4.3919999999999995,3.614754098360656,Bronx,Fordham,Queens,Forest Hills,2024-03-13,0.7,7.3,False
1552,2024-03-03 18:23:00,2024-03-03 18:37:52,16,9,3.82,12.16,2.0,2,False,False,False,False,False,False,False,14.866666666666667,18,2024-03-03,15.417040358744392,3.1832460732984296,Bronx,Fordham,Brooklyn,DUMBO,2024-03-03,1.4,7.4,True
1553,2024-03-31 03:06:00,2024-03-31 03:31:43,18,15,6.92,20.42,1.0,1,False,False,False,False,False,False,False,25.716666666666665,3,2024-03-31,16.145171743357096,2.9508670520231215,Bronx,Mott Haven,Queens,Forest Hills,2024-03-31,0.3,10.0,False
1554,2024-03-06 17:45:00,2024-03-06 17:48:57,10,7,9.11,24.43,2.0,2,False,False,False,False,False,False,False,3.95,17,2024-03-06,138.379746835443,2.681668496158068,Brooklyn,Bed-Stuy,Brooklyn,Park Slope,2024-03-06,0.0,9.2,False
1555,2024-03-21 00:32:00,2024-03-21 00:50:56,10,15,2.14,8.47,1.0,1,False,False,False,False,False,False,False,18.933333333333334,0,2024-03-21,6.781690140845071,3.957943925233645,Brooklyn,Bed-Stuy,Queens,Forest Hills,2024-03-21,0.0,8.6,False
1556,2024-03-20 04:55:00,2024-03-20 05:13:47,6,19,1.97,7.59,1.0,1,False,False,False,False,False,False,False,18.783333333333335,4,2024-03-20,6.292812777284826,3.8527918781725887,Brooklyn,Williamsburg,Staten Island,St. George,2024-03-20,1.4,11.9,True
1557,2024-03-29 18:20:00,2024-03-29 18:33:36,14,17,0.98,5.82,3.0,1,False,False,False,False,False,False,False,13.6,18,2024-03-29,4.323529411764706,5.938775510204082,Queens,Jamaica,Bronx,Riverdale,2024-03-29,1.1,4.2,True
1558,2024-03-09 16:37:00,2024-03-09 16:56:58,16,14,1.9,8.69,1.0,2,False,False,False,False,False,False,False,19.966666666666665,16,2024-03-09,5.709515859766277,4.573684210526316,Bronx,Fordham,Queens,Jamaica,2024-03-09,4.2,4.7,True
1559,2024-03-01 12:29:00,2024-03-01 13:13:50,10,20,1.09,5.91,1.0,1,False,False,False,False,False,False,False,44.833333333333336,12,2024-03-01,1.458736059479554,5.422018348623853,Brooklyn,Bed-Stuy,Staten Island,Tottenville,2024-03-01,0.0,4.2,False
1560,2024-03-28 04:57:00,2024-03-28 05:57:12,10,4,0.87,5.12,1.0,2,False,False,False,False,False,False,False,60.2,4,2024-03-28,0.8671096345514949,5.885057471264368,Brooklyn,Bed-Stuy,Manhattan,SoHo,2024-03-28,1.2,7.8,True
1561,2024-03-07 04:16:00,2024-03-07 04:34:16,6,12,6.4,22.14,1.0,1,False,False,False,False,False,False,False,18.266666666666666,4,2024-03-07,21.02189781021898,3.459375,Brooklyn,Williamsburg,Queens,Flushing,2024-03-07,0.0,3.3,False
1562,2024-03-08 09:57:00,2024-03-08 10:00:06,8,18,2.04,8.86,1.0,1,False,False,False,False,False,False,False,3.1,9,2024-03-08,39.483870967741936,4.3431372549019605,Brooklyn,Bushwick,Bronx,Mott Haven,2024-03-08,2.8,5.6,True
1563,2024-03-26 23:52:00,2024-03-27 00:18:29,20,12,3.71,13.18,2.0,1,False,False,False,False,False,False,False,26.483333333333334,23,2024-03-26,8.405286343612335,3.5525606469002695,Staten Island,Tottenville,Queens,Flushing,2024-03-26,1.0,4.1,False
1564,2024-03-03 17:48:00,2024-03-03 17:49:40,19,3,1.97,9.03,4.0,2,False,False,False,False,False,False,False,1.6666666666666667,17,2024-03-03,70.91999999999999,4.583756345177664,Staten Island,St. George,Manhattan,Chelsea,2024-03-03,1.4,7.4,True
1565,2024-03-22 01:45:00,2024-03-22 01:59:10,15,9,0.85,5.54,2.0,1,False,False,False,False,False,False,False,14.166666666666666,1,2024-03-22,3.6,6.517647058823529,Queens,Forest Hills,Brooklyn,DUMBO,2024-03-22,0.0,8.6,False
1566,2024-03-08 04:32:00,2024-03-08 04:56:16,8,3,2.36,9.62,1.0,1,False,False,False,False,False,False,False,24.266666666666666,4,2024-03-08,5.835164835164835,4.076271186440678,Brooklyn,Bushwick,Manhattan,Chelsea,2024-03-08,2.8,5.6,True
1567,2024-03-27 06:58:00,2024-03-27 07:07:27,7,12,1.7,8.4,2.0,2,False,False,False,False,False,False,False,9.45,6,2024-03-27,10.793650793650793,4.9411764705882355,Brooklyn,Park Slope,Queens,Flushing,2024-03-27,2.1,4.2,True
1568,2024-03-11 20:35:00,2024-03-11 20:39:04,10,14,3.72,13.6,1.0,1,False,False,False,False,False,False,False,4.066666666666666,20,2024-03-11,54.88524590163935,3.6559139784946235,Brooklyn,Bed-Stuy,Queens,Jamaica,2024-03-11,1.8,11.3,True
1569,2024-03-19 22:05:00,2024-03-19 22:17:06,2,16,4.86,16.83,1.0,2,False,False,False,False,False,False,False,12.1,22,2024-03-19,24.09917355371901,3.4629629629629624,Manhattan,Harlem,Bronx,Fordham,2024-03-19,1.1,11.7,True
1570,2024-03-12 14:29:00,2024-03-12 14:56:14,7,12,6.95,20.33,2.0,1,False,False,False,False,False,False,False,27.233333333333334,14,2024-03-12,15.312117503059975,2.9251798561151077,Brooklyn,Park Slope,Queens,Flushing,2024-03-12,0.7,10.8,False
1571,2024-03-27 19:07:00,2024-03-27 19:17:56,14,6,1.6,-5.0,1.0,2,False,False,True,False,True,False,False,10.933333333333334,19,2024-03-27,8.78048780487805,-3.125,Queens,Jamaica,Brooklyn,Williamsburg,2024-03-27,2.1,4.2,True
1572,2024-03-14 20:23:00,2024-03-14 20:46:34,14,18,1.8,7.8,1.0,2,False,False,False,False,False,False,False,23.566666666666666,20,2024-03-14,4.582743988684583,4.333333333333333,Queens,Jamaica,Bronx,Mott Haven,2024-03-14,1.5,5.8,True
1573,2024-03-07 00:05:00,2024-03-07 00:15:30,4,17,5.19,17.02,1.0,1,False,False,False,False,False,False,False,10.5,0,2024-03-07,29.657142857142862,3.2793834296724467,Manhattan,SoHo,Bronx,Riverdale,2024-03-07,0.0,3.3,False
1574,2024-03-21 15:39:00,2024-03-21 15:58:32,12,1,7.25,19.78,1.0,1,False,False,False,False,False,False,False,19.533333333333335,15,2024-03-21,22.269624573378838,2.7282758620689656,Queens,Flushing,Manhattan,Midtown,2024-03-21,0.0,8.6,False
1575,2024-03-17 17:30:00,2024-03-17 17:56:32,8,18,3.16,12.49,1.0,1,False,False,False,False,False,False,False,26.533333333333335,17,2024-03-17,7.1457286432160805,3.95253164556962,Brooklyn,Bushwick,Bronx,Mott Haven,2024-03-17,1.8,12.0,True
1576,2024-03-26 22:16:00,2024-03-26 22:30:07,5,7,4.81,18.31,1.0,3,False,False,False,False,False,False,False,14.116666666666667,22,2024-03-26,20.443919716646988,3.8066528066528065,Manhattan,Upper East Side,Brooklyn,Park Slope,2024-03-26,1.0,4.1,False
1577,2024-03-12 12:02:00,2024-03-12 12:51:14,13,11,3.4,13.35,1.0,1,False,False,False,False,False,False,False,49.233333333333334,12,2024-03-12,4.143534190927555,3.926470588235294,Queens,Long Island City,Queens,Astoria,2024-03-12,0.7,10.8,False
1578,2024-03-16 13:38:00,2024-03-16 13:51:04,14,4,2.33,10.39,1.0,1,False,False,False,False,False,False,False,13.066666666666666,13,2024-03-16,10.698979591836736,4.459227467811159,Queens,Jamaica,Manhattan,SoHo,2024-03-16,0.5,14.7,False
1579,2024-03-17 20:34:00,2024-03-17 20:40:30,17,15,2.18,9.74,1.0,1,False,False,False,False,False,False,False,6.5,20,2024-03-17,20.123076923076923,4.467889908256881,Bronx,Riverdale,Queens,Forest Hills,2024-03-17,1.8,12.0,True
1580,2024-03-09 07:52:00,2024-03-09 08:34:45,15,11,1.95,7.75,2.0,2,False,False,False,False,False,False,False,42.75,7,2024-03-09,2.736842105263158,3.9743589743589745,Queens,Forest Hills,Queens,Astoria,2024-03-09,4.2,4.7,True
1581,2024-03-03 18:02:00,2024-03-03 18:13:30,16,20,2.11,8.9,2.0,2,False,False,False,False,False,False,False,11.5,18,2024-03-03,11.00869565217391,4.218009478672986,Bronx,Fordham,Staten Island,Tottenville,2024-03-03,1.4,7.4,True
1582,2024-03-02 02:41:00,2024-03-02 02:42:08,9,9,4.47,14.65,1.0,1,False,False,False,False,False,False,False,1.1333333333333333,2,2024-03-02,236.6470588235294,3.277404921700224,Brooklyn,DUMBO,Brooklyn,DUMBO,2024-03-02,0.7,3.3,False
1583,2024-03-29 22:34:00,2024-03-29 22:48:16,11,6,4.33,13.39,1.0,3,False,False,False,False,False,False,False,14.266666666666667,22,2024-03-29,18.210280373831775,3.092378752886836,Queens,Astoria,Brooklyn,Williamsburg,2024-03-29,1.1,4.2,True
1584,2024-03-24 20:22:00,2024-03-24 20:32:41,6,10,3.32,12.58,1.0,1,False,False,False,False,False,False,False,10.683333333333334,20,2024-03-24,18.645865834633383,3.789156626506024,Brooklyn,Williamsburg,Brooklyn,Bed-Stuy,2024-03-24,1.1,11.3,True
1585,2024-03-06 04:10:00,2024-03-06 04:22:50,1,16,2.95,10.97,1.0,1,False,False,False,False,False,False,False,12.833333333333334,4,2024-03-06,13.792207792207792,3.71864406779661,Manhattan,Midtown,Bronx,Fordham,2024-03-06,0.0,9.2,False
1586,2024-03-11 11:46:00,2024-03-11 11:51:54,4,8,4.43,12.9,2.0,1,False,False,False,False,False,False,False,5.9,11,2024-03-11,45.050847457627114,2.9119638826185104,Manhattan,SoHo,Brooklyn,Bushwick,2024-03-11,1.8,11.3,True
1587,2024-03-08 11:28:00,2024-03-08 11:42:16,14,11,6.49,17.73,2.0,1,False,False,False,False,False,False,False,14.266666666666667,11,2024-03-08,27.294392523364486,2.731895223420647,Queens,Jamaica,Queens,Astoria,2024-03-08,2.8,5.6,True
1588,2024-03-03 18:54:00,2024-03-03 19:01:40,10,18,1.63,6.88,1.0,1,False,False,False,False,False,False,False,7.666666666666667,18,2024-03-03,12.756521739130433,4.220858895705522,Brooklyn,Bed-Stuy,Bronx,Mott Haven,2024-03-03,1.4,7.4,True
1589,2024-03-06 05:09:00,2024-03-06 05:25:09,9,20,1.02,5.96,1.0,1,False,False,False,False,False,False,False,16.15,5,2024-03-06,3.7894736842105265,5.8431372549019605,Brooklyn,DUMBO,Staten Island,Tottenville,2024-03-06,0.0,9.2,False
1590,2024-03-08 12:30:00,2024-03-08 12:39:53,3,4,6.3,19.27,3.0,1,False,False,False,False,False,False,False,9.883333333333333,12,2024-03-08,38.24620573355818,3.058730158730159,Manhattan,Chelsea,Manhattan,SoHo,2024-03-08,2.8,5.6,True
1591,2024-03-12 11:47:00,2024-03-12 12:00:06,20,6,3.42,13.56,1.0,1,False,False,False,False,False,False,False,13.1,11,2024-03-12,15.664122137404581,3.9649122807017547,Staten Island,Tottenville,Brooklyn,Williamsburg,2024-03-12,0.7,10.8,False
1592,2024-03-27 07:38:00,2024-03-27 08:02:14,9,3,2.08,9.17,1.0,2,False,False,False,False,False,False,False,24.233333333333334,7,2024-03-27,5.1499312242090785,4.408653846153846,Brooklyn,DUMBO,Manhattan,Chelsea,2024-03-27,2.1,4.2,True
1593,2024-03-26 16:53:00,2024-03-26 17:36:17,9,7,1.08,6.16,1.0,2,False,False,False,False,False,False,False,43.28333333333333,16,2024-03-26,1.4971120523681172,5.703703703703703,Brooklyn,DUMBO,Brooklyn,Park Slope,2024-03-26,1.0,4.1,False
1594,2024-03-23 23:43:00,2024-03-23 23:58:22,2,19,0.69,4.63,1.0,1,False,False,False,False,False,False,False,15.366666666666667,23,2024-03-23,2.6941431670281992,6.710144927536232,Manhattan,Harlem,Staten Island,St. George,2024-03-23,1.2,5.9,True
1595,2024-03-07 14:20:00,2024-03-07 14:32:51,12,16,1.86,7.14,1.0,2,False,False,False,False,False,False,False,12.85,14,2024-03-07,8.684824902723737,3.8387096774193545,Queens,Flushing,Bronx,Fordham,2024-03-07,0.0,3.3,False
1596,2024-03-11 00:26:00,2024-03-11 00:46:39,18,16,1.27,6.94,2.0,2,False,False,False,False,False,False,False,20.65,0,2024-03-11,3.6900726392251824,5.464566929133858,Bronx,Mott Haven,Bronx,Fordham,2024-03-11,1.8,11.3,True
1597,2024-03-29 23:05:00,2024-03-29 23:40:03,4,5,3.46,11.56,1.0,1,False,False,False,False,False,False,False,35.05,23,2024-03-29,5.9229671897289595,3.341040462427746,Manhattan,SoHo,Manhattan,Upper East Side,2024-03-29,1.1,4.2,True
1598,2024-03-23 15:40:00,2024-03-23 16:17:20,17,13,2.65,10.67,2.0,2,False,False,False,False,False,False,False,37.333333333333336,15,2024-03-23,4.258928571428571,4.026415094339622,Bronx,Riverdale,Queens,Long Island City,2024-03-23,1.2,5.9,True
1599,2024-03-05 06:05:00,2024-03-05 06:37:23,10,1,0.99,5.76,2.0,1,False,False,False,False,False,False,False,32.38333333333333,6,2024-03-05,1.8342768914050438,5.818181818181818,Brooklyn,Bed-Stuy,Manhattan,Midtown,2024-03-05,2.7,10.6,True
1600,2024-03-19 14:49:00,2024-03-19 14:52:44,5,9,0.1,3.26,1.0,1,False,False,False,False,False,False,False,3.7333333333333334,14,2024-03-19,1.6071428571428572,32.599999999999994,Manhattan,Upper East Side,Brooklyn,DUMBO,2024-03-19,1.1,11.7,True
1601,2024-03-28 05:31:00,2024-03-28 05:44:04,4,6,2.36,10.06,1.0,3,False,False,False,False,False,False,False,13.066666666666666,5,2024-03-28,10.83673469387755,4.26271186440678,Manhattan,SoHo,Brooklyn,Williamsburg,2024-03-28,1.2,7.8,True
1602,2024-03-14 15:02:00,2024-03-14 15:25:37,10,16,2.43,10.36,1.0,1,False,False,False,False,False,False,False,23.616666666666667,15,2024-03-14,6.173606210303458,4.2633744855967075,Brooklyn,Bed-Stuy,Bronx,Fordham,2024-03-14,1.5,5.8,True
1603,2024-03-15 07:35:00,2024-03-15 08:06:02,2,14,0.31,3.91,1.0,1,False,False,False,False,False,False,False,31.033333333333335,7,2024-03-15,0.5993555316863587,12.612903225806452,Manhattan,Harlem,Queens,Jamaica,2024-03-15,2.5,10.9,True
1604,2024-03-11 16:36:00,2024-03-11 16:51:21,18,9,5.9,17.61,1.0,1,False,False,False,False,False,False,False,15.35,16,2024-03-11,23.061889250814335,2.984745762711864,Bronx,Mott Haven,Brooklyn,DUMBO,2024-03-11,1.8,11.3,True
1605,2024-03-17 23:05:00,2024-03-17 23:20:00,18,7,1.26,5.93,3.0,1,False,False,False,False,False,False,False,15.0,23,2024-03-17,5.04,4.7063492063492065,Bronx,Mott Haven,Brooklyn,Park Slope,2024-03-17,1.8,12.0,True
1606,2024-03-13 06:56:00,2024-03-13 07:04:03,6,13,1.8,8.0,1.0,1,False,False,False,False,False,False,False,8.05,6,2024-03-13,13.41614906832298,4.444444444444445,Brooklyn,Williamsburg,Queens,Long Island City,2024-03-13,0.7,7.3,False
1607,2024-03-31 20:07:00,2024-03-31 20:21:33,5,13,3.42,11.34,1.0,1,False,False,False,False,False,False,False,14.55,20,2024-03-31,14.103092783505152,3.3157894736842106,Manhattan,Upper East Side,Queens,Long Island City,2024-03-31,0.3,10.0,False
1608,2024-03-28 22:01:00,2024-03-28 22:18:57,18,9,2.55,8.96,1.0,1,False,False,False,False,False,False,False,17.95,22,2024-03-28,8.523676880222842,3.513725490196079,Bronx,Mott Haven,Brooklyn,DUMBO,2024-03-28,1.2,7.8,True
1609,2024-03-02 17:28:00,2024-03-02 17:30:07,18,6,2.33,9.49,1.0,1,False,False,False,False,False,False,False,2.1166666666666667,17,2024-03-02,66.04724409448819,4.072961373390558,Bronx,Mott Haven,Brooklyn,Williamsburg,2024-03-02,0.7,3.3,False
1610,2024-03-20 00:05:00,2024-03-20 00:35:12,1,3,7.36,20.04,1.0,2,False,False,False,False,False,False,False,30.2,0,2024-03-20,14.622516556291393,2.7228260869565215,Manhattan,Midtown,Manhattan,Chelsea,2024-03-20,1.4,11.9,True
1611,2024-03-19 16:53:00,2024-03-19 17:07:26,12,5,3.16,10.55,1.0,2,False,False,False,False,False,False,False,14.433333333333334,16,2024-03-19,13.136258660508084,3.338607594936709,Queens,Flushing,Manhattan,Upper East Side,2024-03-19,1.1,11.7,True
1612,2024-03-15 04:48:00,2024-03-15 05:08:36,13,12,6.99,18.42,3.0,2,False,False,False,False,False,False,False,20.6,4,2024-03-15,20.35922330097087,2.6351931330472103,Queens,Long Island City,Queens,Flushing,2024-03-15,2.5,10.9,True
1613,2024-03-10 15:00:00,2024-03-10 15:07:31,17,17,1.81,8.52,1.0,2,False,False,False,False,False,False,False,7.516666666666667,15,2024-03-10,14.44789356984479,4.707182320441989,Bronx,Riverdale,Bronx,Riverdale,2024-03-10,0.0,3.9,False
1614,2024-03-29 17:35:00,2024-03-29 17:47:52,10,10,3.14,11.15,4.0,1,False,False,False,False,False,False,False,12.866666666666667,17,2024-03-29,14.642487046632123,3.550955414012739,Brooklyn,Bed-Stuy,Brooklyn,Bed-Stuy,2024-03-29,1.1,4.2,True
1615,2024-03-25 12:50:00,2024-03-25 13:33:56,2,14,3.32,13.5,1.0,1,False,False,False,False,False,False,False,43.93333333333333,12,2024-03-25,4.534142640364188,4.066265060240964,Manhattan,Harlem,Queens,Jamaica,2024-03-25,0.0,7.3,False
1616,2024-03-08 03:10:00,2024-03-08 03:30:58,14,14,1.44,6.73,1.0,1,False,False,False,False,False,False,False,20.966666666666665,3,2024-03-08,4.120826709062004,4.673611111111112,Queens,Jamaica,Queens,Jamaica,2024-03-08,2.8,5.6,True
1617,2024-03-05 04:40:00,2024-03-05 04:54:29,3,18,2.64,9.11,1.0,1,False,False,False,False,False,False,False,14.483333333333333,4,2024-03-05,10.936708860759495,3.4507575757575752,Manhattan,Chelsea,Bronx,Mott Haven,2024-03-05,2.7,10.6,True
1618,2024-03-26 10:45:00,2024-03-26 11:06:45,4,16,1.26,5.86,1.0,1,False,False,False,False,False,False,False,21.75,10,2024-03-26,3.4758620689655175,4.650793650793651,Manhattan,SoHo,Bronx,Fordham,2024-03-26,1.0,4.1,False
1619,2024-03-16 18:55:00,2024-03-16 19:02:18,4,14,0.57,4.35,1.0,2,False,False,False,False,False,False,False,7.3,18,2024-03-16,4.684931506849315,7.631578947368421,Manhattan,SoHo,Queens,Jamaica,2024-03-16,0.5,14.7,False
1620,2024-03-04 10:46:00,2024-03-04 10:52:38,1,8,7.16,22.51,1.0,2,False,False,False,False,False,False,False,6.633333333333334,10,2024-03-04,64.76381909547739,3.143854748603352,Manhattan,Midtown,Brooklyn,Bushwick,2024-03-04,3.4,18.0,True
1621,2024-03-09 08:18:00,2024-03-09 08:37:53,18,9,5.64,20.14,4.0,1,False,False,False,False,False,False,False,19.883333333333333,8,2024-03-09,17.01927912824811,3.570921985815603,Bronx,Mott Haven,Brooklyn,DUMBO,2024-03-09,4.2,4.7,True
1622,2024-03-16 04:17:00,2024-03-16 04:27:06,6,11,3.84,14.82,2.0,2,False,False,False,False,False,False,False,10.1,4,2024-03-16,22.81188118811881,3.859375,Brooklyn,Williamsburg,Queens,Astoria,2024-03-16,0.5,14.7,False
1623,2024-03-24 18:11:00,2024-03-24 18:13:56,18,6,1.31,6.87,2.0,1,False,False,False,False,False,False,False,2.933333333333333,18,2024-03-24,26.79545454545455,5.244274809160305,Bronx,Mott Haven,Brooklyn,Williamsburg,2024-03-24,1.1,11.3,True
1624,2024-03-21 00:31:00,2024-03-21 00:38:27,13,20,3.21,11.11,2.0,1,False,False,False,False,False,False,False,7.45,0,2024-03-21,25.85234899328859,3.4610591900311527,Queens,Long Island City,Staten Island,Tottenville,2024-03-21,0.0,8.6,False
1625,2024-03-01 01:42:00,2024-03-01 01:59:36,8,14,2.78,11.29,1.0,2,False,False,False,False,False,False,False,17.6,1,2024-03-01,9.477272727272727,4.061151079136691,Brooklyn,Bushwick,Queens,Jamaica,2024-03-01,0.0,4.2,False
1626,2024-03-04 04:10:00,2024-03-04 04:19:05,20,20,3.94,14.25,1.0,2,False,False,False,False,False,False,False,9.083333333333334,4,2024-03-04,26.02568807339449,3.6167512690355332,Staten Island,Tottenville,Staten Island,Tottenville,2024-03-04,3.4,18.0,True
1627,2024-03-02 17:52:00,2024-03-02 18:38:46,4,8,4.2,13.23,1.0,2,False,False,False,False,False,False,False,46.766666666666666,17,2024-03-02,5.388453314326444,3.15,Manhattan,SoHo,Brooklyn,Bushwick,2024-03-02,0.7,3.3,False
1628,2024-03-02 09:48:00,2024-03-02 09:57:49,11,10,3.68,14.69,1.0,1,False,False,False,False,False,False,False,9.816666666666666,9,2024-03-02,22.492359932088288,3.991847826086956,Queens,Astoria,Brooklyn,Bed-Stuy,2024-03-02,0.7,3.3,False
1629,2024-03-21 14:15:00,2024-03-21 14:21:12,6,9,2.49,9.58,1.0,1,False,False,False,False,False,False,False,6.2,14,2024-03-21,24.096774193548388,3.8473895582329316,Brooklyn,Williamsburg,Brooklyn,DUMBO,2024-03-21,0.0,8.6,False
1630,2024-03-07 04:37:00,2024-03-07 04:58:05,19,5,1.99,8.77,1.0,1,False,False,False,False,False,False,False,21.083333333333332,4,2024-03-07,5.663241106719368,4.407035175879397,Staten Island,St. George,Manhattan,Upper East Side,2024-03-07,0.0,3.3,False
1631,2024-03-22 00:54:00,2024-03-22 01:04:50,11,9,9.4,25.2,1.0,1,False,False,False,False,False,False,False,10.833333333333334,0,2024-03-22,52.06153846153846,2.680851063829787,Queens,Astoria,Brooklyn,DUMBO,2024-03-22,0.0,8.6,False
1632,2024-03-23 05:09:00,2024-03-23 05:34:20,9,6,1.86,8.67,3.0,2,False,False,False,False,False,False,False,25.333333333333332,5,2024-03-23,4.405263157894737,4.661290322580645,Brooklyn,DUMBO,Brooklyn,Williamsburg,2024-03-23,1.2,5.9,True
1633,2024-03-12 12:51:00,2024-03-12 13:07:45,12,9,1.44,6.22,2.0,1,False,False,False,False,False,False,False,16.75,12,2024-03-12,5.158208955223881,4.319444444444445,Queens,Flushing,Brooklyn,DUMBO,2024-03-12,0.7,10.8,False
1634,2024-03-15 15:48:00,2024-03-15 15:57:20,5,9,3.25,11.98,1.0,1,False,False,False,False,False,False,False,9.333333333333334,15,2024-03-15,20.892857142857142,3.686153846153846,Manhattan,Upper East Side,Brooklyn,DUMBO,2024-03-15,2.5,10.9,True
1635,2024-03-20 04:49:00,2024-03-20 05:12:41,7,2,2.19,9.51,2.0,1,False,False,False,False,False,False,False,23.683333333333334,4,2024-03-20,5.548205489092188,4.342465753424658,Brooklyn,Park Slope,Manhattan,Harlem,2024-03-20,1.4,11.9,True
1636,2024-03-29 21:07:00,2024-03-29 21:23:22,8,11,5.34,19.91,1.0,1,False,False,False,False,False,False,False,16.366666666666667,21,2024-03-29,19.576374745417514,3.7284644194756558,Brooklyn,Bushwick,Queens,Astoria,2024-03-29,1.1,4.2,True
1637,2024-03-13 10:19:00,2024-03-13 10:24:22,6,17,1.13,6.58,1.0,1,False,False,False,False,False,False,False,5.366666666666666,10,2024-03-13,12.633540372670808,5.823008849557523,Brooklyn,Williamsburg,Bronx,Riverdale,2024-03-13,0.7,7.3,False
1638,2024-03-13 19:11:00,2024-03-13 19:29:15,2,7,3.54,12.47,3.0,1,False,False,False,False,False,False,False,18.25,19,2024-03-13,11.638356164383563,3.5225988700564974,Manhattan,Harlem,Brooklyn,Park Slope,2024-03-13,0.7,7.3,False
1639,2024-03-03 12:21:00,2024-03-03 12:34:29,5,19,3.71,14.61,1.0,1,False,False,False,False,False,False,False,13.483333333333333,12,2024-03-03,16.50927070457355,3.9380053908355794,Manhattan,Upper East Side,Staten Island,St. George,2024-03-03,1.4,7.4,True
1640,2024-03-20 17:50:00,2024-03-20 18:35:51,19,13,5.72,17.72,1.0,1,False,False,False,False,False,False,False,45.85,17,2024-03-20,7.4852780806979275,3.097902097902098,Staten Island,St. George,Queens,Long Island City,2024-03-20,1.4,11.9,True
1641,2024-03-07 12:42:00,2024-03-07 13:05:51,8,8,2.26,10.21,2.0,1,False,False,False,False,False,False,False,23.85,12,2024-03-07,5.685534591194967,4.517699115044248,Brooklyn,Bushwick,Brooklyn,Bushwick,2024-03-07,0.0,3.3,False
1642,2024-03-12 04:02:00,2024-03-12 04:13:34,3,19,6.87,22.25,1.0,1,False,False,False,False,False,False,False,11.566666666666666,4,2024-03-12,35.636887608069166,3.2387190684133915,Manhattan,Chelsea,Staten Island,St. George,2024-03-12,0.7,10.8,False
1643,2024-03-31 10:09:00,2024-03-31 10:39:09,11,11,3.09,10.32,1.0,1,False,False,False,False,False,False,False,30.15,10,2024-03-31,6.149253731343284,3.3398058252427187,Queens,Astoria,Queens,Astoria,2024-03-31,0.3,10.0,False
1644,2024-03-02 16:12:00,2024-03-02 16:35:46,17,2,3.26,12.07,1.0,2,False,False,False,False,False,False,False,23.766666666666666,16,2024-03-02,8.230014025245442,3.7024539877300615,Bronx,Riverdale,Manhattan,Harlem,2024-03-02,0.7,3.3,False
1645,2024-03-07 02:18:00,2024-03-07 02:39:38,17,4,1.07,6.26,1.0,1,False,False,False,False,False,False,False,21.633333333333333,2,2024-03-07,2.967642526964561,5.850467289719625,Bronx,Riverdale,Manhattan,SoHo,2024-03-07,0.0,3.3,False
1646,2024-03-29 12:26:00,2024-03-29 12:35:03,3,16,5.77,15.69,1.0,1,False,False,False,False,False,False,False,9.05,12,2024-03-29,38.254143646408835,2.7192374350086657,Manhattan,Chelsea,Bronx,Fordham,2024-03-29,1.1,4.2,True
1647,2024-03-07 06:17:00,2024-03-07 06:22:47,19,18,4.44,13.86,1.0,1,False,False,False,False,False,False,False,5.783333333333333,6,2024-03-07,46.063400576368885,3.121621621621621,Staten Island,St. George,Bronx,Mott Haven,2024-03-07,0.0,3.3,False
1648,2024-03-24 06:51:00,2024-03-24 07:08:44,14,9,3.2,10.67,1.0,1,False,False,False,False,False,False,False,17.733333333333334,6,2024-03-24,10.827067669172932,3.3343749999999996,Queens,Jamaica,Brooklyn,DUMBO,2024-03-24,1.1,11.3,True
1649,2024-03-27 14:17:00,2024-03-27 14:33:58,11,1,3.12,10.93,1.0,1,False,False,False,False,False,False,False,16.966666666666665,14,2024-03-27,11.033398821218077,3.503205128205128,Queens,Astoria,Manhattan,Midtown,2024-03-27,2.1,4.2,True
1650,2024-03-13 11:41:00,2024-03-13 12:04:06,17,3,7.69,20.02,1.0,3,False,False,False,False,False,False,False,23.1,11,2024-03-13,19.974025974025974,2.6033810143042913,Bronx,Riverdale,Manhattan,Chelsea,2024-03-13,0.7,7.3,False
1651,2024-03-08 13:49:00,2024-03-08 14:01:33,12,17,0.41,4.04,1.0,1,False,False,False,False,False,False,False,12.55,13,2024-03-08,1.9601593625498006,9.853658536585366,Queens,Flushing,Bronx,Riverdale,2024-03-08,2.8,5.6,True
1652,2024-03-09 13:33:00,2024-03-09 14:02:53,20,8,5.12,15.17,1.0,1,False,False,False,False,False,False,False,29.883333333333333,13,2024-03-09,10.279977691020637,2.962890625,Staten Island,Tottenville,Brooklyn,Bushwick,2024-03-09,4.2,4.7,True
1653,2024-03-11 02:40:00,2024-03-11 02:51:41,12,14,2.54,10.99,1.0,1,False,False,False,False,False,False,False,11.683333333333334,2,2024-03-11,13.044222539229672,4.326771653543307,Queens,Flushing,Queens,Jamaica,2024-03-11,1.8,11.3,True
1654,2024-03-08 14:15:00,2024-03-08 14:19:51,6,1,0.9,5.22,1.0,1,False,False,False,False,False,False,False,4.85,14,2024-03-08,11.134020618556702,5.8,Brooklyn,Williamsburg,Manhattan,Midtown,2024-03-08,2.8,5.6,True
1655,2024-03-26 12:11:00,2024-03-26 12:46:50,20,20,3.7,14.64,1.0,1,False,False,False,False,False,False,False,35.833333333333336,12,2024-03-26,6.195348837209303,3.9567567567567568,Staten Island,Tottenville,Staten Island,Tottenville,2024-03-26,1.0,4.1,False
1656,2024-03-25 15:06:00,2024-03-25 15:20:33,15,13,0.21,3.58,1.0,1,False,False,False,False,False,False,False,14.55,15,2024-03-25,0.8659793814432989,17.047619047619047,Queens,Forest Hills,Queens,Long Island City,2024-03-25,0.0,7.3,False
1657,2024-03-11 03:22:00,2024-03-11 03:43:14,6,17,2.84,10.41,2.0,1,False,False,False,False,False,False,False,21.233333333333334,3,2024-03-11,8.025117739403452,3.665492957746479,Brooklyn,Williamsburg,Bronx,Riverdale,2024-03-11,1.8,11.3,True
1658,2024-03-02 12:37:00,2024-03-02 13:28:51,9,5,3.17,11.39,1.0,2,False,False,False,False,False,False,False,51.85,12,2024-03-02,3.6682738669238186,3.5930599369085177,Brooklyn,DUMBO,Manhattan,Upper East Side,2024-03-02,0.7,3.3,False
1659,2024-03-18 14:32:00,2024-03-18 15:31:26,5,20,0.95,5.77,3.0,1,False,False,False,False,False,False,False,59.43333333333333,14,2024-03-18,0.9590577678070668,6.073684210526316,Manhattan,Upper East Side,Staten Island,Tottenville,2024-03-18,1.5,8.4,True
1660,2024-03-12 12:25:00,2024-03-12 12:36:06,19,11,4.68,15.39,1.0,2,False,False,False,False,False,False,False,11.1,12,2024-03-12,25.297297297297295,3.2884615384615388,Staten Island,St. George,Queens,Astoria,2024-03-12,0.7,10.8,False
1661,2024-03-23 19:02:00,2024-03-23 19:34:39,5,12,4.66,13.44,2.0,1,False,False,False,False,False,False,False,32.65,19,2024-03-23,8.5635528330781,2.8841201716738194,Manhattan,Upper East Side,Queens,Flushing,2024-03-23,1.2,5.9,True
1662,2024-03-07 16:10:00,2024-03-07 16:27:40,7,18,5.33,18.73,1.0,1,False,False,False,False,False,False,False,17.666666666666668,16,2024-03-07,18.10188679245283,3.5140712945590993,Brooklyn,Park Slope,Bronx,Mott Haven,2024-03-07,0.0,3.3,False
1663,2024-03-27 19:05:00,2024-03-27 19:33:35,20,20,3.07,10.84,2.0,1,False,False,False,False,False,False,False,28.583333333333332,19,2024-03-27,6.444314868804665,3.5309446254071664,Staten Island,Tottenville,Staten Island,Tottenville,2024-03-27,2.1,4.2,True
1664,2024-03-10 03:06:00,2024-03-10 03:21:08,9,17,3.91,11.73,1.0,3,False,False,False,False,False,False,False,15.133333333333333,3,2024-03-10,15.502202643171806,3.0,Brooklyn,DUMBO,Bronx,Riverdale,2024-03-10,0.0,3.9,False
1665,2024-03-04 12:11:00,2024-03-04 12:18:22,20,14,2.01,8.02,2.0,1,False,False,False,False,False,False,False,7.366666666666666,12,2024-03-04,16.3710407239819,3.9900497512437814,Staten Island,Tottenville,Queens,Jamaica,2024-03-04,3.4,18.0,True
1666,2024-03-27 07:31:00,2024-03-27 08:05:15,4,18,0.44,4.02,2.0,1,False,False,False,False,False,False,False,34.25,7,2024-03-27,0.7708029197080293,9.136363636363635,Manhattan,SoHo,Bronx,Mott Haven,2024-03-27,2.1,4.2,True
1667,2024-03-24 14:58:00,2024-03-24 15:01:54,13,11,4.43,14.73,1.0,1,False,False,False,False,False,False,False,3.9,14,2024-03-24,68.15384615384615,3.3250564334085784,Queens,Long Island City,Queens,Astoria,2024-03-24,1.1,11.3,True
1668,2024-03-23 10:34:00,2024-03-23 10:40:34,5,9,9.39,32.68,2.0,1,False,False,False,False,False,False,False,6.566666666666666,10,2024-03-23,85.79695431472082,3.480298189563365,Manhattan,Upper East Side,Brooklyn,DUMBO,2024-03-23,1.2,5.9,True
1669,2024-03-18 05:41:00,2024-03-18 05:59:26,12,7,5.95,18.91,1.0,1,False,False,False,False,False,False,False,18.433333333333334,5,2024-03-18,19.367088607594937,3.1781512605042015,Queens,Flushing,Brooklyn,Park Slope,2024-03-18,1.5,8.4,True
1670,2024-03-07 05:11:00,2024-03-07 06:04:41,9,16,4.18,12.42,1.0,1,False,False,False,False,False,False,False,53.68333333333333,5,2024-03-07,4.671841043154299,2.971291866028708,Brooklyn,DUMBO,Bronx,Fordham,2024-03-07,0.0,3.3,False
1671,2024-03-07 04:42:00,2024-03-07 04:55:17,3,13,3.62,13.93,1.0,2,False,False,False,False,False,False,False,13.283333333333333,4,2024-03-07,16.351317440401505,3.848066298342541,Manhattan,Chelsea,Queens,Long Island City,2024-03-07,0.0,3.3,False
1672,2024-03-20 23:27:00,2024-03-20 23:48:16,16,6,1.48,6.83,4.0,3,False,False,False,False,False,False,False,21.266666666666666,23,2024-03-20,4.175548589341693,4.614864864864865,Bronx,Fordham,Brooklyn,Williamsburg,2024-03-20,1.4,11.9,True
1673,2024-03-17 11:21:00,2024-03-17 11:31:13,16,16,3.31,13.09,1.0,1,False,False,False,False,False,False,False,10.216666666666667,11,2024-03-17,19.43882544861338,3.9546827794561934,Bronx,Fordham,Bronx,Fordham,2024-03-17,1.8,12.0,True
1674,2024-03-19 14:01:00,2024-03-19 14:22:48,17,11,0.73,4.94,2.0,3,False,False,False,False,False,False,False,21.8,14,2024-03-19,2.0091743119266052,6.767123287671233,Bronx,Riverdale,Queens,Astoria,2024-03-19,1.1,11.7,True
1675,2024-03-27 00:20:00,2024-03-27 00:38:51,1,6,9.99,34.85,0.0,1,False,False,False,True,True,False,False,18.85,0,2024-03-27,31.798408488063657,3.4884884884884886,Manhattan,Midtown,Brooklyn,Williamsburg,2024-03-27,2.1,4.2,True
1676,2024-03-20 04:18:00,2024-03-20 04:36:16,4,3,2.9,10.91,1.0,1,False,False,False,False,False,False,False,18.266666666666666,4,2024-03-20,9.525547445255475,3.7620689655172415,Manhattan,SoHo,Manhattan,Chelsea,2024-03-20,1.4,11.9,True
1677,2024-03-25 23:23:00,2024-03-25 23:26:46,19,3,8.16,23.04,2.0,2,False,False,False,False,False,False,False,3.7666666666666666,23,2024-03-25,129.98230088495575,2.8235294117647056,Staten Island,St. George,Manhattan,Chelsea,2024-03-25,0.0,7.3,False
1678,2024-03-04 16:21:00,2024-03-04 16:44:40,15,10,5.03,16.34,1.0,1,False,False,False,False,False,False,False,23.666666666666668,16,2024-03-04,12.752112676056337,3.2485089463220675,Queens,Forest Hills,Brooklyn,Bed-Stuy,2024-03-04,3.4,18.0,True
1679,2024-03-09 11:42:00,2024-03-09 12:01:45,10,17,1.84,8.62,2.0,1,False,False,False,False,False,False,False,19.75,11,2024-03-09,5.5898734177215195,4.684782608695651,Brooklyn,Bed-Stuy,Bronx,Riverdale,2024-03-09,4.2,4.7,True
1680,2024-03-09 03:01:00,2024-03-09 03:20:39,13,8,1.15,5.57,1.0,2,False,False,False,False,False,False,False,19.65,3,2024-03-09,3.5114503816793894,4.843478260869566,Queens,Long Island City,Brooklyn,Bushwick,2024-03-09,4.2,4.7,True
1681,2024-03-13 11:45:00,2024-03-13 11:56:04,3,18,3.89,13.57,1.0,2,False,False,False,False,False,False,False,11.066666666666666,11,2024-03-13,21.090361445783135,3.488431876606684,Manhattan,Chelsea,Bronx,Mott Haven,2024-03-13,0.7,7.3,False
1682,2024-03-17 00:55:00,2024-03-17 01:01:39,11,17,3.56,13.39,1.0,2,False,False,False,False,False,False,False,6.65,0,2024-03-17,32.1203007518797,3.76123595505618,Queens,Astoria,Bronx,Riverdale,2024-03-17,1.8,12.0,True
1683,2024-03-09 16:11:00,2024-03-09 16:16:48,1,4,8.78,22.56,1.0,1,False,False,False,False,False,False,False,5.8,16,2024-03-09,90.82758620689654,2.569476082004556,Manhattan,Midtown,Manhattan,SoHo,2024-03-09,4.2,4.7,True
1684,2024-03-06 12:03:00,2024-03-06 12:07:47,14,17,2.29,9.96,2.0,2,False,False,False,False,False,False,False,4.783333333333333,12,2024-03-06,28.72473867595819,4.349344978165939,Queens,Jamaica,Bronx,Riverdale,2024-03-06,0.0,9.2,False
1685,2024-03-29 01:51:00,2024-03-29 01:58:47,1,14,1.45,6.4,1.0,1,False,False,False,False,False,False,False,7.783333333333333,1,2024-03-29,11.177730192719487,4.413793103448276,Manhattan,Midtown,Queens,Jamaica,2024-03-29,1.1,4.2,True
1686,2024-03-30 05:23:00,2024-03-30 05:27:59,2,16,7.44,26.21,4.0,1,False,False,False,False,False,False,False,4.983333333333333,5,2024-03-30,89.57859531772574,3.5228494623655915,Manhattan,Harlem,Bronx,Fordham,2024-03-30,1.9,18.9,True
1687,2024-03-03 18:36:00,2024-03-03 18:57:41,4,6,3.99,15.48,1.0,1,False,False,False,False,False,False,False,21.683333333333334,18,2024-03-03,11.04073789392775,3.8796992481203008,Manhattan,SoHo,Brooklyn,Williamsburg,2024-03-03,1.4,7.4,True
1688,2024-03-13 13:09:00,2024-03-13 13:41:19,2,12,4.16,12.92,2.0,1,False,False,False,False,False,False,False,32.31666666666667,13,2024-03-13,7.72356884992264,3.105769230769231,Manhattan,Harlem,Queens,Flushing,2024-03-13,0.7,7.3,False
1689,2024-03-02 05:47:00,2024-03-02 05:51:20,13,10,2.1,8.11,1.0,2,False,False,False,False,False,False,False,4.333333333333333,5,2024-03-02,29.07692307692308,3.8619047619047615,Queens,Long Island City,Brooklyn,Bed-Stuy,2024-03-02,0.7,3.3,False
1690,2024-03-08 16:17:00,2024-03-08 16:41:00,16,10,2.82,9.81,1.0,1,False,False,False,False,False,False,False,24.0,16,2024-03-08,7.049999999999999,3.4787234042553195,Bronx,Fordham,Brooklyn,Bed-Stuy,2024-03-08,2.8,5.6,True
1691,2024-03-16 15:16:00,2024-03-16 15:32:10,8,5,1.49,7.01,1.0,3,False,False,False,False,False,False,False,16.166666666666668,15,2024-03-16,5.529896907216494,4.704697986577181,Brooklyn,Bushwick,Manhattan,Upper East Side,2024-03-16,0.5,14.7,False
1692,2024-03-21 08:12:00,2024-03-21 08:16:08,9,16,7.78,23.53,1.0,1,False,False,False,False,False,False,False,4.133333333333334,8,2024-03-21,112.93548387096773,3.024421593830334,Brooklyn,DUMBO,Bronx,Fordham,2024-03-21,0.0,8.6,False
1693,2024-03-18 19:56:00,2024-03-18 20:09:21,10,2,3.53,13.93,1.0,3,False,False,False,False,False,False,False,13.35,19,2024-03-18,15.865168539325841,3.9461756373937678,Brooklyn,Bed-Stuy,Manhattan,Harlem,2024-03-18,1.5,8.4,True
1694,2024-03-13 06:18:00,2024-03-13 06:58:50,7,11,2.33,9.03,1.0,1,False,False,False,False,False,False,False,40.833333333333336,6,2024-03-13,3.4236734693877553,3.8755364806866948,Brooklyn,Park Slope,Queens,Astoria,2024-03-13,0.7,7.3,False
1695,2024-03-06 16:13:00,2024-03-06 16:39:58,20,16,6.33,22.98,1.0,3,False,False,False,False,False,False,False,26.966666666666665,16,2024-03-06,14.084054388133499,3.6303317535545023,Staten Island,Tottenville,Bronx,Fordham,2024-03-06,0.0,9.2,False
1696,2024-03-18 02:49:00,2024-03-18 02:52:09,18,17,0.57,4.3,1.0,1,False,False,False,False,False,False,False,3.15,2,2024-03-18,10.857142857142856,7.543859649122807,Bronx,Mott Haven,Bronx,Riverdale,2024-03-18,1.5,8.4,True
1697,2024-03-02 07:31:00,2024-03-02 07:55:49,6,5,4.14,12.41,1.0,1,False,False,False,False,False,False,False,24.816666666666666,7,2024-03-02,10.009402283411685,2.9975845410628024,Brooklyn,Williamsburg,Manhattan,Upper East Side,2024-03-02,0.7,3.3,False
1698,2024-03-07 19:52:00,2024-03-07 20:06:03,12,2,1.8,8.44,1.0,1,False,False,False,False,False,False,False,14.05,19,2024-03-07,7.686832740213522,4.688888888888888,Queens,Flushing,Manhattan,Harlem,2024-03-07,0.0,3.3,False
1699,2024-03-04 20:04:00,2024-03-04 20:16:59,11,6,3.35,13.42,1.0,2,False,False,False,False,False,False,False,12.983333333333333,20,2024-03-04,15.481386392811297,4.005970149253732,Queens,Astoria,Brooklyn,Williamsburg,2024-03-04,3.4,18.0,True
1700,2024-03-16 18:48:00,2024-03-16 18:58:34,15,14,5.64,20.49,1.0,1,False,False,False,False,False,False,False,10.566666666666666,18,2024-03-16,32.02523659305994,3.632978723404255,Queens,Forest Hills,Queens,Jamaica,2024-03-16,0.5,14.7,False
1701,2024-03-04 11:24:00,2024-03-04 11:31:01,16,17,0.82,5.54,1.0,2,False,False,False,False,False,False,False,7.016666666666667,11,2024-03-04,7.0118764845605694,6.75609756097561,Bronx,Fordham,Bronx,Riverdale,2024-03-04,3.4,18.0,True
1702,2024-03-03 15:20:00,2024-03-03 15:29:31,17,7,4.76,14.76,1.0,1,False,False,False,False,False,False,False,9.516666666666667,15,2024-03-03,30.01050788091068,3.100840336134454,Bronx,Riverdale,Brooklyn,Park Slope,2024-03-03,1.4,7.4,True
1703,2024-03-07 00:38:00,2024-03-07 01:02:24,15,16,3.31,12.01,1.0,1,False,False,False,False,False,False,False,24.4,0,2024-03-07,8.139344262295083,3.6283987915407856,Queens,Forest Hills,Bronx,Fordham,2024-03-07,0.0,3.3,False
1704,2024-03-18 04:46:00,2024-03-18 05:23:14,2,7,2.7,10.41,1.0,1,False,False,False,False,False,False,False,37.233333333333334,4,2024-03-18,4.350940017905104,3.855555555555555,Manhattan,Harlem,Brooklyn,Park Slope,2024-03-18,1.5,8.4,True
1705,2024-03-29 18:12:00,2024-03-29 18:32:44,2,17,3.51,12.9,1.0,1,False,False,False,False,False,False,False,20.733333333333334,18,2024-03-29,10.157556270096462,3.6752136752136755,Manhattan,Harlem,Bronx,Riverdale,2024-03-29,1.1,4.2,True
1706,2024-03-30 12:43:00,2024-03-30 12:53:29,13,3,1.0,6.17,1.0,1,False,False,False,False,False,False,False,10.483333333333333,12,2024-03-30,5.723370429252783,6.17,Queens,Long Island City,Manhattan,Chelsea,2024-03-30,1.9,18.9,True
1707,2024-03-02 10:28:00,2024-03-02 10:46:29,11,14,6.23,16.95,1.0,1,False,False,False,False,False,False,False,18.483333333333334,10,2024-03-02,20.223624887285844,2.7207062600321024,Queens,Astoria,Queens,Jamaica,2024-03-02,0.7,3.3,False
1708,2024-03-31 19:50:00,2024-03-31 19:58:15,17,10,4.14,15.79,1.0,1,False,False,False,False,False,False,False,8.25,19,2024-03-31,30.109090909090906,3.814009661835749,Bronx,Riverdale,Brooklyn,Bed-Stuy,2024-03-31,0.3,10.0,False
1709,2024-03-03 20:10:00,2024-03-03 20:20:06,9,14,1.08,6.19,1.0,1,False,False,False,False,False,False,False,10.1,20,2024-03-03,6.415841584158416,5.731481481481482,Brooklyn,DUMBO,Queens,Jamaica,2024-03-03,1.4,7.4,True
1710,2024-03-26 08:01:00,2024-03-26 08:16:30,1,19,5.54,17.2,1.0,1,False,False,False,False,False,False,False,15.5,8,2024-03-26,21.445161290322577,3.1046931407942235,Manhattan,Midtown,Staten Island,St. George,2024-03-26,1.0,4.1,False
1711,2024-03-27 21:51:00,2024-03-27 22:11:55,12,15,2.88,11.85,2.0,1,False,False,False,False,False,False,False,20.916666666666668,21,2024-03-27,8.261354581673306,4.114583333333333,Queens,Flushing,Queens,Forest Hills,2024-03-27,2.1,4.2,True
1712,2024-03-02 06:25:00,2024-03-02 06:35:32,7,3,1.78,8.01,2.0,1,False,False,False,False,False,False,False,10.533333333333333,6,2024-03-02,10.139240506329115,4.5,Brooklyn,Park Slope,Manhattan,Chelsea,2024-03-02,0.7,3.3,False
1713,2024-03-20 05:42:00,2024-03-20 06:14:04,3,6,1.02,5.85,4.0,1,False,False,False,False,False,False,False,32.06666666666667,5,2024-03-20,1.9085239085239083,5.735294117647058,Manhattan,Chelsea,Brooklyn,Williamsburg,2024-03-20,1.4,11.9,True
1714,2024-03-23 02:31:00,2024-03-23 02:40:18,16,10,2.74,9.97,1.0,1,False,False,False,False,False,False,False,9.3,2,2024-03-23,17.67741935483871,3.6386861313868613,Bronx,Fordham,Brooklyn,Bed-Stuy,2024-03-23,1.2,5.9,True
1715,2024-03-07 03:07:00,2024-03-07 03:12:47,18,7,1.11,5.53,1.0,1,False,False,False,False,False,False,False,5.783333333333333,3,2024-03-07,11.515850144092221,4.981981981981982,Bronx,Mott Haven,Brooklyn,Park Slope,2024-03-07,0.0,3.3,False
1716,2024-03-04 02:07:00,2024-03-04 02:26:55,18,6,0.33,3.76,2.0,2,False,False,False,False,False,False,False,19.916666666666668,2,2024-03-04,0.9941422594142258,11.393939393939393,Bronx,Mott Haven,Brooklyn,Williamsburg,2024-03-04,3.4,18.0,True
1717,2024-03-22 00:22:00,2024-03-22 00:27:46,4,4,1.19,6.78,1.0,2,False,False,False,False,False,False,False,5.766666666666667,0,2024-03-22,12.38150289017341,5.697478991596639,Manhattan,SoHo,Manhattan,SoHo,2024-03-22,0.0,8.6,False
1718,2024-03-10 13:41:00,2024-03-10 13:59:13,4,5,1.9,7.79,2.0,1,False,False,False,False,False,False,False,18.216666666666665,13,2024-03-10,6.258005489478499,4.1000000000000005,Manhattan,SoHo,Manhattan,Upper East Side,2024-03-10,0.0,3.9,False
1719,2024-03-15 15:53:00,2024-03-15 16:07:41,8,6,4.9,13.89,1.0,3,False,False,False,False,False,False,False,14.683333333333334,15,2024-03-15,20.022701475595916,2.8346938775510204,Brooklyn,Bushwick,Brooklyn,Williamsburg,2024-03-15,2.5,10.9,True
1720,2024-03-16 21:28:00,2024-03-16 21:37:45,1,1,0.62,4.42,1.0,2,False,False,False,False,False,False,False,9.75,21,2024-03-16,3.815384615384615,7.129032258064516,Manhattan,Midtown,Manhattan,Midtown,2024-03-16,0.5,14.7,False
1721,2024-03-08 06:47:00,2024-03-08 07:03:27,2,1,1.27,5.83,1.0,1,False,False,False,False,False,False,False,16.45,6,2024-03-08,4.632218844984802,4.590551181102362,Manhattan,Harlem,Manhattan,Midtown,2024-03-08,2.8,5.6,True
1722,2024-03-14 16:09:00,2024-03-14 16:25:49,11,14,4.4,16.26,1.0,1,False,False,False,False,False,False,False,16.816666666666666,16,2024-03-14,15.698711595639248,3.6954545454545453,Queens,Astoria,Queens,Jamaica,2024-03-14,1.5,5.8,True
1723,2024-03-21 15:29:00,2024-03-21 15:47:53,5,1,3.86,14.68,0.0,1,False,False,False,True,True,False,False,18.883333333333333,15,2024-03-21,12.26478375992939,3.8031088082901556,Manhattan,Upper East Side,Manhattan,Midtown,2024-03-21,0.0,8.6,False
1724,2024-03-05 05:28:00,2024-03-05 05:53:37,17,5,6.87,22.71,1.0,3,False,False,False,False,False,False,False,25.616666666666667,5,2024-03-05,16.091086532205594,3.3056768558951966,Bronx,Riverdale,Manhattan,Upper East Side,2024-03-05,2.7,10.6,True
1725,2024-03-14 03:46:00,2024-03-14 04:11:21,9,19,0.48,4.44,1.0,1,False,False,False,False,False,False,False,25.35,3,2024-03-14,1.1360946745562128,9.250000000000002,Brooklyn,DUMBO,Staten Island,St. George,2024-03-14,1.5,5.8,True
1726,2024-03-06 10:24:00,2024-03-06 10:32:58,16,19,1.89,8.32,1.0,1,False,False,False,False,False,False,False,8.966666666666667,10,2024-03-06,12.646840148698885,4.402116402116403,Bronx,Fordham,Staten Island,St. George,2024-03-06,0.0,9.2,False
1727,2024-03-17 00:13:00,2024-03-17 00:21:09,10,3,2.66,10.33,2.0,1,False,False,False,False,False,False,False,8.15,0,2024-03-17,19.58282208588957,3.8834586466165413,Brooklyn,Bed-Stuy,Manhattan,Chelsea,2024-03-17,1.8,12.0,True
1728,2024-03-20 01:11:00,2024-03-20 01:23:33,11,11,3.72,13.31,1.0,1,False,False,False,False,False,False,False,12.55,1,2024-03-20,17.784860557768926,3.577956989247312,Queens,Astoria,Queens,Astoria,2024-03-20,1.4,11.9,True
1729,2024-03-02 15:26:00,2024-03-02 15:35:55,20,9,1.6,6.85,3.0,1,False,False,False,False,False,False,False,9.916666666666666,15,2024-03-02,9.680672268907564,4.281249999999999,Staten Island,Tottenville,Brooklyn,DUMBO,2024-03-02,0.7,3.3,False
1730,2024-03-17 00:36:00,2024-03-17 00:49:14,6,6,4.49,14.18,1.0,3,False,False,False,False,False,False,False,13.233333333333333,0,2024-03-17,20.35768261964736,3.1581291759465477,Brooklyn,Williamsburg,Brooklyn,Williamsburg,2024-03-17,1.8,12.0,True
1731,2024-03-06 16:50:00,2024-03-06 17:03:51,7,17,1.55,7.35,1.0,1,False,False,False,False,False,False,False,13.85,16,2024-03-06,6.714801444043322,4.741935483870967,Brooklyn,Park Slope,Bronx,Riverdale,2024-03-06,0.0,9.2,False
1732,2024-03-12 06:11:00,2024-03-12 06:42:58,3,19,2.88,9.83,1.0,2,False,False,False,False,False,False,False,31.966666666666665,6,2024-03-12,5.40563086548488,3.4131944444444446,Manhattan,Chelsea,Staten Island,St. George,2024-03-12,0.7,10.8,False
1733,2024-03-20 07:22:00,2024-03-20 07:41:41,19,19,2.46,10.05,2.0,2,False,False,False,False,False,False,False,19.683333333333334,7,2024-03-20,7.498729889923793,4.085365853658537,Staten Island,St. George,Staten Island,St. George,2024-03-20,1.4,11.9,True
1734,2024-03-14 20:21:00,2024-03-14 20:41:38,8,18,1.64,6.98,1.0,1,False,False,False,False,False,False,False,20.633333333333333,20,2024-03-14,4.768982229402262,4.25609756097561,Brooklyn,Bushwick,Bronx,Mott Haven,2024-03-14,1.5,5.8,True
1735,2024-03-04 21:38:00,2024-03-04 22:33:59,20,2,1.05,5.74,1.0,2,False,False,False,False,False,False,False,55.983333333333334,21,2024-03-04,1.1253349211074726,5.466666666666667,Staten Island,Tottenville,Manhattan,Harlem,2024-03-04,3.4,18.0,True
1736,2024-03-07 11:29:00,2024-03-07 11:34:49,5,1,1.63,6.74,1.0,2,False,False,False,False,False,False,False,5.816666666666666,11,2024-03-07,16.81375358166189,4.134969325153374,Manhattan,Upper East Side,Manhattan,Midtown,2024-03-07,0.0,3.3,False
1737,2024-03-01 09:29:00,2024-03-01 10:11:44,18,4,1.12,6.29,1.0,1,False,False,False,False,False,False,False,42.733333333333334,9,2024-03-01,1.5725429017160688,5.616071428571428,Bronx,Mott Haven,Manhattan,SoHo,2024-03-01,0.0,4.2,False
1738,2024-03-12 15:07:00,2024-03-12 15:18:29,10,7,1.44,6.42,1.0,2,False,False,False,False,False,False,False,11.483333333333333,15,2024-03-12,7.5239477503628445,4.458333333333333,Brooklyn,Bed-Stuy,Brooklyn,Park Slope,2024-03-12,0.7,10.8,False
1739,2024-03-01 03:13:00,2024-03-01 03:21:58,19,13,8.46,28.04,2.0,1,False,False,False,False,False,False,False,8.966666666666667,3,2024-03-01,56.609665427509306,3.3144208037825056,Staten Island,St. George,Queens,Long Island City,2024-03-01,0.0,4.2,False
1740,2024-03-29 06:59:00,2024-03-29 07:35:44,19,7,0.34,3.91,1.0,2,False,False,False,False,False,False,False,36.733333333333334,6,2024-03-29,0.5553539019963702,11.5,Staten Island,St. George,Brooklyn,Park Slope,2024-03-29,1.1,4.2,True
1741,2024-03-12 10:32:00,2024-03-12 10:51:39,11,3,3.49,11.84,1.0,1,False,False,False,False,False,False,False,19.65,10,2024-03-12,10.656488549618322,3.3925501432664755,Queens,Astoria,Manhattan,Chelsea,2024-03-12,0.7,10.8,False
1742,2024-03-04 21:13:00,2024-03-04 21:17:48,15,3,4.74,16.99,1.0,1,False,False,False,False,False,False,False,4.8,21,2024-03-04,59.25,3.584388185654008,Queens,Forest Hills,Manhattan,Chelsea,2024-03-04,3.4,18.0,True
1743,2024-03-21 19:28:00,2024-03-21 19:54:10,16,15,5.78,17.88,1.0,3,False,False,False,False,False,False,False,26.166666666666668,19,2024-03-21,13.253503184713376,3.093425605536332,Bronx,Fordham,Queens,Forest Hills,2024-03-21,0.0,8.6,False
1744,2024-03-15 21:12:00,2024-03-15 21:30:36,14,20,0.6,4.81,1.0,1,False,False,False,False,False,False,False,18.6,21,2024-03-15,1.9354838709677418,8.016666666666666,Queens,Jamaica,Staten Island,Tottenville,2024-03-15,2.5,10.9,True
1745,2024-03-20 03:19:00,2024-03-20 03:46:32,5,20,0.6,4.43,1.0,1,False,False,False,False,False,False,False,27.533333333333335,3,2024-03-20,1.307506053268765,7.383333333333333,Manhattan,Upper East Side,Staten Island,Tottenville,2024-03-20,1.4,11.9,True
1746,2024-03-28 14:01:00,2024-03-28 14:39:49,10,13,4.05,12.17,1.0,1,False,False,False,False,False,False,False,38.81666666666667,14,2024-03-28,6.260197509660798,3.004938271604938,Brooklyn,Bed-Stuy,Queens,Long Island City,2024-03-28,1.2,7.8,True
1747,2024-03-06 04:05:00,2024-03-06 04:28:33,18,12,0.52,4.4,1.0,1,False,False,False,False,False,False,False,23.55,4,2024-03-06,1.3248407643312101,8.461538461538462,Bronx,Mott Haven,Queens,Flushing,2024-03-06,0.0,9.2,False
1748,2024-03-25 17:57:00,2024-03-25 17:59:48,8,6,0.67,4.5,1.0,1,False,False,False,False,False,False,False,2.8,17,2024-03-25,14.35714285714286,6.716417910447761,Brooklyn,Bushwick,Brooklyn,Williamsburg,2024-03-25,0.0,7.3,False
1749,2024-03-15 21:52:00,2024-03-15 22:00:16,12,6,4.88,14.57,3.0,2,False,False,False,False,False,False,False,8.266666666666667,21,2024-03-15,35.41935483870967,2.985655737704918,Queens,Flushing,Brooklyn,Williamsburg,2024-03-15,2.5,10.9,True
1750,2024-03-30 20:20:00,2024-03-30 20:27:23,17,18,1.55,7.48,2.0,1,False,False,False,False,False,False,False,7.383333333333334,20,2024-03-30,12.595936794582393,4.825806451612904,Bronx,Riverdale,Bronx,Mott Haven,2024-03-30,1.9,18.9,True
1751,2024-03-31 05:17:00,2024-03-31 05:23:34,5,20,0.3,3.85,1.0,1,False,False,False,False,False,False,False,6.566666666666666,5,2024-03-31,2.7411167512690353,12.833333333333334,Manhattan,Upper East Side,Staten Island,Tottenville,2024-03-31,0.3,10.0,False
1752,2024-03-19 21:36:00,2024-03-19 22:06:26,10,1,2.5,10.29,1.0,2,False,False,False,False,False,False,False,30.433333333333334,21,2024-03-19,4.928806133625411,4.116,Brooklyn,Bed-Stuy,Manhattan,Midtown,2024-03-19,1.1,11.7,True
1753,2024-03-17 22:01:00,2024-03-17 22:09:16,1,16,0.75,5.28,1.0,1,False,False,False,False,False,False,False,8.266666666666667,22,2024-03-17,5.443548387096773,7.04,Manhattan,Midtown,Bronx,Fordham,2024-03-17,1.8,12.0,True
1754,2024-03-13 05:05:00,2024-03-13 05:31:30,17,3,1.15,6.12,1.0,1,False,False,False,False,False,False,False,26.5,5,2024-03-13,2.6037735849056602,5.321739130434783,Bronx,Riverdale,Manhattan,Chelsea,2024-03-13,0.7,7.3,False
1755,2024-03-02 03:45:00,2024-03-02 04:08:11,19,16,1.27,5.84,1.0,3,False,False,False,False,False,False,False,23.183333333333334,3,2024-03-02,3.286843997124371,4.5984251968503935,Staten Island,St. George,Bronx,Fordham,2024-03-02,0.7,3.3,False
1756,2024-03-03 05:21:00,2024-03-03 05:27:22,2,19,2.36,10.49,1.0,2,False,False,False,False,False,False,False,6.366666666666666,5,2024-03-03,22.24083769633508,4.444915254237288,Manhattan,Harlem,Staten Island,St. George,2024-03-03,1.4,7.4,True
1757,2024-03-14 13:18:00,2024-03-14 13:30:32,9,12,5.16,16.31,1.0,2,False,False,False,False,False,False,False,12.533333333333333,13,2024-03-14,24.70212765957447,3.1608527131782944,Brooklyn,DUMBO,Queens,Flushing,2024-03-14,1.5,5.8,True
1758,2024-03-11 13:43:00,2024-03-11 14:06:12,2,19,2.27,8.05,4.0,2,False,False,False,False,False,False,False,23.2,13,2024-03-11,5.870689655172414,3.5462555066079298,Manhattan,Harlem,Staten Island,St. George,2024-03-11,1.8,11.3,True
1759,2024-03-19 08:09:00,2024-03-19 08:23:22,17,18,4.59,16.52,4.0,1,False,False,False,False,False,False,False,14.366666666666667,8,2024-03-19,19.16937354988399,3.599128540305011,Bronx,Riverdale,Bronx,Mott Haven,2024-03-19,1.1,11.7,True
1760,2024-03-04 10:30:00,2024-03-04 10:38:55,1,8,0.29,3.93,1.0,2,False,False,False,False,False,False,False,8.916666666666666,10,2024-03-04,1.9514018691588784,13.551724137931036,Manhattan,Midtown,Brooklyn,Bushwick,2024-03-04,3.4,18.0,True
1761,2024-03-18 02:47:00,2024-03-18 03:03:42,16,9,2.39,9.19,1.0,1,False,False,False,False,False,False,False,16.7,2,2024-03-18,8.58682634730539,3.845188284518828,Bronx,Fordham,Brooklyn,DUMBO,2024-03-18,1.5,8.4,True
1762,2024-03-07 04:35:00,2024-03-07 04:57:32,10,14,3.62,14.54,1.0,2,False,False,False,False,False,False,False,22.533333333333335,4,2024-03-07,9.639053254437869,4.016574585635359,Brooklyn,Bed-Stuy,Queens,Jamaica,2024-03-07,0.0,3.3,False
1763,2024-03-05 01:14:00,2024-03-05 01:27:45,15,3,2.6,10.51,1.0,2,False,False,False,False,False,False,False,13.75,1,2024-03-05,11.345454545454546,4.042307692307692,Queens,Forest Hills,Manhattan,Chelsea,2024-03-05,2.7,10.6,True
1764,2024-03-20 14:43:00,2024-03-20 14:56:42,18,16,1.15,5.64,1.0,1,False,False,False,False,False,False,False,13.7,14,2024-03-20,5.036496350364963,4.904347826086957,Bronx,Mott Haven,Bronx,Fordham,2024-03-20,1.4,11.9,True
1765,2024-03-07 10:35:00,2024-03-07 10:36:57,13,17,2.9,11.14,1.0,1,False,False,False,False,False,False,False,1.95,10,2024-03-07,89.23076923076923,3.841379310344828,Queens,Long Island City,Bronx,Riverdale,2024-03-07,0.0,3.3,False
1766,2024-03-22 21:45:00,2024-03-22 21:47:31,16,9,3.49,12.53,1.0,1,False,False,False,False,False,False,False,2.5166666666666666,21,2024-03-22,83.20529801324504,3.59025787965616,Bronx,Fordham,Brooklyn,DUMBO,2024-03-22,0.0,8.6,False
1767,2024-03-30 07:51:00,2024-03-30 07:55:45,3,17,1.21,6.16,1.0,1,False,False,False,False,False,False,False,4.75,7,2024-03-30,15.284210526315789,5.090909090909091,Manhattan,Chelsea,Bronx,Riverdale,2024-03-30,1.9,18.9,True
1768,2024-03-28 22:05:00,2024-03-28 22:11:21,17,11,0.55,4.32,1.0,2,False,False,False,False,False,False,False,6.35,22,2024-03-28,5.196850393700789,7.8545454545454545,Bronx,Riverdale,Queens,Astoria,2024-03-28,1.2,7.8,True
1769,2024-03-22 15:48:00,2024-03-22 16:32:21,20,8,4.34,15.29,1.0,1,False,False,False,False,False,False,False,44.35,15,2024-03-22,5.871476888387824,3.5230414746543777,Staten Island,Tottenville,Brooklyn,Bushwick,2024-03-22,0.0,8.6,False
1770,2024-03-05 19:44:00,2024-03-05 20:12:34,13,6,1.07,5.49,1.0,2,False,False,False,False,False,False,False,28.566666666666666,19,2024-03-05,2.2473745624270713,5.130841121495327,Queens,Long Island City,Brooklyn,Williamsburg,2024-03-05,2.7,10.6,True
1771,2024-03-12 12:32:00,2024-03-12 12:39:20,2,13,1.58,7.56,1.0,2,False,False,False,False,False,False,False,7.333333333333333,12,2024-03-12,12.927272727272728,4.784810126582278,Manhattan,Harlem,Queens,Long Island City,2024-03-12,0.7,10.8,False
1772,2024-03-03 18:59:00,2024-03-03 19:04:30,19,4,7.98,27.41,3.0,1,False,False,False,False,False,False,False,5.5,18,2024-03-03,87.05454545454546,3.4348370927318292,Staten Island,St. George,Manhattan,SoHo,2024-03-03,1.4,7.4,True
1773,2024-03-25 15:42:00,2024-03-25 16:49:20,1,20,4.08,15.63,1.0,1,False,False,False,False,False,False,False,67.33333333333333,15,2024-03-25,3.6356435643564358,3.8308823529411766,Manhattan,Midtown,Staten Island,Tottenville,2024-03-25,0.0,7.3,False
1774,2024-03-24 14:33:00,2024-03-24 15:02:56,15,5,2.94,10.56,1.0,1,False,False,False,False,False,False,False,29.933333333333334,14,2024-03-24,5.893095768374165,3.591836734693878,Queens,Forest Hills,Manhattan,Upper East Side,2024-03-24,1.1,11.3,True
1775,2024-03-18 19:31:00,2024-03-18 19:43:21,1,4,1.97,8.32,1.0,1,False,False,False,False,False,False,False,12.35,19,2024-03-18,9.570850202429149,4.223350253807107,Manhattan,Midtown,Manhattan,SoHo,2024-03-18,1.5,8.4,True
1776,2024-03-13 19:27:00,2024-03-13 19:49:21,18,12,3.52,13.22,1.0,2,False,False,False,False,False,False,False,22.35,19,2024-03-13,9.449664429530202,3.7556818181818183,Bronx,Mott Haven,Queens,Flushing,2024-03-13,0.7,7.3,False
1777,2024-03-12 04:06:00,2024-03-12 04:25:16,10,17,8.63,28.31,1.0,1,False,False,False,False,False,False,False,19.266666666666666,4,2024-03-12,26.875432525951563,3.2804171494785628,Brooklyn,Bed-Stuy,Bronx,Riverdale,2024-03-12,0.7,10.8,False
1778,2024-03-20 03:01:00,2024-03-20 03:33:05,5,6,3.89,12.54,3.0,1,False,False,False,False,False,False,False,32.083333333333336,3,2024-03-20,7.274805194805195,3.2236503856041128,Manhattan,Upper East Side,Brooklyn,Williamsburg,2024-03-20,1.4,11.9,True
1779,2024-03-09 23:11:00,2024-03-09 23:15:13,9,5,2.78,9.57,1.0,1,False,False,False,False,False,False,False,4.216666666666667,23,2024-03-09,39.55731225296442,3.442446043165468,Brooklyn,DUMBO,Manhattan,Upper East Side,2024-03-09,4.2,4.7,True
1780,2024-03-02 06:09:00,2024-03-02 06:25:20,2,2,2.0,7.71,1.0,2,False,False,False,False,False,False,False,16.333333333333332,6,2024-03-02,7.346938775510205,3.855,Manhattan,Harlem,Manhattan,Harlem,2024-03-02,0.7,3.3,False
1781,2024-03-04 14:42:00,2024-03-04 15:02:30,14,6,1.57,6.69,1.0,2,False,False,False,False,False,False,False,20.5,14,2024-03-04,4.595121951219512,4.261146496815287,Queens,Jamaica,Brooklyn,Williamsburg,2024-03-04,3.4,18.0,True
1782,2024-03-15 19:55:00,2024-03-15 20:22:36,20,10,3.25,13.01,1.0,2,False,False,False,False,False,False,False,27.6,19,2024-03-15,7.065217391304348,4.003076923076923,Staten Island,Tottenville,Brooklyn,Bed-Stuy,2024-03-15,2.5,10.9,True
1783,2024-03-22 12:46:00,2024-03-22 12:58:25,11,3,2.11,9.47,1.0,1,False,False,False,False,False,False,False,12.416666666666666,12,2024-03-22,10.195973154362417,4.488151658767773,Queens,Astoria,Manhattan,Chelsea,2024-03-22,0.0,8.6,False
1784,2024-03-25 05:30:00,2024-03-25 05:58:30,17,8,4.73,17.91,1.0,2,False,False,False,False,False,False,False,28.5,5,2024-03-25,9.957894736842107,3.786469344608879,Bronx,Riverdale,Brooklyn,Bushwick,2024-03-25,0.0,7.3,False
1785,2024-03-20 04:09:00,2024-03-20 04:20:37,8,12,3.31,13.44,1.0,1,False,False,False,False,False,False,False,11.616666666666667,4,2024-03-20,17.0961262553802,4.0604229607250755,Brooklyn,Bushwick,Queens,Flushing,2024-03-20,1.4,11.9,True
1786,2024-03-27 09:42:00,2024-03-27 10:18:11,18,15,1.15,6.22,1.0,3,False,False,False,False,False,False,False,36.18333333333333,9,2024-03-27,1.906955320128973,5.408695652173913,Bronx,Mott Haven,Queens,Forest Hills,2024-03-27,2.1,4.2,True
1787,2024-03-31 09:50:00,2024-03-31 10:00:31,11,8,0.4,4.02,1.0,1,False,False,False,False,False,False,False,10.516666666666667,9,2024-03-31,2.282091917591125,10.049999999999999,Queens,Astoria,Brooklyn,Bushwick,2024-03-31,0.3,10.0,False
1788,2024-03-08 06:39:00,2024-03-08 06:57:56,1,11,3.62,14.34,1.0,1,False,False,False,False,False,False,False,18.933333333333334,6,2024-03-08,11.471830985915494,3.9613259668508287,Manhattan,Midtown,Queens,Astoria,2024-03-08,2.8,5.6,True
1789,2024-03-30 10:08:00,2024-03-30 10:18:57,8,4,2.87,10.29,1.0,2,False,False,False,False,False,False,False,10.95,10,2024-03-30,15.726027397260275,3.585365853658536,Brooklyn,Bushwick,Manhattan,SoHo,2024-03-30,1.9,18.9,True
1790,2024-03-20 02:08:00,2024-03-20 02:21:14,17,8,5.06,14.37,4.0,1,False,False,False,False,False,False,False,13.233333333333333,2,2024-03-20,22.94206549118388,2.839920948616601,Bronx,Riverdale,Brooklyn,Bushwick,2024-03-20,1.4,11.9,True
1791,2024-03-21 22:03:00,2024-03-21 22:23:52,9,13,4.16,12.64,1.0,1,False,False,False,False,False,False,False,20.866666666666667,22,2024-03-21,11.961661341853034,3.0384615384615383,Brooklyn,DUMBO,Queens,Long Island City,2024-03-21,0.0,8.6,False
1792,2024-03-23 15:11:00,2024-03-23 15:13:37,8,6,4.47,15.37,2.0,3,False,False,False,False,False,False,False,2.6166666666666667,15,2024-03-23,102.49681528662418,3.4384787472035794,Brooklyn,Bushwick,Brooklyn,Williamsburg,2024-03-23,1.2,5.9,True
1793,2024-03-29 03:50:00,2024-03-29 04:12:01,17,6,4.05,13.08,1.0,1,False,False,False,False,False,False,False,22.016666666666666,3,2024-03-29,11.037093111279335,3.22962962962963,Bronx,Riverdale,Brooklyn,Williamsburg,2024-03-29,1.1,4.2,True
1794,2024-03-09 15:32:00,2024-03-09 15:59:44,12,8,2.93,9.5,1.0,2,False,False,False,False,False,False,False,27.733333333333334,15,2024-03-09,6.3389423076923075,3.242320819112628,Queens,Flushing,Brooklyn,Bushwick,2024-03-09,4.2,4.7,True
1795,2024-03-10 23:38:00,2024-03-10 23:45:37,19,3,3.92,13.15,2.0,1,False,False,False,False,False,False,False,7.616666666666666,23,2024-03-10,30.87964989059081,3.354591836734694,Staten Island,St. George,Manhattan,Chelsea,2024-03-10,0.0,3.9,False
1796,2024-03-08 14:12:00,2024-03-08 14:23:49,2,10,3.46,12.8,1.0,1,False,False,False,False,False,False,False,11.816666666666666,14,2024-03-08,17.568406205923836,3.6994219653179194,Manhattan,Harlem,Brooklyn,Bed-Stuy,2024-03-08,2.8,5.6,True
1797,2024-03-04 06:05:00,2024-03-04 06:07:56,5,19,1.1,5.6,1.0,1,False,False,False,False,False,False,False,2.933333333333333,6,2024-03-04,22.500000000000004,5.09090909090909,Manhattan,Upper East Side,Staten Island,St. George,2024-03-04,3.4,18.0,True
1798,2024-03-04 04:28:00,2024-03-04 04:34:40,16,4,5.39,19.28,1.0,1,False,False,False,False,False,False,False,6.666666666666667,4,2024-03-04,48.50999999999999,3.576994434137292,Bronx,Fordham,Manhattan,SoHo,2024-03-04,3.4,18.0,True
1799,2024-03-08 13:04:00,2024-03-08 13:23:46,8,13,1.63,7.64,1.0,1,False,False,False,False,False,False,False,19.766666666666666,13,2024-03-08,4.947723440134907,4.687116564417178,Brooklyn,Bushwick,Queens,Long Island City,2024-03-08,2.8,5.6,True
1800,2024-03-30 18:50:00,2024-03-30 18:59:47,18,14,2.47,10.19,2.0,3,False,False,False,False,False,False,False,9.783333333333333,18,2024-03-30,15.148211243611584,4.125506072874494,Bronx,Mott Haven,Queens,Jamaica,2024-03-30,1.9,18.9,True
1801,2024-03-28 21:54:00,2024-03-28 22:02:49,17,15,2.29,8.86,2.0,3,False,False,False,False,False,False,False,8.816666666666666,21,2024-03-28,15.58412098298677,3.8689956331877724,Bronx,Riverdale,Queens,Forest Hills,2024-03-28,1.2,7.8,True
1802,2024-03-14 13:41:00,2024-03-14 13:43:48,20,18,2.53,8.97,1.0,2,False,False,False,False,False,False,False,2.8,13,2024-03-14,54.214285714285715,3.545454545454546,Staten Island,Tottenville,Bronx,Mott Haven,2024-03-14,1.5,5.8,True
1803,2024-03-22 03:11:00,2024-03-22 03:27:17,12,7,4.33,15.29,1.0,3,False,False,False,False,False,False,False,16.283333333333335,3,2024-03-22,15.95496417604913,3.531177829099307,Queens,Flushing,Brooklyn,Park Slope,2024-03-22,0.0,8.6,False
1804,2024-03-12 16:56:00,2024-03-12 17:15:18,14,17,2.29,8.39,2.0,1,False,False,False,False,False,False,False,19.3,16,2024-03-12,7.119170984455959,3.663755458515284,Queens,Jamaica,Bronx,Riverdale,2024-03-12,0.7,10.8,False
1805,2024-03-25 08:25:00,2024-03-25 08:29:03,15,7,3.31,12.81,1.0,2,False,False,False,False,False,False,False,4.05,8,2024-03-25,49.037037037037045,3.870090634441088,Queens,Forest Hills,Brooklyn,Park Slope,2024-03-25,0.0,7.3,False
1806,2024-03-02 23:42:00,2024-03-02 23:43:45,11,2,0.15,3.38,3.0,1,False,False,False,False,False,False,False,1.75,23,2024-03-02,5.142857142857142,22.533333333333335,Queens,Astoria,Manhattan,Harlem,2024-03-02,0.7,3.3,False
1807,2024-03-31 07:40:00,2024-03-31 07:59:24,13,20,8.54,23.23,1.0,2,False,False,False,False,False,False,False,19.4,7,2024-03-31,26.412371134020617,2.7201405152224827,Queens,Long Island City,Staten Island,Tottenville,2024-03-31,0.3,10.0,False
1808,2024-03-31 22:29:00,2024-03-31 22:31:43,15,9,1.51,7.7,1.0,2,False,False,False,False,False,False,False,2.716666666666667,22,2024-03-31,33.34969325153374,5.099337748344371,Queens,Forest Hills,Brooklyn,DUMBO,2024-03-31,0.3,10.0,False
1809,2024-03-30 18:24:00,2024-03-30 19:09:59,10,8,0.89,5.0,1.0,1,False,False,False,False,False,False,False,45.983333333333334,18,2024-03-30,1.1612903225806452,5.617977528089887,Brooklyn,Bed-Stuy,Brooklyn,Bushwick,2024-03-30,1.9,18.9,True
1810,2024-03-29 04:41:00,2024-03-29 04:46:29,17,10,5.72,19.79,1.0,1,False,False,False,False,False,False,False,5.483333333333333,4,2024-03-29,62.58966565349544,3.4597902097902096,Bronx,Riverdale,Brooklyn,Bed-Stuy,2024-03-29,1.1,4.2,True
1811,2024-03-05 09:09:00,2024-03-05 09:34:16,18,4,3.41,13.87,1.0,1,False,False,False,False,False,False,False,25.266666666666666,9,2024-03-05,8.097625329815305,4.067448680351906,Bronx,Mott Haven,Manhattan,SoHo,2024-03-05,2.7,10.6,True
1812,2024-03-17 08:03:00,2024-03-17 08:25:59,2,3,4.86,15.28,3.0,3,False,False,False,False,False,False,False,22.983333333333334,8,2024-03-17,12.687454677302393,3.144032921810699,Manhattan,Harlem,Manhattan,Chelsea,2024-03-17,1.8,12.0,True
1813,2024-03-25 02:15:50,2024-03-25 02:04:00,10,19,0.1,3.25,4.0,1,True,False,False,False,True,False,False,-11.833333333333334,2,2024-03-25,-0.5070422535211268,32.5,Brooklyn,Bed-Stuy,Staten Island,St. George,2024-03-25,0.0,7.3,False
1814,2024-03-14 05:26:00,2024-03-14 05:33:12,18,19,0.88,5.59,1.0,2,False,False,False,False,False,False,False,7.2,5,2024-03-14,7.333333333333333,6.3522727272727275,Bronx,Mott Haven,Staten Island,St. George,2024-03-14,1.5,5.8,True
1815,2024-03-03 12:08:00,2024-03-03 12:21:08,11,15,2.12,8.34,1.0,1,False,False,False,False,False,False,False,13.133333333333333,12,2024-03-03,9.68527918781726,3.933962264150943,Queens,Astoria,Queens,Forest Hills,2024-03-03,1.4,7.4,True
1816,2024-03-27 02:42:00,2024-03-27 02:53:46,15,2,8.02,26.75,2.0,1,False,False,False,False,False,False,False,11.766666666666667,2,2024-03-27,40.89518413597733,3.335411471321696,Queens,Forest Hills,Manhattan,Harlem,2024-03-27,2.1,4.2,True
1817,2024-03-14 05:50:00,2024-03-14 06:09:19,10,14,4.25,13.8,3.0,1,False,False,False,False,False,False,False,19.316666666666666,5,2024-03-14,13.201035375323556,3.2470588235294118,Brooklyn,Bed-Stuy,Queens,Jamaica,2024-03-14,1.5,5.8,True
1818,2024-03-27 08:42:00,2024-03-27 09:01:47,17,20,3.98,15.23,1.0,1,False,False,False,False,False,False,False,19.783333333333335,8,2024-03-27,12.070766638584667,3.8266331658291457,Bronx,Riverdale,Staten Island,Tottenville,2024-03-27,2.1,4.2,True
1819,2024-03-27 07:07:00,2024-03-27 07:32:06,7,6,2.21,10.03,1.0,1,False,False,False,False,False,False,False,25.1,7,2024-03-27,5.282868525896414,4.538461538461538,Brooklyn,Park Slope,Brooklyn,Williamsburg,2024-03-27,2.1,4.2,True
1820,2024-03-16 00:45:00,2024-03-16 00:56:03,7,4,6.98,24.01,4.0,1,False,False,False,False,False,False,False,11.05,0,2024-03-16,37.90045248868778,3.4398280802292263,Brooklyn,Park Slope,Manhattan,SoHo,2024-03-16,0.5,14.7,False
1821,2024-03-03 22:05:00,2024-03-03 22:33:25,8,11,5.37,15.14,2.0,2,False,False,False,False,False,False,False,28.416666666666668,22,2024-03-03,11.33841642228739,2.819366852886406,Brooklyn,Bushwick,Queens,Astoria,2024-03-03,1.4,7.4,True
1822,2024-03-25 14:11:00,2024-03-25 14:27:30,6,3,3.79,11.83,1.0,1,False,False,False,False,False,False,False,16.5,14,2024-03-25,13.781818181818181,3.1213720316622693,Brooklyn,Williamsburg,Manhattan,Chelsea,2024-03-25,0.0,7.3,False
1823,2024-03-11 22:52:00,2024-03-11 23:13:00,12,16,1.92,7.65,3.0,1,False,False,False,False,False,False,False,21.0,22,2024-03-11,5.485714285714286,3.9843750000000004,Queens,Flushing,Bronx,Fordham,2024-03-11,1.8,11.3,True
1824,2024-03-08 16:15:00,2024-03-08 16:24:19,4,1,1.45,7.5,1.0,2,False,False,False,False,False,False,False,9.316666666666666,16,2024-03-08,9.338103756708408,5.172413793103448,Manhattan,SoHo,Manhattan,Midtown,2024-03-08,2.8,5.6,True
1825,2024-03-15 12:49:00,2024-03-15 13:33:32,20,3,0.91,5.62,3.0,2,False,False,False,False,False,False,False,44.53333333333333,12,2024-03-15,1.2260479041916168,6.175824175824176,Staten Island,Tottenville,Manhattan,Chelsea,2024-03-15,2.5,10.9,True
1826,2024-03-10 07:47:00,2024-03-10 08:20:50,4,9,6.12,18.84,2.0,1,False,False,False,False,False,False,False,33.833333333333336,7,2024-03-10,10.85320197044335,3.0784313725490193,Manhattan,SoHo,Brooklyn,DUMBO,2024-03-10,0.0,3.9,False
1827,2024-03-15 11:16:00,2024-03-15 11:26:21,13,18,2.5,10.29,1.0,1,False,False,False,False,False,False,False,10.35,11,2024-03-15,14.492753623188406,4.116,Queens,Long Island City,Bronx,Mott Haven,2024-03-15,2.5,10.9,True
1828,2024-03-25 06:41:00,2024-03-25 06:42:44,16,18,1.4,7.28,1.0,1,False,False,False,False,False,False,False,1.7333333333333334,6,2024-03-25,48.46153846153845,5.2,Bronx,Fordham,Bronx,Mott Haven,2024-03-25,0.0,7.3,False
1829,2024-03-12 05:14:00,2024-03-12 05:37:16,9,12,3.17,12.73,4.0,1,False,False,False,False,False,False,False,23.266666666666666,5,2024-03-12,8.174785100286533,4.0157728706624605,Brooklyn,DUMBO,Queens,Flushing,2024-03-12,0.7,10.8,False
1830,2024-03-26 01:09:00,2024-03-26 01:29:29,1,15,0.69,5.09,1.0,2,False,False,False,False,False,False,False,20.483333333333334,1,2024-03-26,2.021155410903173,7.376811594202899,Manhattan,Midtown,Queens,Forest Hills,2024-03-26,1.0,4.1,False
1831,2024-03-07 11:25:00,2024-03-07 11:40:56,6,3,6.48,22.98,1.0,1,False,False,False,False,False,False,False,15.933333333333334,11,2024-03-07,24.401673640167367,3.5462962962962963,Brooklyn,Williamsburg,Manhattan,Chelsea,2024-03-07,0.0,3.3,False
1832,2024-03-31 15:33:00,2024-03-31 15:41:08,2,19,2.12,9.18,1.0,1,False,False,False,False,False,False,False,8.133333333333333,15,2024-03-31,15.639344262295085,4.330188679245283,Manhattan,Harlem,Staten Island,St. George,2024-03-31,0.3,10.0,False
1833,2024-03-16 13:32:00,2024-03-16 13:45:35,3,13,1.13,5.61,1.0,2,False,False,False,False,False,False,False,13.583333333333334,13,2024-03-16,4.991411042944785,4.964601769911505,Manhattan,Chelsea,Queens,Long Island City,2024-03-16,0.5,14.7,False
1834,2024-03-16 00:53:00,2024-03-16 01:01:55,3,8,5.69,21.03,1.0,1,False,False,False,False,False,False,False,8.916666666666666,0,2024-03-16,38.28785046728972,3.695957820738137,Manhattan,Chelsea,Brooklyn,Bushwick,2024-03-16,0.5,14.7,False
1835,2024-03-14 10:00:00,2024-03-14 10:37:43,15,1,1.35,6.41,2.0,3,False,False,False,False,False,False,False,37.71666666666667,10,2024-03-14,2.147591692443659,4.748148148148148,Queens,Forest Hills,Manhattan,Midtown,2024-03-14,1.5,5.8,True
1836,2024-03-05 00:00:00,2024-03-05 00:03:43,1,15,0.42,4.11,1.0,1,False,False,False,False,False,False,False,3.716666666666667,0,2024-03-05,6.780269058295963,9.785714285714286,Manhattan,Midtown,Queens,Forest Hills,2024-03-05,2.7,10.6,True
1837,2024-03-14 09:49:00,2024-03-14 10:39:12,3,6,0.99,5.31,1.0,2,False,False,False,False,False,False,False,50.2,9,2024-03-14,1.1832669322709164,5.363636363636363,Manhattan,Chelsea,Brooklyn,Williamsburg,2024-03-14,1.5,5.8,True
1838,2024-03-21 02:42:00,2024-03-21 02:54:42,4,10,0.92,5.22,1.0,2,False,False,False,False,False,False,False,12.7,2,2024-03-21,4.346456692913386,5.673913043478261,Manhattan,SoHo,Brooklyn,Bed-Stuy,2024-03-21,0.0,8.6,False
1839,2024-03-23 23:35:00,2024-03-23 23:44:45,17,19,5.4,15.4,2.0,1,False,False,False,False,False,False,False,9.75,23,2024-03-23,33.23076923076923,2.8518518518518516,Bronx,Riverdale,Staten Island,St. George,2024-03-23,1.2,5.9,True
1840,2024-03-31 18:00:00,2024-03-31 18:03:09,5,16,0.76,4.96,1.0,1,False,False,False,False,False,False,False,3.15,18,2024-03-31,14.476190476190476,6.526315789473684,Manhattan,Upper East Side,Bronx,Fordham,2024-03-31,0.3,10.0,False
1841,2024-03-28 11:39:00,2024-03-28 11:49:18,9,7,3.36,10.95,1.0,2,False,False,False,False,False,False,False,10.3,11,2024-03-28,19.57281553398058,3.258928571428571,Brooklyn,DUMBO,Brooklyn,Park Slope,2024-03-28,1.2,7.8,True
1842,2024-03-28 00:33:00,2024-03-28 00:42:21,9,4,1.45,6.37,1.0,2,False,False,False,False,False,False,False,9.35,0,2024-03-28,9.304812834224599,4.393103448275863,Brooklyn,DUMBO,Manhattan,SoHo,2024-03-28,1.2,7.8,True
1843,2024-03-17 06:34:00,2024-03-17 06:52:31,1,5,1.86,7.65,1.0,1,False,False,False,False,False,False,False,18.516666666666666,6,2024-03-17,6.027002700270027,4.112903225806452,Manhattan,Midtown,Manhattan,Upper East Side,2024-03-17,1.8,12.0,True
1844,2024-03-20 19:54:00,2024-03-20 20:01:25,3,11,2.49,9.77,2.0,1,False,False,False,False,False,False,False,7.416666666666667,19,2024-03-20,20.143820224719104,3.9236947791164654,Manhattan,Chelsea,Queens,Astoria,2024-03-20,1.4,11.9,True
1845,2024-03-07 02:42:00,2024-03-07 02:58:03,14,2,1.99,9.27,1.0,2,False,False,False,False,False,False,False,16.05,2,2024-03-07,7.439252336448598,4.658291457286432,Queens,Jamaica,Manhattan,Harlem,2024-03-07,0.0,3.3,False
1846,2024-03-09 05:22:00,2024-03-09 05:35:38,8,10,3.34,10.48,1.0,1,False,False,False,False,False,False,False,13.633333333333333,5,2024-03-09,14.69926650366748,3.137724550898204,Brooklyn,Bushwick,Brooklyn,Bed-Stuy,2024-03-09,4.2,4.7,True
1847,2024-03-26 12:11:00,2024-03-26 12:45:47,10,13,4.78,16.06,1.0,1,False,False,False,False,False,False,False,34.78333333333333,12,2024-03-26,8.245328222328704,3.3598326359832633,Brooklyn,Bed-Stuy,Queens,Long Island City,2024-03-26,1.0,4.1,False
1848,2024-03-18 02:41:00,2024-03-18 03:35:59,18,8,2.35,9.02,2.0,1,False,False,False,False,False,False,False,54.983333333333334,2,2024-03-18,2.564413458623825,3.838297872340425,Bronx,Mott Haven,Brooklyn,Bushwick,2024-03-18,1.5,8.4,True
1849,2024-03-15 22:03:00,2024-03-15 22:49:14,13,17,1.26,6.64,2.0,2,False,False,False,False,False,False,False,46.233333333333334,22,2024-03-15,1.6351838500360492,5.26984126984127,Queens,Long Island City,Bronx,Riverdale,2024-03-15,2.5,10.9,True
1850,2024-03-07 14:35:00,2024-03-07 14:56:28,17,17,5.63,18.47,2.0,3,False,False,False,False,False,False,False,21.466666666666665,14,2024-03-07,15.736024844720498,3.2806394316163408,Bronx,Riverdale,Bronx,Riverdale,2024-03-07,0.0,3.3,False
1851,2024-03-25 13:51:00,2024-03-25 13:55:26,17,11,2.22,9.43,2.0,2,False,False,False,False,False,False,False,4.433333333333334,13,2024-03-25,30.045112781954888,4.247747747747748,Bronx,Riverdale,Queens,Astoria,2024-03-25,0.0,7.3,False
1852,2024-03-16 05:43:00,2024-03-16 05:56:02,19,13,4.67,14.53,1.0,1,False,False,False,False,False,False,False,13.033333333333333,5,2024-03-16,21.49872122762148,3.1113490364025695,Staten Island,St. George,Queens,Long Island City,2024-03-16,0.5,14.7,False
1853,2024-03-14 13:25:00,2024-03-14 13:49:59,8,5,3.76,12.53,1.0,1,False,False,False,False,False,False,False,24.983333333333334,13,2024-03-14,9.030020013342227,3.3324468085106385,Brooklyn,Bushwick,Manhattan,Upper East Side,2024-03-14,1.5,5.8,True
1854,2024-03-24 20:00:00,2024-03-24 20:16:50,7,17,1.15,5.91,0.0,2,False,False,False,True,True,False,False,16.833333333333332,20,2024-03-24,4.099009900990099,5.139130434782609,Brooklyn,Park Slope,Bronx,Riverdale,2024-03-24,1.1,11.3,True
1855,2024-03-01 15:37:00,2024-03-01 15:46:51,7,12,2.16,9.35,1.0,1,False,False,False,False,False,False,False,9.85,15,2024-03-01,13.157360406091373,4.328703703703703,Brooklyn,Park Slope,Queens,Flushing,2024-03-01,0.0,4.2,False
1856,2024-03-01 07:01:00,2024-03-01 07:16:29,5,18,3.99,13.86,1.0,2,False,False,False,False,False,False,False,15.483333333333333,7,2024-03-01,15.46178686759957,3.4736842105263155,Manhattan,Upper East Side,Bronx,Mott Haven,2024-03-01,0.0,4.2,False
1857,2024-03-06 01:56:00,2024-03-06 02:08:28,10,2,0.61,4.56,1.0,1,False,False,False,False,False,False,False,12.466666666666667,1,2024-03-06,2.9358288770053473,7.475409836065573,Brooklyn,Bed-Stuy,Manhattan,Harlem,2024-03-06,0.0,9.2,False
1858,2024-03-11 21:25:00,2024-03-11 21:31:08,13,16,3.73,13.3,1.0,1,False,False,False,False,False,False,False,6.133333333333334,21,2024-03-11,36.48913043478261,3.5656836461126007,Queens,Long Island City,Bronx,Fordham,2024-03-11,1.8,11.3,True
1859,2024-03-02 12:10:00,2024-03-02 12:22:40,17,13,2.51,10.3,4.0,1,False,False,False,False,False,False,False,12.666666666666666,12,2024-03-02,11.889473684210525,4.103585657370519,Bronx,Riverdale,Queens,Long Island City,2024-03-02,0.7,3.3,False
1860,2024-03-07 11:55:00,2024-03-07 12:11:20,18,2,7.19,21.51,1.0,1,False,False,False,False,False,False,False,16.333333333333332,11,2024-03-07,26.412244897959187,2.991655076495132,Bronx,Mott Haven,Manhattan,Harlem,2024-03-07,0.0,3.3,False
1861,2024-03-31 03:31:00,2024-03-31 03:33:54,7,2,6.43,22.16,1.0,1,False,False,False,False,False,False,False,2.9,3,2024-03-31,133.0344827586207,3.4463452566096424,Brooklyn,Park Slope,Manhattan,Harlem,2024-03-31,0.3,10.0,False
1862,2024-03-18 03:58:00,2024-03-18 04:00:58,5,8,0.74,4.75,1.0,2,False,False,False,False,False,False,False,2.966666666666667,3,2024-03-18,14.96629213483146,6.418918918918919,Manhattan,Upper East Side,Brooklyn,Bushwick,2024-03-18,1.5,8.4,True
1863,2024-03-18 21:15:00,2024-03-18 21:27:14,20,8,3.14,12.1,2.0,1,False,False,False,False,False,False,False,12.233333333333333,21,2024-03-18,15.400544959128068,3.8535031847133756,Staten Island,Tottenville,Brooklyn,Bushwick,2024-03-18,1.5,8.4,True
1864,2024-03-03 11:27:00,2024-03-03 11:43:10,11,13,1.15,5.82,1.0,1,False,False,False,False,False,False,False,16.166666666666668,11,2024-03-03,4.268041237113401,5.060869565217392,Queens,Astoria,Queens,Long Island City,2024-03-03,1.4,7.4,True
1865,2024-03-23 21:35:00,2024-03-23 21:52:00,13,3,6.59,20.59,2.0,1,False,False,False,False,False,False,False,17.0,21,2024-03-23,23.258823529411764,3.12443095599393,Queens,Long Island City,Manhattan,Chelsea,2024-03-23,1.2,5.9,True
1866,2024-03-08 15:56:00,2024-03-08 15:59:42,13,4,5.41,19.67,1.0,1,False,False,False,False,False,False,False,3.7,15,2024-03-08,87.72972972972973,3.635859519408503,Queens,Long Island City,Manhattan,SoHo,2024-03-08,2.8,5.6,True
1867,2024-03-09 05:09:00,2024-03-09 05:17:01,7,3,2.37,10.49,1.0,2,False,False,False,False,False,False,False,8.016666666666667,5,2024-03-09,17.738045738045738,4.4261603375527425,Brooklyn,Park Slope,Manhattan,Chelsea,2024-03-09,4.2,4.7,True
1868,2024-03-26 04:51:00,2024-03-26 04:59:35,13,17,3.27,10.48,1.0,2,False,False,False,False,False,False,False,8.583333333333334,4,2024-03-26,22.858252427184464,3.2048929663608563,Queens,Long Island City,Bronx,Riverdale,2024-03-26,1.0,4.1,False
1869,2024-03-18 19:22:00,2024-03-18 20:02:38,4,20,0.93,5.74,2.0,2,False,False,False,False,False,False,False,40.63333333333333,19,2024-03-18,1.373256767842494,6.172043010752688,Manhattan,SoHo,Staten Island,Tottenville,2024-03-18,1.5,8.4,True
1870,2024-03-26 14:03:00,2024-03-26 14:15:41,1,15,1.52,7.35,1.0,1,False,False,False,False,False,False,False,12.683333333333334,14,2024-03-26,7.19053876478318,4.8355263157894735,Manhattan,Midtown,Queens,Forest Hills,2024-03-26,1.0,4.1,False
1871,2024-03-16 06:11:00,2024-03-16 06:20:11,1,2,3.45,11.56,1.0,1,False,False,False,False,False,False,False,9.183333333333334,6,2024-03-16,22.540834845735027,3.3507246376811595,Manhattan,Midtown,Manhattan,Harlem,2024-03-16,0.5,14.7,False
1872,2024-03-26 10:56:00,2024-03-26 11:15:47,7,3,1.91,8.85,1.0,2,False,False,False,False,False,False,False,19.783333333333335,10,2024-03-26,5.792754844144903,4.633507853403142,Brooklyn,Park Slope,Manhattan,Chelsea,2024-03-26,1.0,4.1,False
1873,2024-03-10 22:58:00,2024-03-10 23:49:30,11,12,4.35,-5.0,4.0,2,False,False,True,False,True,False,False,51.5,22,2024-03-10,5.067961165048543,-1.149425287356322,Queens,Astoria,Queens,Flushing,2024-03-10,0.0,3.9,False
1874,2024-03-08 17:51:00,2024-03-08 18:03:17,13,8,2.75,11.35,1.0,2,False,False,False,False,False,False,False,12.283333333333333,17,2024-03-08,13.432835820895523,4.127272727272727,Queens,Long Island City,Brooklyn,Bushwick,2024-03-08,2.8,5.6,True
1875,2024-03-30 21:30:00,2024-03-30 22:12:09,9,3,1.27,5.99,2.0,1,False,False,False,False,False,False,False,42.15,21,2024-03-30,1.8078291814946619,4.716535433070867,Brooklyn,DUMBO,Manhattan,Chelsea,2024-03-30,1.9,18.9,True
1876,2024-03-16 17:02:00,2024-03-16 17:12:49,18,20,5.14,17.61,1.0,1,False,False,False,False,False,False,False,10.816666666666666,17,2024-03-16,28.511556240369796,3.426070038910506,Bronx,Mott Haven,Staten Island,Tottenville,2024-03-16,0.5,14.7,False
1877,2024-03-09 02:19:00,2024-03-09 02:39:29,3,12,1.9,7.88,2.0,1,False,False,False,False,False,False,False,20.483333333333334,2,2024-03-09,5.565500406834825,4.147368421052632,Manhattan,Chelsea,Queens,Flushing,2024-03-09,4.2,4.7,True
1878,2024-03-22 02:36:00,2024-03-22 02:47:03,4,17,1.01,5.77,1.0,1,False,False,False,False,False,False,False,11.05,2,2024-03-22,5.484162895927602,5.712871287128713,Manhattan,SoHo,Bronx,Riverdale,2024-03-22,0.0,8.6,False
1879,2024-03-29 03:16:00,2024-03-29 03:45:15,16,4,7.24,23.78,1.0,2,False,False,False,False,False,False,False,29.25,3,2024-03-29,14.851282051282052,3.2845303867403315,Bronx,Fordham,Manhattan,SoHo,2024-03-29,1.1,4.2,True
1880,2024-03-04 19:01:00,2024-03-04 19:50:56,3,17,7.48,23.1,4.0,1,False,False,False,False,False,False,False,49.93333333333333,19,2024-03-04,8.987983978638185,3.088235294117647,Manhattan,Chelsea,Bronx,Riverdale,2024-03-04,3.4,18.0,True
1881,2024-03-08 02:47:00,2024-03-08 03:24:32,19,13,1.36,6.43,1.0,2,False,False,False,False,False,False,False,37.53333333333333,2,2024-03-08,2.1740674955595027,4.727941176470588,Staten Island,St. George,Queens,Long Island City,2024-03-08,2.8,5.6,True
1882,2024-03-23 18:43:00,2024-03-23 18:55:07,10,18,3.52,13.56,1.0,2,False,False,False,False,False,False,False,12.116666666666667,18,2024-03-23,17.43053645116919,3.8522727272727275,Brooklyn,Bed-Stuy,Bronx,Mott Haven,2024-03-23,1.2,5.9,True
1883,2024-03-09 22:20:00,2024-03-09 22:39:41,3,3,4.2,13.1,2.0,2,False,False,False,False,False,False,False,19.683333333333334,22,2024-03-09,12.802709568162575,3.1190476190476186,Manhattan,Chelsea,Manhattan,Chelsea,2024-03-09,4.2,4.7,True
1884,2024-03-12 01:33:00,2024-03-12 01:42:26,20,2,2.52,9.91,2.0,1,False,False,False,False,False,False,False,9.433333333333334,1,2024-03-12,16.02826855123675,3.932539682539683,Staten Island,Tottenville,Manhattan,Harlem,2024-03-12,0.7,10.8,False
1885,2024-03-12 13:20:00,2024-03-12 13:31:11,11,7,5.86,18.86,4.0,2,False,False,False,False,False,False,False,11.183333333333334,13,2024-03-12,31.43964232488823,3.2184300341296925,Queens,Astoria,Brooklyn,Park Slope,2024-03-12,0.7,10.8,False
1886,2024-03-14 15:48:00,2024-03-14 16:01:21,4,7,2.13,9.32,4.0,1,False,False,False,False,False,False,False,13.35,15,2024-03-14,9.573033707865168,4.375586854460094,Manhattan,SoHo,Brooklyn,Park Slope,2024-03-14,1.5,5.8,True
1887,2024-03-08 06:22:00,2024-03-08 06:43:54,7,2,4.23,13.75,1.0,2,False,False,False,False,False,False,False,21.9,6,2024-03-08,11.589041095890412,3.250591016548463,Brooklyn,Park Slope,Manhattan,Harlem,2024-03-08,2.8,5.6,True
1888,2024-03-24 10:29:00,2024-03-24 10:39:23,3,1,0.28,3.7,2.0,1,False,False,False,False,False,False,False,10.383333333333333,10,2024-03-24,1.6179775280898878,13.214285714285714,Manhattan,Chelsea,Manhattan,Midtown,2024-03-24,1.1,11.3,True
1889,2024-03-28 16:26:00,2024-03-28 16:46:47,8,8,1.86,7.73,2.0,3,False,False,False,False,False,False,False,20.783333333333335,16,2024-03-28,5.369687249398557,4.155913978494624,Brooklyn,Bushwick,Brooklyn,Bushwick,2024-03-28,1.2,7.8,True
1890,2024-03-07 22:42:00,2024-03-07 22:53:05,18,18,2.41,10.35,2.0,2,False,False,False,False,False,False,False,11.083333333333334,22,2024-03-07,13.046616541353384,4.2946058091286305,Bronx,Mott Haven,Bronx,Mott Haven,2024-03-07,0.0,3.3,False
1891,2024-03-04 20:45:00,2024-03-04 20:57:57,17,20,6.09,21.01,3.0,1,False,False,False,False,False,False,False,12.95,20,2024-03-04,28.216216216216218,3.4499178981937604,Bronx,Riverdale,Staten Island,Tottenville,2024-03-04,3.4,18.0,True
1892,2024-03-08 11:04:00,2024-03-08 11:27:29,20,4,3.87,13.67,1.0,2,False,False,False,False,False,False,False,23.483333333333334,11,2024-03-08,9.887863733144075,3.532299741602067,Staten Island,Tottenville,Manhattan,SoHo,2024-03-08,2.8,5.6,True
1893,2024-03-29 15:33:00,2024-03-29 15:41:33,13,1,1.83,8.11,2.0,1,False,False,False,False,False,False,False,8.55,15,2024-03-29,12.842105263157894,4.431693989071038,Queens,Long Island City,Manhattan,Midtown,2024-03-29,1.1,4.2,True
1894,2024-03-14 18:10:00,2024-03-14 18:29:11,7,16,3.96,14.5,2.0,2,False,False,False,False,False,False,False,19.183333333333334,18,2024-03-14,12.385751520417028,3.6616161616161618,Brooklyn,Park Slope,Bronx,Fordham,2024-03-14,1.5,5.8,True
1895,2024-03-18 02:43:00,2024-03-18 03:17:42,9,11,5.62,19.98,1.0,2,False,False,False,False,False,False,False,34.7,2,2024-03-18,9.71757925072046,3.5551601423487544,Brooklyn,DUMBO,Queens,Astoria,2024-03-18,1.5,8.4,True
1896,2024-03-02 04:25:00,2024-03-02 04:38:22,12,17,3.96,12.31,1.0,1,False,False,False,False,False,False,False,13.366666666666667,4,2024-03-02,17.775561097256855,3.1085858585858586,Queens,Flushing,Bronx,Riverdale,2024-03-02,0.7,3.3,False
1897,2024-03-04 23:25:00,2024-03-04 23:48:38,8,19,8.05,27.76,4.0,2,False,False,False,False,False,False,False,23.633333333333333,23,2024-03-04,20.437235543018335,3.448447204968944,Brooklyn,Bushwick,Staten Island,St. George,2024-03-04,3.4,18.0,True
1898,2024-03-16 05:01:00,2024-03-16 05:26:06,3,5,3.26,12.54,1.0,1,False,False,False,False,False,False,False,25.1,5,2024-03-16,7.792828685258963,3.8466257668711656,Manhattan,Chelsea,Manhattan,Upper East Side,2024-03-16,0.5,14.7,False
1899,2024-03-31 11:55:00,2024-03-31 12:07:33,9,12,2.34,8.34,1.0,3,False,False,False,False,False,False,False,12.55,11,2024-03-31,11.187250996015935,3.5641025641025643,Brooklyn,DUMBO,Queens,Flushing,2024-03-31,0.3,10.0,False
1900,2024-03-25 19:44:00,2024-03-25 19:57:54,15,10,3.34,12.69,2.0,1,False,False,False,False,False,False,False,13.9,19,2024-03-25,14.417266187050359,3.7994011976047903,Queens,Forest Hills,Brooklyn,Bed-Stuy,2024-03-25,0.0,7.3,False
1901,2024-03-24 12:19:00,2024-03-24 12:43:17,13,14,5.41,18.51,1.0,1,False,False,False,False,False,False,False,24.283333333333335,12,2024-03-24,13.367192862045298,3.421441774491682,Queens,Long Island City,Queens,Jamaica,2024-03-24,1.1,11.3,True
1902,2024-03-04 02:54:00,2024-03-04 03:23:05,20,20,1.75,8.18,1.0,1,False,False,False,False,False,False,False,29.083333333333332,2,2024-03-04,3.6103151862464182,4.674285714285714,Staten Island,Tottenville,Staten Island,Tottenville,2024-03-04,3.4,18.0,True
1903,2024-03-15 01:27:00,2024-03-15 01:32:23,19,4,2.37,10.07,1.0,1,False,False,False,False,False,False,False,5.383333333333334,1,2024-03-15,26.41486068111455,4.248945147679325,Staten Island,St. George,Manhattan,SoHo,2024-03-15,2.5,10.9,True
1904,2024-03-08 22:03:00,2024-03-08 22:08:24,8,6,4.25,12.45,1.0,1,False,False,False,False,False,False,False,5.4,22,2024-03-08,47.222222222222214,2.929411764705882,Brooklyn,Bushwick,Brooklyn,Williamsburg,2024-03-08,2.8,5.6,True
1905,2024-03-15 11:26:00,2024-03-15 11:28:33,18,5,8.16,27.79,2.0,2,False,False,False,False,False,False,False,2.55,11,2024-03-15,192.00000000000003,3.4056372549019605,Bronx,Mott Haven,Manhattan,Upper East Side,2024-03-15,2.5,10.9,True
1906,2024-03-19 17:25:00,2024-03-19 17:29:44,4,2,1.99,8.46,0.0,1,False,False,False,True,True,False,False,4.733333333333333,17,2024-03-19,25.22535211267606,4.251256281407036,Manhattan,SoHo,Manhattan,Harlem,2024-03-19,1.1,11.7,True
1907,2024-03-23 04:54:00,2024-03-23 04:55:59,3,15,2.46,9.62,1.0,1,False,False,False,False,False,False,False,1.9833333333333334,4,2024-03-23,74.4201680672269,3.9105691056910565,Manhattan,Chelsea,Queens,Forest Hills,2024-03-23,1.2,5.9,True
1908,2024-03-21 22:38:00,2024-03-21 23:32:00,5,19,2.22,10.11,1.0,1,False,False,False,False,False,False,False,54.0,22,2024-03-21,2.466666666666667,4.5540540540540535,Manhattan,Upper East Side,Staten Island,St. George,2024-03-21,0.0,8.6,False
1909,2024-03-17 12:54:00,2024-03-17 12:56:53,15,13,2.64,10.6,1.0,1,False,False,False,False,False,False,False,2.8833333333333333,12,2024-03-17,54.9364161849711,4.015151515151515,Queens,Forest Hills,Queens,Long Island City,2024-03-17,1.8,12.0,True
1910,2024-03-06 03:12:00,2024-03-06 03:29:00,12,18,2.84,11.87,1.0,1,False,False,False,False,False,False,False,17.0,3,2024-03-06,10.023529411764706,4.179577464788732,Queens,Flushing,Bronx,Mott Haven,2024-03-06,0.0,9.2,False
1911,2024-03-08 10:14:00,2024-03-08 10:25:28,4,17,4.09,15.74,1.0,2,False,False,False,False,False,False,False,11.466666666666667,10,2024-03-08,21.401162790697672,3.8484107579462106,Manhattan,SoHo,Bronx,Riverdale,2024-03-08,2.8,5.6,True
1912,2024-03-19 07:55:00,2024-03-19 08:15:52,6,8,3.94,12.31,1.0,1,False,False,False,False,False,False,False,20.866666666666667,7,2024-03-19,11.329073482428115,3.1243654822335025,Brooklyn,Williamsburg,Brooklyn,Bushwick,2024-03-19,1.1,11.7,True
1913,2024-03-08 12:44:00,2024-03-08 12:49:08,15,5,3.68,14.09,1.0,1,False,False,False,False,False,False,False,5.133333333333334,12,2024-03-08,43.01298701298701,3.828804347826087,Queens,Forest Hills,Manhattan,Upper East Side,2024-03-08,2.8,5.6,True
1914,2024-03-29 18:18:00,2024-03-29 18:30:08,20,12,1.4,6.64,1.0,1,False,False,False,False,False,False,False,12.133333333333333,18,2024-03-29,6.9230769230769225,4.742857142857143,Staten Island,Tottenville,Queens,Flushing,2024-03-29,1.1,4.2,True
1915,2024-03-06 03:46:00,2024-03-06 04:17:21,19,20,3.18,10.77,1.0,1,False,False,False,False,False,False,False,31.35,3,2024-03-06,6.086124401913875,3.3867924528301883,Staten Island,St. George,Staten Island,Tottenville,2024-03-06,0.0,9.2,False
1916,2024-03-04 20:01:00,2024-03-04 20:09:56,13,13,0.23,3.57,1.0,1,False,False,False,False,False,False,False,8.933333333333334,20,2024-03-04,1.544776119402985,15.521739130434781,Queens,Long Island City,Queens,Long Island City,2024-03-04,3.4,18.0,True
1917,2024-03-16 08:22:00,2024-03-16 08:41:10,5,6,2.23,9.91,1.0,1,False,False,False,False,False,False,False,19.166666666666668,8,2024-03-16,6.98086956521739,4.443946188340807,Manhattan,Upper East Side,Brooklyn,Williamsburg,2024-03-16,0.5,14.7,False
1918,2024-03-17 21:24:00,2024-03-17 21:31:21,3,10,1.82,7.12,1.0,1,False,False,False,False,False,False,False,7.35,21,2024-03-17,14.857142857142858,3.912087912087912,Manhattan,Chelsea,Brooklyn,Bed-Stuy,2024-03-17,1.8,12.0,True
1919,2024-03-01 06:55:00,2024-03-01 07:29:26,4,14,1.71,7.05,1.0,1,False,False,False,False,False,False,False,34.43333333333333,6,2024-03-01,2.9796708615682483,4.12280701754386,Manhattan,SoHo,Queens,Jamaica,2024-03-01,0.0,4.2,False
1920,2024-03-30 18:21:00,2024-03-30 18:33:36,4,1,1.83,7.32,2.0,1,False,False,False,False,False,False,False,12.6,18,2024-03-30,8.714285714285715,4.0,Manhattan,SoHo,Manhattan,Midtown,2024-03-30,1.9,18.9,True
1921,2024-03-03 20:57:00,2024-03-03 21:12:04,16,4,2.01,8.75,3.0,1,False,False,False,False,False,False,False,15.066666666666666,20,2024-03-03,8.004424778761061,4.353233830845771,Bronx,Fordham,Manhattan,SoHo,2024-03-03,1.4,7.4,True
1922,2024-03-15 20:38:00,2024-03-15 20:42:39,12,16,1.58,8.0,1.0,1,False,False,False,False,False,False,False,4.65,20,2024-03-15,20.387096774193548,5.063291139240506,Queens,Flushing,Bronx,Fordham,2024-03-15,2.5,10.9,True
1923,2024-03-21 22:05:00,2024-03-21 22:11:55,17,3,5.09,14.39,1.0,1,False,False,False,False,False,False,False,6.916666666666667,22,2024-03-21,44.15421686746988,2.827111984282908,Bronx,Riverdale,Manhattan,Chelsea,2024-03-21,0.0,8.6,False
1924,2024-03-11 22:50:00,2024-03-11 23:05:50,16,2,3.13,11.95,1.0,1,False,False,False,False,False,False,False,15.833333333333334,22,2024-03-11,11.861052631578946,3.817891373801917,Bronx,Fordham,Manhattan,Harlem,2024-03-11,1.8,11.3,True
1925,2024-03-03 14:54:00,2024-03-03 15:50:13,15,14,8.89,23.51,1.0,1,False,False,False,False,False,False,False,56.21666666666667,14,2024-03-03,9.488289356655796,2.6445444319460067,Queens,Forest Hills,Queens,Jamaica,2024-03-03,1.4,7.4,True
1926,2024-03-06 10:39:00,2024-03-06 10:45:31,1,13,1.33,6.86,2.0,1,False,False,False,False,False,False,False,6.516666666666667,10,2024-03-06,12.245524296675192,5.157894736842105,Manhattan,Midtown,Queens,Long Island City,2024-03-06,0.0,9.2,False
1927,2024-03-25 00:48:00,2024-03-25 00:59:06,15,16,1.79,8.13,1.0,1,False,False,False,False,False,False,False,11.1,0,2024-03-25,9.675675675675675,4.5418994413407825,Queens,Forest Hills,Bronx,Fordham,2024-03-25,0.0,7.3,False
1928,2024-03-23 16:53:00,2024-03-23 17:18:39,6,12,2.43,10.69,1.0,1,False,False,False,False,False,False,False,25.65,16,2024-03-23,5.68421052631579,4.39917695473251,Brooklyn,Williamsburg,Queens,Flushing,2024-03-23,1.2,5.9,True
1929,2024-03-10 06:19:00,2024-03-10 06:20:00,10,6,2.7,9.9,1.0,1,False,False,False,False,False,False,False,1.0,6,2024-03-10,162.0,3.6666666666666665,Brooklyn,Bed-Stuy,Brooklyn,Williamsburg,2024-03-10,0.0,3.9,False
1930,2024-03-23 03:11:00,2024-03-23 03:35:40,8,18,3.0,10.49,1.0,1,False,False,False,False,False,False,False,24.666666666666668,3,2024-03-23,7.2972972972972965,3.4966666666666666,Brooklyn,Bushwick,Bronx,Mott Haven,2024-03-23,1.2,5.9,True
1931,2024-03-09 11:22:00,2024-03-09 12:36:03,17,12,9.43,27.36,1.0,1,False,False,False,False,False,False,False,74.05,11,2024-03-09,7.640783254557731,2.901378579003181,Bronx,Riverdale,Queens,Flushing,2024-03-09,4.2,4.7,True
1932,2024-03-06 18:14:00,2024-03-06 18:19:51,15,16,3.02,12.33,1.0,2,False,False,False,False,False,False,False,5.85,18,2024-03-06,30.974358974358978,4.082781456953643,Queens,Forest Hills,Bronx,Fordham,2024-03-06,0.0,9.2,False
1933,2024-03-18 09:52:00,2024-03-18 10:20:50,8,9,3.8,11.55,1.0,1,False,False,False,False,False,False,False,28.833333333333332,9,2024-03-18,7.907514450867052,3.0394736842105265,Brooklyn,Bushwick,Brooklyn,DUMBO,2024-03-18,1.5,8.4,True
1934,2024-03-14 17:33:00,2024-03-14 17:40:54,1,14,1.93,8.49,3.0,2,False,False,False,False,False,False,False,7.9,17,2024-03-14,14.658227848101264,4.398963730569949,Manhattan,Midtown,Queens,Jamaica,2024-03-14,1.5,5.8,True
1935,2024-03-31 11:01:00,2024-03-31 11:11:11,11,11,0.93,5.71,1.0,1,False,False,False,False,False,False,False,10.183333333333334,11,2024-03-31,5.479541734860884,6.139784946236559,Queens,Astoria,Queens,Astoria,2024-03-31,0.3,10.0,False
1936,2024-03-03 08:53:00,2024-03-03 09:36:49,17,8,0.63,4.4,1.0,1,False,False,False,False,False,False,False,43.81666666666667,8,2024-03-03,0.8626854317230886,6.984126984126985,Bronx,Riverdale,Brooklyn,Bushwick,2024-03-03,1.4,7.4,True
1937,2024-03-08 15:50:00,2024-03-08 16:05:19,3,13,3.39,13.77,1.0,1,False,False,False,False,False,False,False,15.316666666666666,15,2024-03-08,13.279651795429816,4.061946902654867,Manhattan,Chelsea,Queens,Long Island City,2024-03-08,2.8,5.6,True
1938,2024-03-09 11:15:00,2024-03-09 11:56:31,5,12,3.61,13.83,2.0,3,False,False,False,False,False,False,False,41.516666666666666,11,2024-03-09,5.217181854676836,3.8310249307479225,Manhattan,Upper East Side,Queens,Flushing,2024-03-09,4.2,4.7,True
1939,2024-03-09 10:14:00,2024-03-09 10:59:45,3,5,3.6,12.53,2.0,2,False,False,False,False,False,False,False,45.75,10,2024-03-09,4.721311475409837,3.480555555555555,Manhattan,Chelsea,Manhattan,Upper East Side,2024-03-09,4.2,4.7,True
1940,2024-03-10 11:59:00,2024-03-10 12:12:44,12,4,5.11,16.1,2.0,1,False,False,False,False,False,False,False,13.733333333333333,11,2024-03-10,22.325242718446606,3.1506849315068495,Queens,Flushing,Manhattan,SoHo,2024-03-10,0.0,3.9,False
1941,2024-03-05 07:46:00,2024-03-05 08:25:00,7,15,4.0,15.6,1.0,1,False,False,False,False,False,False,False,39.0,7,2024-03-05,6.153846153846153,3.9,Brooklyn,Park Slope,Queens,Forest Hills,2024-03-05,2.7,10.6,True
1942,2024-03-08 17:08:00,2024-03-08 17:31:36,10,6,2.94,10.65,1.0,1,False,False,False,False,False,False,False,23.6,17,2024-03-08,7.47457627118644,3.622448979591837,Brooklyn,Bed-Stuy,Brooklyn,Williamsburg,2024-03-08,2.8,5.6,True
1943,2024-03-11 07:40:00,2024-03-11 08:01:41,19,5,2.13,9.56,1.0,2,False,False,False,False,False,False,False,21.683333333333334,7,2024-03-11,5.8939277478862415,4.488262910798123,Staten Island,St. George,Manhattan,Upper East Side,2024-03-11,1.8,11.3,True
1944,2024-03-07 07:20:00,2024-03-07 07:32:11,11,4,1.02,5.82,,3,False,False,False,True,True,False,False,12.183333333333334,7,2024-03-07,5.023255813953488,5.705882352941177,Queens,Astoria,Manhattan,SoHo,2024-03-07,0.0,3.3,False
1945,2024-03-05 15:44:00,2024-03-05 15:45:15,15,9,5.18,15.63,2.0,3,False,False,False,False,False,False,False,1.25,15,2024-03-05,248.64,3.0173745173745177,Queens,Forest Hills,Brooklyn,DUMBO,2024-03-05,2.7,10.6,True
1946,2024-03-18 05:53:00,2024-03-18 06:18:38,1,14,8.32,26.57,2.0,2,False,False,False,False,False,False,False,25.633333333333333,5,2024-03-18,19.474642392717815,3.1935096153846154,Manhattan,Midtown,Queens,Jamaica,2024-03-18,1.5,8.4,True
1947,2024-03-09 10:46:00,2024-03-09 11:00:57,9,14,0.63,4.99,3.0,1,False,False,False,False,False,False,False,14.95,10,2024-03-09,2.528428093645485,7.920634920634921,Brooklyn,DUMBO,Queens,Jamaica,2024-03-09,4.2,4.7,True
1948,2024-03-21 23:41:00,2024-03-22 00:17:14,10,11,1.52,7.82,1.0,1,False,False,False,False,False,False,False,36.233333333333334,23,2024-03-21,2.5170193192272308,5.144736842105264,Brooklyn,Bed-Stuy,Queens,Astoria,2024-03-21,0.0,8.6,False
1949,2024-03-06 08:31:00,2024-03-06 08:36:16,9,13,2.47,8.98,3.0,1,False,False,False,False,False,False,False,5.266666666666667,8,2024-03-06,28.139240506329116,3.6356275303643724,Brooklyn,DUMBO,Queens,Long Island City,2024-03-06,0.0,9.2,False
1950,2024-03-04 04:00:00,2024-03-04 04:20:41,5,17,3.26,12.42,4.0,1,False,False,False,False,False,False,False,20.683333333333334,4,2024-03-04,9.456889605157132,3.8098159509202456,Manhattan,Upper East Side,Bronx,Riverdale,2024-03-04,3.4,18.0,True
1951,2024-03-03 15:11:00,2024-03-03 15:41:59,15,2,3.62,13.8,1.0,1,False,False,False,False,False,False,False,30.983333333333334,15,2024-03-03,7.010220548682088,3.812154696132597,Queens,Forest Hills,Manhattan,Harlem,2024-03-03,1.4,7.4,True
1952,2024-03-04 00:58:00,2024-03-04 01:27:41,2,7,5.98,20.57,2.0,2,False,False,False,False,False,False,False,29.683333333333334,0,2024-03-04,12.087591240875913,3.4397993311036785,Manhattan,Harlem,Brooklyn,Park Slope,2024-03-04,3.4,18.0,True
1953,2024-03-21 14:41:00,2024-03-21 14:52:01,3,4,0.55,4.63,2.0,1,False,False,False,False,False,False,False,11.016666666666667,14,2024-03-21,2.9954614220877462,8.418181818181818,Manhattan,Chelsea,Manhattan,SoHo,2024-03-21,0.0,8.6,False
1954,2024-03-16 05:38:00,2024-03-16 05:47:07,14,15,7.17,20.84,2.0,2,False,False,False,False,False,False,False,9.116666666666667,5,2024-03-16,47.188299817184635,2.906555090655509,Queens,Jamaica,Queens,Forest Hills,2024-03-16,0.5,14.7,False
1955,2024-03-14 15:31:00,2024-03-14 15:48:18,8,7,1.05,6.2,3.0,1,False,False,False,False,False,False,False,17.3,15,2024-03-14,3.641618497109827,5.904761904761905,Brooklyn,Bushwick,Brooklyn,Park Slope,2024-03-14,1.5,5.8,True
1956,2024-03-01 11:55:00,2024-03-01 12:28:08,13,4,3.2,11.87,1.0,1,False,False,False,False,False,False,False,33.13333333333333,11,2024-03-01,5.794768611670021,3.7093749999999996,Queens,Long Island City,Manhattan,SoHo,2024-03-01,0.0,4.2,False
1957,2024-03-18 14:58:00,2024-03-18 15:06:26,14,11,1.84,7.67,1.0,1,False,False,False,False,False,False,False,8.433333333333334,14,2024-03-18,13.09090909090909,4.168478260869565,Queens,Jamaica,Queens,Astoria,2024-03-18,1.5,8.4,True
1958,2024-03-29 20:10:00,2024-03-29 20:17:43,12,18,0.5,4.18,1.0,1,False,False,False,False,False,False,False,7.716666666666667,20,2024-03-29,3.8876889848812093,8.36,Queens,Flushing,Bronx,Mott Haven,2024-03-29,1.1,4.2,True
1959,2024-03-13 03:00:00,2024-03-13 03:09:04,3,9,3.53,11.75,1.0,1,False,False,False,False,False,False,False,9.066666666666666,3,2024-03-13,23.360294117647058,3.328611898016997,Manhattan,Chelsea,Brooklyn,DUMBO,2024-03-13,0.7,7.3,False
1960,2024-03-23 09:50:00,2024-03-23 10:11:14,16,8,1.9,8.84,1.0,1,False,False,False,False,False,False,False,21.233333333333334,9,2024-03-23,5.368916797488225,4.652631578947369,Bronx,Fordham,Brooklyn,Bushwick,2024-03-23,1.2,5.9,True
1961,2024-03-12 11:51:00,2024-03-12 11:59:53,2,9,1.66,8.13,1.0,2,False,False,False,False,False,False,False,8.883333333333333,11,2024-03-12,11.212007504690432,4.897590361445784,Manhattan,Harlem,Brooklyn,DUMBO,2024-03-12,0.7,10.8,False
1962,2024-03-01 13:52:00,2024-03-01 14:00:45,19,7,6.51,23.69,2.0,2,False,False,False,False,False,False,False,8.75,13,2024-03-01,44.63999999999999,3.6390168970814134,Staten Island,St. George,Brooklyn,Park Slope,2024-03-01,0.0,4.2,False
1963,2024-03-23 18:47:00,2024-03-23 18:52:30,13,19,4.61,14.44,2.0,1,False,False,False,False,False,False,False,5.5,18,2024-03-23,50.290909090909096,3.1323210412147504,Queens,Long Island City,Staten Island,St. George,2024-03-23,1.2,5.9,True
1964,2024-03-06 14:32:00,2024-03-06 15:12:18,8,2,2.47,9.54,1.0,1,False,False,False,False,False,False,False,40.3,14,2024-03-06,3.67741935483871,3.862348178137651,Brooklyn,Bushwick,Manhattan,Harlem,2024-03-06,0.0,9.2,False
1965,2024-03-01 22:55:00,2024-03-01 23:14:26,2,5,5.21,19.65,1.0,3,False,False,False,False,False,False,False,19.433333333333334,22,2024-03-01,16.085763293310464,3.771593090211132,Manhattan,Harlem,Manhattan,Upper East Side,2024-03-01,0.0,4.2,False
1966,2024-03-13 21:04:00,2024-03-13 21:00:00,2,5,5.64,18.57,3.0,2,True,False,False,False,True,False,False,-4.0,21,2024-03-13,-84.6,3.292553191489362,Manhattan,Harlem,Manhattan,Upper East Side,2024-03-13,0.7,7.3,False
1967,2024-03-23 08:45:00,2024-03-23 09:07:33,18,14,0.85,5.65,2.0,1,False,False,False,False,False,False,False,22.55,8,2024-03-23,2.2616407982261637,6.647058823529412,Bronx,Mott Haven,Queens,Jamaica,2024-03-23,1.2,5.9,True
1968,2024-03-11 15:37:00,2024-03-11 16:16:26,4,17,3.48,13.02,1.0,1,False,False,False,False,False,False,False,39.43333333333333,15,2024-03-11,5.295012679628065,3.7413793103448274,Manhattan,SoHo,Bronx,Riverdale,2024-03-11,1.8,11.3,True
1969,2024-03-20 20:44:00,2024-03-20 20:55:08,12,13,2.53,9.07,1.0,1,False,False,False,False,False,False,False,11.133333333333333,20,2024-03-20,13.634730538922154,3.5849802371541504,Queens,Flushing,Queens,Long Island City,2024-03-20,1.4,11.9,True
1970,2024-03-08 18:28:00,2024-03-08 19:06:29,3,9,3.23,12.93,1.0,2,False,False,False,False,False,False,False,38.483333333333334,18,2024-03-08,5.03594629709831,4.003095975232198,Manhattan,Chelsea,Brooklyn,DUMBO,2024-03-08,2.8,5.6,True
1971,2024-03-09 15:46:00,2024-03-09 15:52:28,13,10,2.32,8.1,1.0,1,False,False,False,False,False,False,False,6.466666666666667,15,2024-03-09,21.525773195876287,3.491379310344828,Queens,Long Island City,Brooklyn,Bed-Stuy,2024-03-09,4.2,4.7,True
1972,2024-03-17 07:24:22,2024-03-17 07:02:00,13,12,6.94,21.36,3.0,1,True,False,False,False,True,False,False,-22.366666666666667,7,2024-03-17,-18.61698956780924,3.077809798270893,Queens,Long Island City,Queens,Flushing,2024-03-17,1.8,12.0,True
1973,2024-03-08 09:57:00,2024-03-08 10:39:26,15,4,0.66,4.76,1.0,1,False,False,False,False,False,False,False,42.43333333333333,9,2024-03-08,0.9332285938727416,7.212121212121211,Queens,Forest Hills,Manhattan,SoHo,2024-03-08,2.8,5.6,True
1974,2024-03-20 11:02:00,2024-03-20 11:19:03,20,20,1.36,7.15,1.0,1,False,False,False,False,False,False,False,17.05,11,2024-03-20,4.785923753665689,5.25735294117647,Staten Island,Tottenville,Staten Island,Tottenville,2024-03-20,1.4,11.9,True
1975,2024-03-13 11:05:00,2024-03-13 11:16:10,14,8,2.2,7.94,1.0,1,False,False,False,False,False,False,False,11.166666666666666,11,2024-03-13,11.820895522388062,3.609090909090909,Queens,Jamaica,Brooklyn,Bushwick,2024-03-13,0.7,7.3,False
1976,2024-03-03 11:22:00,2024-03-03 11:45:17,19,14,1.24,6.64,1.0,1,False,False,False,False,False,False,False,23.283333333333335,11,2024-03-03,3.1954187544738724,5.354838709677419,Staten Island,St. George,Queens,Jamaica,2024-03-03,1.4,7.4,True
1977,2024-03-16 10:34:00,2024-03-16 10:45:51,11,12,0.31,3.9,1.0,1,False,False,False,False,False,False,False,11.85,10,2024-03-16,1.569620253164557,12.580645161290322,Queens,Astoria,Queens,Flushing,2024-03-16,0.5,14.7,False
1978,2024-03-11 08:23:00,2024-03-11 08:25:46,3,19,2.75,10.37,1.0,1,False,False,False,False,False,False,False,2.7666666666666666,8,2024-03-11,59.63855421686747,3.7709090909090905,Manhattan,Chelsea,Staten Island,St. George,2024-03-11,1.8,11.3,True
1979,2024-03-04 18:29:00,2024-03-04 18:37:07,8,1,3.94,14.8,2.0,1,False,False,False,False,False,False,False,8.116666666666667,18,2024-03-04,29.125256673511295,3.7563451776649748,Brooklyn,Bushwick,Manhattan,Midtown,2024-03-04,3.4,18.0,True
1980,2024-03-17 13:43:00,2024-03-17 13:59:20,7,6,0.37,3.89,3.0,1,False,False,False,False,False,False,False,16.333333333333332,13,2024-03-17,1.3591836734693878,10.513513513513514,Brooklyn,Park Slope,Brooklyn,Williamsburg,2024-03-17,1.8,12.0,True
1981,2024-03-19 15:30:00,2024-03-19 15:31:01,2,14,0.75,4.87,4.0,2,False,False,False,False,False,False,False,1.0166666666666666,15,2024-03-19,44.26229508196722,6.493333333333333,Manhattan,Harlem,Queens,Jamaica,2024-03-19,1.1,11.7,True
1982,2024-03-05 06:57:00,2024-03-05 07:10:06,3,7,3.33,11.32,1.0,1,False,False,False,False,False,False,False,13.1,6,2024-03-05,15.251908396946567,3.3993993993993996,Manhattan,Chelsea,Brooklyn,Park Slope,2024-03-05,2.7,10.6,True
1983,2024-03-16 20:37:00,2024-03-16 21:10:26,5,20,5.66,18.1,4.0,2,False,False,False,False,False,False,False,33.43333333333333,20,2024-03-16,10.157527417746762,3.197879858657244,Manhattan,Upper East Side,Staten Island,Tottenville,2024-03-16,0.5,14.7,False
1984,2024-03-07 05:25:00,2024-03-07 05:38:15,5,6,2.56,10.87,1.0,1,False,False,False,False,False,False,False,13.25,5,2024-03-07,11.59245283018868,4.24609375,Manhattan,Upper East Side,Brooklyn,Williamsburg,2024-03-07,0.0,3.3,False
1985,2024-03-30 00:07:00,2024-03-30 00:21:20,1,1,3.48,13.97,2.0,1,False,False,False,False,False,False,False,14.333333333333334,0,2024-03-30,14.567441860465115,4.014367816091954,Manhattan,Midtown,Manhattan,Midtown,2024-03-30,1.9,18.9,True
1986,2024-03-19 22:40:00,2024-03-19 23:29:15,17,5,5.44,20.31,3.0,1,False,False,False,False,False,False,False,49.25,22,2024-03-19,6.627411167512691,3.7334558823529407,Bronx,Riverdale,Manhattan,Upper East Side,2024-03-19,1.1,11.7,True
1987,2024-03-22 13:33:00,2024-03-22 13:42:55,7,6,0.84,5.33,1.0,3,False,False,False,False,False,False,False,9.916666666666666,13,2024-03-22,5.08235294117647,6.345238095238096,Brooklyn,Park Slope,Brooklyn,Williamsburg,2024-03-22,0.0,8.6,False
1988,2024-03-22 18:57:00,2024-03-22 19:24:14,12,18,5.88,19.52,1.0,1,False,False,False,False,False,False,False,27.233333333333334,18,2024-03-22,12.954712362301102,3.3197278911564627,Queens,Flushing,Bronx,Mott Haven,2024-03-22,0.0,8.6,False
1989,2024-03-28 16:44:00,2024-03-28 17:03:34,15,20,3.09,11.31,1.0,3,False,False,False,False,False,False,False,19.566666666666666,16,2024-03-28,9.475298126064734,3.6601941747572817,Queens,Forest Hills,Staten Island,Tottenville,2024-03-28,1.2,7.8,True
1990,2024-03-13 22:34:00,2024-03-13 22:37:43,13,16,4.44,14.84,1.0,1,False,False,False,False,False,False,False,3.716666666666667,22,2024-03-13,71.67713004484305,3.342342342342342,Queens,Long Island City,Bronx,Fordham,2024-03-13,0.7,7.3,False
1991,2024-03-20 20:00:00,2024-03-20 20:32:50,8,8,1.27,6.27,1.0,1,False,False,False,False,False,False,False,32.833333333333336,20,2024-03-20,2.3208121827411166,4.937007874015747,Brooklyn,Bushwick,Brooklyn,Bushwick,2024-03-20,1.4,11.9,True
1992,2024-03-16 16:54:00,2024-03-16 17:33:16,20,12,1.55,7.31,1.0,1,False,False,False,False,False,False,False,39.266666666666666,16,2024-03-16,2.368421052631579,4.716129032258064,Staten Island,Tottenville,Queens,Flushing,2024-03-16,0.5,14.7,False
1993,2024-03-24 05:49:00,2024-03-24 06:01:04,2,7,2.08,8.35,1.0,2,False,False,False,False,False,False,False,12.066666666666666,5,2024-03-24,10.342541436464089,4.014423076923077,Manhattan,Harlem,Brooklyn,Park Slope,2024-03-24,1.1,11.3,True
1994,2024-03-02 12:54:00,2024-03-02 13:16:52,10,3,3.05,11.3,1.0,1,False,False,False,False,False,False,False,22.866666666666667,12,2024-03-02,8.002915451895044,3.704918032786886,Brooklyn,Bed-Stuy,Manhattan,Chelsea,2024-03-02,0.7,3.3,False
1995,2024-03-12 03:09:00,2024-03-12 03:57:22,7,12,2.75,10.21,1.0,1,False,False,False,False,False,False,False,48.36666666666667,3,2024-03-12,3.4114403859407307,3.712727272727273,Brooklyn,Park Slope,Queens,Flushing,2024-03-12,0.7,10.8,False
1996,2024-03-23 09:47:00,2024-03-23 09:58:20,5,14,2.99,11.81,1.0,1,False,False,False,False,False,False,False,11.333333333333334,9,2024-03-23,15.829411764705881,3.9498327759197323,Manhattan,Upper East Side,Queens,Jamaica,2024-03-23,1.2,5.9,True
1997,2024-03-08 02:03:00,2024-03-08 02:11:55,5,4,12.03,38.75,1.0,3,False,False,False,False,False,False,False,8.916666666666666,2,2024-03-08,80.94953271028037,3.2211138819617626,Manhattan,Upper East Side,Manhattan,SoHo,2024-03-08,2.8,5.6,True
1998,2024-03-11 09:59:00,2024-03-11 10:10:12,18,6,2.08,8.24,2.0,1,False,False,False,False,False,False,False,11.2,9,2024-03-11,11.142857142857144,3.9615384615384617,Bronx,Mott Haven,Brooklyn,Williamsburg,2024-03-11,1.8,11.3,True
1999,2024-03-29 23:57:00,2024-03-30 00:19:54,2,4,5.21,16.47,1.0,1,False,False,False,False,False,False,False,22.9,23,2024-03-29,13.650655021834062,3.1612284069097885,Manhattan,Harlem,Manhattan,SoHo,2024-03-29,1.1,4.2,True
2000,2024-03-23 09:09:00,2024-03-23 09:23:14,7,7,4.9,14.92,1.0,2,False,False,False,False,False,False,False,14.233333333333333,9,2024-03-23,20.655737704918035,3.044897959183673,Brooklyn,Park Slope,Brooklyn,Park Slope,2024-03-23,1.2,5.9,True
2001,2024-03-04 17:38:00,2024-03-04 18:01:43,17,14,7.06,20.07,1.0,2,False,False,False,False,False,False,False,23.716666666666665,17,2024-03-04,17.8608573436402,2.842776203966006,Bronx,Riverdale,Queens,Jamaica,2024-03-04,3.4,18.0,True
2002,2024-03-17 02:36:00,2024-03-17 02:49:27,17,9,0.69,4.89,1.0,1,False,False,False,False,False,False,False,13.45,2,2024-03-17,3.0780669144981414,7.086956521739131,Bronx,Riverdale,Brooklyn,DUMBO,2024-03-17,1.8,12.0,True
2003,2024-03-20 15:10:00,2024-03-20 15:19:11,19,10,5.27,15.69,4.0,2,False,False,False,False,False,False,False,9.183333333333334,15,2024-03-20,34.43194192377495,2.977229601518027,Staten Island,St. George,Brooklyn,Bed-Stuy,2024-03-20,1.4,11.9,True
2004,2024-03-25 14:56:00,2024-03-25 15:24:18,6,11,5.97,16.63,1.0,1,False,False,False,False,False,False,False,28.3,14,2024-03-25,12.657243816254416,2.7855946398659968,Brooklyn,Williamsburg,Queens,Astoria,2024-03-25,0.0,7.3,False
2005,2024-03-14 16:47:00,2024-03-14 17:27:39,2,18,2.41,10.03,1.0,1,False,False,False,False,False,False,False,40.65,16,2024-03-14,3.55719557195572,4.161825726141078,Manhattan,Harlem,Bronx,Mott Haven,2024-03-14,1.5,5.8,True
2006,2024-03-26 04:37:00,2024-03-26 05:25:27,13,14,3.5,12.71,2.0,1,False,False,False,False,False,False,False,48.45,4,2024-03-26,4.3343653250774,3.6314285714285717,Queens,Long Island City,Queens,Jamaica,2024-03-26,1.0,4.1,False
2007,2024-03-03 16:24:00,2024-03-03 16:39:15,1,3,2.23,8.51,1.0,1,False,False,False,False,False,False,False,15.25,16,2024-03-03,8.77377049180328,3.8161434977578477,Manhattan,Midtown,Manhattan,Chelsea,2024-03-03,1.4,7.4,True
2008,2024-03-02 15:13:00,2024-03-02 15:25:55,19,9,4.42,15.06,1.0,1,False,False,False,False,False,False,False,12.916666666666666,15,2024-03-02,20.531612903225806,3.407239819004525,Staten Island,St. George,Brooklyn,DUMBO,2024-03-02,0.7,3.3,False
2009,2024-03-09 09:35:00,2024-03-09 09:55:05,1,11,2.7,9.42,1.0,2,False,False,False,False,False,False,False,20.083333333333332,9,2024-03-09,8.066390041493777,3.4888888888888885,Manhattan,Midtown,Queens,Astoria,2024-03-09,4.2,4.7,True
2010,2024-03-25 20:34:00,2024-03-25 20:40:45,5,15,5.12,18.46,3.0,2,False,False,False,False,False,False,False,6.75,20,2024-03-25,45.51111111111111,3.60546875,Manhattan,Upper East Side,Queens,Forest Hills,2024-03-25,0.0,7.3,False
2011,2024-03-16 10:10:00,2024-03-16 10:27:43,10,16,1.54,7.65,1.0,1,False,False,False,False,False,False,False,17.716666666666665,10,2024-03-16,5.2154280338664165,4.967532467532467,Brooklyn,Bed-Stuy,Bronx,Fordham,2024-03-16,0.5,14.7,False
2012,2024-03-10 18:59:00,2024-03-10 19:24:38,4,7,0.97,5.5,1.0,2,False,False,False,False,False,False,False,25.633333333333333,18,2024-03-10,2.270481144343303,5.670103092783505,Manhattan,SoHo,Brooklyn,Park Slope,2024-03-10,0.0,3.9,False
2013,2024-03-30 21:53:00,2024-03-30 22:01:48,12,13,2.93,9.81,4.0,1,False,False,False,False,False,False,False,8.8,21,2024-03-30,19.977272727272727,3.348122866894198,Queens,Flushing,Queens,Long Island City,2024-03-30,1.9,18.9,True
2014,2024-03-22 06:04:00,2024-03-22 06:26:00,3,7,1.73,7.3,4.0,1,False,False,False,False,False,False,False,22.0,6,2024-03-22,4.718181818181819,4.219653179190751,Manhattan,Chelsea,Brooklyn,Park Slope,2024-03-22,0.0,8.6,False
2015,2024-03-21 17:08:00,2024-03-21 17:25:55,17,19,0.69,4.93,1.0,2,False,False,False,False,False,False,False,17.916666666666668,17,2024-03-21,2.3106976744186047,7.144927536231884,Bronx,Riverdale,Staten Island,St. George,2024-03-21,0.0,8.6,False
2016,2024-03-13 15:21:00,2024-03-13 15:27:06,20,2,2.42,9.46,2.0,1,False,False,False,False,False,False,False,6.1,15,2024-03-13,23.803278688524593,3.9090909090909096,Staten Island,Tottenville,Manhattan,Harlem,2024-03-13,0.7,7.3,False
2017,2024-03-25 06:32:00,2024-03-25 06:39:03,17,19,2.46,10.1,2.0,2,False,False,False,False,False,False,False,7.05,6,2024-03-25,20.93617021276596,4.105691056910569,Bronx,Riverdale,Staten Island,St. George,2024-03-25,0.0,7.3,False
2018,2024-03-20 03:12:00,2024-03-20 03:35:14,13,17,1.72,8.05,1.0,1,False,False,False,False,False,False,False,23.233333333333334,3,2024-03-20,4.4418938307030125,4.680232558139536,Queens,Long Island City,Bronx,Riverdale,2024-03-20,1.4,11.9,True
2019,2024-03-05 17:54:00,2024-03-05 17:56:14,9,8,1.83,7.28,1.0,1,False,False,False,False,False,False,False,2.2333333333333334,17,2024-03-05,49.16417910447761,3.978142076502732,Brooklyn,DUMBO,Brooklyn,Bushwick,2024-03-05,2.7,10.6,True
2020,2024-03-23 11:49:00,2024-03-23 11:52:43,19,9,1.38,6.48,1.0,1,False,False,False,False,False,False,False,3.716666666666667,11,2024-03-23,22.278026905829595,4.695652173913044,Staten Island,St. George,Brooklyn,DUMBO,2024-03-23,1.2,5.9,True
2021,2024-03-26 00:08:00,2024-03-26 00:13:13,9,2,2.93,11.11,1.0,2,False,False,False,False,False,False,False,5.216666666666667,0,2024-03-26,33.69968051118211,3.7918088737201363,Brooklyn,DUMBO,Manhattan,Harlem,2024-03-26,1.0,4.1,False
2022,2024-03-22 16:47:00,2024-03-22 17:41:55,8,7,4.78,13.81,2.0,2,False,False,False,False,False,False,False,54.916666666666664,16,2024-03-22,5.222458270106222,2.8891213389121337,Brooklyn,Bushwick,Brooklyn,Park Slope,2024-03-22,0.0,8.6,False
2023,2024-03-16 06:02:00,2024-03-16 06:31:52,9,5,0.41,4.3,1.0,2,False,False,False,False,False,False,False,29.866666666666667,6,2024-03-16,0.8236607142857143,10.487804878048781,Brooklyn,DUMBO,Manhattan,Upper East Side,2024-03-16,0.5,14.7,False
2024,2024-03-24 03:51:00,2024-03-24 04:36:49,16,5,1.9,7.39,3.0,2,False,False,False,False,False,False,False,45.81666666666667,3,2024-03-24,2.4881775190978535,3.889473684210526,Bronx,Fordham,Manhattan,Upper East Side,2024-03-24,1.1,11.3,True
2025,2024-03-07 12:48:00,2024-03-07 13:05:30,3,8,8.97,23.35,,1,False,False,False,True,True,False,False,17.5,12,2024-03-07,30.754285714285714,2.6031215161649945,Manhattan,Chelsea,Brooklyn,Bushwick,2024-03-07,0.0,3.3,False
2026,2024-03-07 14:50:00,2024-03-07 15:15:15,2,14,3.67,12.29,1.0,1,False,False,False,False,False,False,False,25.25,14,2024-03-07,8.720792079207921,3.3487738419618527,Manhattan,Harlem,Queens,Jamaica,2024-03-07,0.0,3.3,False
2027,2024-03-13 16:22:00,2024-03-13 16:38:06,14,3,4.25,12.65,1.0,1,False,False,False,False,False,False,False,16.1,16,2024-03-13,15.838509316770184,2.976470588235294,Queens,Jamaica,Manhattan,Chelsea,2024-03-13,0.7,7.3,False
2028,2024-03-21 17:22:00,2024-03-21 17:38:07,4,18,2.4,9.79,1.0,3,False,False,False,False,False,False,False,16.116666666666667,17,2024-03-21,8.934850051706308,4.079166666666667,Manhattan,SoHo,Bronx,Mott Haven,2024-03-21,0.0,8.6,False
2029,2024-03-06 08:10:00,2024-03-06 08:21:40,9,15,1.48,7.67,1.0,2,False,False,False,False,False,False,False,11.666666666666666,8,2024-03-06,7.611428571428571,5.1824324324324325,Brooklyn,DUMBO,Queens,Forest Hills,2024-03-06,0.0,9.2,False
2030,2024-03-28 02:54:00,2024-03-28 03:07:47,19,9,6.08,22.11,4.0,2,False,False,False,False,False,False,False,13.783333333333333,2,2024-03-28,26.466747279322856,3.6365131578947367,Staten Island,St. George,Brooklyn,DUMBO,2024-03-28,1.2,7.8,True
2031,2024-03-05 01:57:00,2024-03-05 03:06:06,20,8,2.42,10.19,1.0,1,False,False,False,False,False,False,False,69.1,1,2024-03-05,2.101302460202605,4.210743801652892,Staten Island,Tottenville,Brooklyn,Bushwick,2024-03-05,2.7,10.6,True
2032,2024-03-16 00:21:00,2024-03-16 00:33:38,16,8,0.85,5.61,1.0,1,False,False,False,False,False,False,False,12.633333333333333,0,2024-03-16,4.036939313984169,6.6000000000000005,Bronx,Fordham,Brooklyn,Bushwick,2024-03-16,0.5,14.7,False
2033,2024-03-30 15:46:00,2024-03-30 16:08:53,10,16,1.36,6.82,1.0,1,False,False,False,False,False,False,False,22.883333333333333,15,2024-03-30,3.5659140568099055,5.014705882352941,Brooklyn,Bed-Stuy,Bronx,Fordham,2024-03-30,1.9,18.9,True
2034,2024-03-20 14:22:00,2024-03-20 14:31:00,11,13,1.63,7.34,2.0,2,False,False,False,False,False,False,False,9.0,14,2024-03-20,10.866666666666667,4.503067484662577,Queens,Astoria,Queens,Long Island City,2024-03-20,1.4,11.9,True
2035,2024-03-08 07:18:00,2024-03-08 07:52:30,2,8,3.51,12.78,1.0,1,False,False,False,False,False,False,False,34.5,7,2024-03-08,6.104347826086957,3.641025641025641,Manhattan,Harlem,Brooklyn,Bushwick,2024-03-08,2.8,5.6,True
2036,2024-03-07 16:42:00,2024-03-07 16:56:22,10,13,0.61,4.88,1.0,2,False,False,False,False,False,False,False,14.366666666666667,16,2024-03-07,2.5475638051044083,8.0,Brooklyn,Bed-Stuy,Queens,Long Island City,2024-03-07,0.0,3.3,False
2037,2024-03-30 15:08:00,2024-03-30 15:25:40,2,18,7.99,22.37,1.0,1,False,False,False,False,False,False,False,17.666666666666668,15,2024-03-30,27.135849056603774,2.799749687108886,Manhattan,Harlem,Bronx,Mott Haven,2024-03-30,1.9,18.9,True
2038,2024-03-12 09:30:00,2024-03-12 09:45:46,17,15,5.05,17.33,1.0,1,False,False,False,False,False,False,False,15.766666666666667,9,2024-03-12,19.217758985200845,3.4316831683168316,Bronx,Riverdale,Queens,Forest Hills,2024-03-12,0.7,10.8,False
2039,2024-03-25 04:15:00,2024-03-25 05:17:45,18,6,4.44,14.67,1.0,2,False,False,False,False,False,False,False,62.75,4,2024-03-25,4.245418326693227,3.304054054054054,Bronx,Mott Haven,Brooklyn,Williamsburg,2024-03-25,0.0,7.3,False
2040,2024-03-04 19:32:00,2024-03-04 19:54:19,12,17,1.93,8.51,1.0,1,False,False,False,False,False,False,False,22.316666666666666,19,2024-03-04,5.1889469753547415,4.409326424870466,Queens,Flushing,Bronx,Riverdale,2024-03-04,3.4,18.0,True
2041,2024-03-07 23:36:00,2024-03-08 00:05:20,13,4,1.74,6.86,1.0,1,False,False,False,False,False,False,False,29.333333333333332,23,2024-03-07,3.559090909090909,3.9425287356321843,Queens,Long Island City,Manhattan,SoHo,2024-03-07,0.0,3.3,False
2042,2024-03-26 20:08:00,2024-03-26 20:19:35,19,6,0.0,7.74,1.0,1,False,True,False,False,True,False,False,11.583333333333334,20,2024-03-26,0.0,,Staten Island,St. George,Brooklyn,Williamsburg,2024-03-26,1.0,4.1,False
2043,2024-03-03 00:56:00,2024-03-03 01:06:52,6,19,5.67,17.97,1.0,1,False,False,False,False,False,False,False,10.866666666666667,0,2024-03-03,31.30674846625767,3.1693121693121693,Brooklyn,Williamsburg,Staten Island,St. George,2024-03-03,1.4,7.4,True
2044,2024-03-23 10:06:00,2024-03-23 10:47:49,14,19,4.76,16.45,2.0,1,False,False,False,False,False,False,False,41.81666666666667,10,2024-03-23,6.829812674372259,3.4558823529411766,Queens,Jamaica,Staten Island,St. George,2024-03-23,1.2,5.9,True
2045,2024-03-04 12:51:00,2024-03-04 13:15:54,11,19,5.91,16.84,2.0,1,False,False,False,False,False,False,False,24.9,12,2024-03-04,14.240963855421688,2.8494077834179357,Queens,Astoria,Staten Island,St. George,2024-03-04,3.4,18.0,True
2046,2024-03-17 00:34:00,2024-03-17 00:52:11,9,14,4.52,16.83,2.0,2,False,False,False,False,False,False,False,18.183333333333334,0,2024-03-17,14.914757103574699,3.7234513274336285,Brooklyn,DUMBO,Queens,Jamaica,2024-03-17,1.8,12.0,True
2047,2024-03-04 07:15:00,2024-03-04 07:38:57,15,12,4.01,13.14,1.0,1,False,False,False,False,False,False,False,23.95,7,2024-03-04,10.045929018789144,3.2768079800498757,Queens,Forest Hills,Queens,Flushing,2024-03-04,3.4,18.0,True
2048,2024-03-25 20:58:00,2024-03-25 21:08:02,8,7,4.7,16.2,2.0,2,False,False,False,False,False,False,False,10.033333333333333,20,2024-03-25,28.106312292358805,3.4468085106382977,Brooklyn,Bushwick,Brooklyn,Park Slope,2024-03-25,0.0,7.3,False
2049,2024-03-12 21:39:00,2024-03-12 21:44:13,17,1,1.31,6.35,1.0,3,False,False,False,False,False,False,False,5.216666666666667,21,2024-03-12,15.067092651757187,4.8473282442748085,Bronx,Riverdale,Manhattan,Midtown,2024-03-12,0.7,10.8,False
2050,2024-03-07 07:36:00,2024-03-07 07:51:11,19,2,1.53,7.28,1.0,1,False,False,False,False,False,False,False,15.183333333333334,7,2024-03-07,6.046103183315039,4.758169934640523,Staten Island,St. George,Manhattan,Harlem,2024-03-07,0.0,3.3,False
2051,2024-03-04 22:34:00,2024-03-04 22:45:05,20,6,5.5,18.21,1.0,1,False,False,False,False,False,False,False,11.083333333333334,22,2024-03-04,29.774436090225564,3.310909090909091,Staten Island,Tottenville,Brooklyn,Williamsburg,2024-03-04,3.4,18.0,True
2052,2024-03-22 21:18:00,2024-03-22 21:27:34,10,20,0.32,3.99,1.0,1,False,False,False,False,False,False,False,9.566666666666666,21,2024-03-22,2.0069686411149825,12.46875,Brooklyn,Bed-Stuy,Staten Island,Tottenville,2024-03-22,0.0,8.6,False
2053,2024-03-31 22:40:00,2024-03-31 23:13:14,5,2,6.3,18.45,4.0,2,False,False,False,False,False,False,False,33.233333333333334,22,2024-03-31,11.374122367101304,2.9285714285714284,Manhattan,Upper East Side,Manhattan,Harlem,2024-03-31,0.3,10.0,False
2054,2024-03-03 09:55:00,2024-03-03 10:08:15,18,4,2.39,8.53,1.0,1,False,False,False,False,False,False,False,13.25,9,2024-03-03,10.822641509433963,3.5690376569037654,Bronx,Mott Haven,Manhattan,SoHo,2024-03-03,1.4,7.4,True
2055,2024-03-31 04:33:00,2024-03-31 04:48:02,10,7,0.43,4.1,1.0,2,False,False,False,False,False,False,False,15.033333333333333,4,2024-03-31,1.7161862527716187,9.534883720930232,Brooklyn,Bed-Stuy,Brooklyn,Park Slope,2024-03-31,0.3,10.0,False
2056,2024-03-22 10:19:00,2024-03-22 10:41:52,14,16,4.47,14.62,1.0,2,False,False,False,False,False,False,False,22.866666666666667,10,2024-03-22,11.728862973760933,3.2706935123042506,Queens,Jamaica,Bronx,Fordham,2024-03-22,0.0,8.6,False
2057,2024-03-04 03:55:00,2024-03-04 03:57:27,8,8,2.5,9.03,4.0,1,False,False,False,False,False,False,False,2.45,3,2024-03-04,61.22448979591836,3.6119999999999997,Brooklyn,Bushwick,Brooklyn,Bushwick,2024-03-04,3.4,18.0,True
2058,2024-03-24 23:15:00,2024-03-24 23:56:38,13,4,7.94,22.25,2.0,1,False,False,False,False,False,False,False,41.63333333333333,23,2024-03-24,11.442754203362691,2.8022670025188914,Queens,Long Island City,Manhattan,SoHo,2024-03-24,1.1,11.3,True
2059,2024-03-10 07:06:00,2024-03-10 07:29:33,18,12,1.66,7.37,1.0,1,False,False,False,False,False,False,False,23.55,7,2024-03-10,4.229299363057325,4.4397590361445785,Bronx,Mott Haven,Queens,Flushing,2024-03-10,0.0,3.9,False
2060,2024-03-19 13:27:00,2024-03-19 13:28:16,5,13,8.37,25.32,2.0,1,False,False,False,False,False,False,False,1.2666666666666666,13,2024-03-19,396.47368421052624,3.025089605734767,Manhattan,Upper East Side,Queens,Long Island City,2024-03-19,1.1,11.7,True
2061,2024-03-13 16:37:00,2024-03-13 16:42:08,13,19,1.39,6.5,1.0,1,False,False,False,False,False,False,False,5.133333333333334,16,2024-03-13,16.246753246753244,4.676258992805756,Queens,Long Island City,Staten Island,St. George,2024-03-13,0.7,7.3,False
2062,2024-03-25 10:55:00,2024-03-25 12:07:03,18,16,1.61,6.93,2.0,1,False,False,False,False,False,False,False,72.05,10,2024-03-25,1.3407356002775852,4.304347826086956,Bronx,Mott Haven,Bronx,Fordham,2024-03-25,0.0,7.3,False
2063,2024-03-28 02:09:00,2024-03-28 02:32:31,5,14,6.48,21.29,1.0,2,False,False,False,False,False,False,False,23.516666666666666,2,2024-03-28,16.532955350815026,3.2854938271604937,Manhattan,Upper East Side,Queens,Jamaica,2024-03-28,1.2,7.8,True
2064,2024-03-01 08:05:00,2024-03-01 08:37:33,5,17,2.03,9.44,1.0,2,False,False,False,False,False,False,False,32.55,8,2024-03-01,3.7419354838709675,4.65024630541872,Manhattan,Upper East Side,Bronx,Riverdale,2024-03-01,0.0,4.2,False
2065,2024-03-06 10:56:00,2024-03-06 11:02:48,7,10,4.11,14.43,2.0,2,False,False,False,False,False,False,False,6.8,10,2024-03-06,36.26470588235295,3.5109489051094886,Brooklyn,Park Slope,Brooklyn,Bed-Stuy,2024-03-06,0.0,9.2,False
2066,2024-03-20 16:39:00,2024-03-20 16:49:18,12,16,6.18,18.69,2.0,3,False,False,False,False,False,False,False,10.3,16,2024-03-20,35.99999999999999,3.0242718446601944,Queens,Flushing,Bronx,Fordham,2024-03-20,1.4,11.9,True
2067,2024-03-07 12:27:00,2024-03-07 12:41:18,20,10,1.88,7.98,3.0,3,False,False,False,False,False,False,False,14.3,12,2024-03-07,7.8881118881118875,4.24468085106383,Staten Island,Tottenville,Brooklyn,Bed-Stuy,2024-03-07,0.0,3.3,False
2068,2024-03-10 13:52:00,2024-03-10 14:11:08,9,5,1.74,7.15,1.0,1,False,False,False,False,False,False,False,19.133333333333333,13,2024-03-10,5.456445993031359,4.109195402298851,Brooklyn,DUMBO,Manhattan,Upper East Side,2024-03-10,0.0,3.9,False
2069,2024-03-26 02:35:00,2024-03-26 03:07:34,11,19,7.65,26.79,4.0,1,False,False,False,False,False,False,False,32.56666666666667,2,2024-03-26,14.094165813715456,3.501960784313725,Queens,Astoria,Staten Island,St. George,2024-03-26,1.0,4.1,False
2070,2024-03-22 02:53:00,2024-03-22 03:12:40,4,18,1.75,8.56,4.0,1,False,False,False,False,False,False,False,19.666666666666668,2,2024-03-22,5.338983050847458,4.8914285714285715,Manhattan,SoHo,Bronx,Mott Haven,2024-03-22,0.0,8.6,False
2071,2024-03-02 08:26:00,2024-03-02 08:28:39,12,18,8.1,26.21,1.0,2,False,False,False,False,False,False,False,2.65,8,2024-03-02,183.39622641509433,3.2358024691358027,Queens,Flushing,Bronx,Mott Haven,2024-03-02,0.7,3.3,False
2072,2024-03-16 14:34:00,2024-03-16 14:52:04,19,11,0.39,4.09,2.0,2,False,False,False,False,False,False,False,18.066666666666666,14,2024-03-16,1.2952029520295203,10.487179487179487,Staten Island,St. George,Queens,Astoria,2024-03-16,0.5,14.7,False
2073,2024-03-20 14:53:00,2024-03-20 15:00:28,12,20,13.35,37.85,2.0,1,False,False,False,False,False,False,False,7.466666666666667,14,2024-03-20,107.27678571428571,2.8352059925093633,Queens,Flushing,Staten Island,Tottenville,2024-03-20,1.4,11.9,True
2074,2024-03-08 06:32:00,2024-03-08 06:38:59,12,9,6.76,19.86,3.0,1,False,False,False,False,False,False,False,6.983333333333333,6,2024-03-08,58.08114558472553,2.937869822485207,Queens,Flushing,Brooklyn,DUMBO,2024-03-08,2.8,5.6,True
2075,2024-03-01 05:39:00,2024-03-01 05:47:35,9,4,2.86,10.78,1.0,1,False,False,False,False,False,False,False,8.583333333333334,5,2024-03-01,19.992233009708734,3.769230769230769,Brooklyn,DUMBO,Manhattan,SoHo,2024-03-01,0.0,4.2,False
2076,2024-03-24 13:41:00,2024-03-24 14:28:38,10,17,2.62,9.65,1.0,1,False,False,False,False,False,False,False,47.63333333333333,13,2024-03-24,3.3002099370188946,3.683206106870229,Brooklyn,Bed-Stuy,Bronx,Riverdale,2024-03-24,1.1,11.3,True
2077,2024-03-08 19:54:00,2024-03-08 20:29:11,16,4,1.64,7.27,1.0,2,False,False,False,False,False,False,False,35.18333333333333,19,2024-03-08,2.7967787778304123,4.432926829268292,Bronx,Fordham,Manhattan,SoHo,2024-03-08,2.8,5.6,True
2078,2024-03-04 21:04:00,2024-03-04 21:22:08,6,14,3.16,10.44,1.0,2,False,False,False,False,False,False,False,18.133333333333333,21,2024-03-04,10.455882352941178,3.3037974683544302,Brooklyn,Williamsburg,Queens,Jamaica,2024-03-04,3.4,18.0,True
2079,2024-03-31 09:41:00,2024-03-31 10:03:19,5,18,3.21,10.45,1.0,1,False,False,False,False,False,False,False,22.316666666666666,9,2024-03-31,8.630321135175503,3.2554517133956384,Manhattan,Upper East Side,Bronx,Mott Haven,2024-03-31,0.3,10.0,False
2080,2024-03-03 00:24:00,2024-03-03 00:49:42,5,5,2.27,8.78,2.0,1,False,False,False,False,False,False,False,25.7,0,2024-03-03,5.299610894941634,3.86784140969163,Manhattan,Upper East Side,Manhattan,Upper East Side,2024-03-03,1.4,7.4,True
2081,2024-03-15 12:56:00,2024-03-15 13:04:12,20,13,2.1,8.36,2.0,1,False,False,False,False,False,False,False,8.2,12,2024-03-15,15.365853658536587,3.9809523809523806,Staten Island,Tottenville,Queens,Long Island City,2024-03-15,2.5,10.9,True
2082,2024-03-04 12:14:00,2024-03-04 12:20:08,19,14,2.32,8.28,1.0,1,False,False,False,False,False,False,False,6.133333333333334,12,2024-03-04,22.69565217391304,3.5689655172413794,Staten Island,St. George,Queens,Jamaica,2024-03-04,3.4,18.0,True
2083,2024-03-26 08:45:00,2024-03-26 08:52:06,18,17,4.46,12.9,1.0,2,False,False,False,False,False,False,False,7.1,8,2024-03-26,37.690140845070424,2.89237668161435,Bronx,Mott Haven,Bronx,Riverdale,2024-03-26,1.0,4.1,False
2084,2024-03-26 13:42:00,2024-03-26 14:06:18,1,4,0.63,4.99,2.0,1,False,False,False,False,False,False,False,24.3,13,2024-03-26,1.5555555555555554,7.920634920634921,Manhattan,Midtown,Manhattan,SoHo,2024-03-26,1.0,4.1,False
2085,2024-03-03 05:03:00,2024-03-03 05:20:25,17,10,0.0,4.27,1.0,1,False,True,False,False,True,False,False,17.416666666666668,5,2024-03-03,0.0,,Bronx,Riverdale,Brooklyn,Bed-Stuy,2024-03-03,1.4,7.4,True
2086,2024-03-27 15:29:00,2024-03-27 15:53:47,1,18,3.37,12.38,2.0,1,False,False,False,False,False,False,False,24.783333333333335,15,2024-03-27,8.158708809683928,3.6735905044510386,Manhattan,Midtown,Bronx,Mott Haven,2024-03-27,2.1,4.2,True
2087,2024-03-29 13:59:00,2024-03-29 14:15:22,3,7,4.68,15.96,3.0,1,False,False,False,False,False,False,False,16.366666666666667,13,2024-03-29,17.15682281059063,3.4102564102564106,Manhattan,Chelsea,Brooklyn,Park Slope,2024-03-29,1.1,4.2,True
2088,2024-03-06 14:25:00,2024-03-06 14:43:09,6,9,1.07,6.37,1.0,1,False,False,False,False,False,False,False,18.15,14,2024-03-06,3.5371900826446283,5.953271028037383,Brooklyn,Williamsburg,Brooklyn,DUMBO,2024-03-06,0.0,9.2,False
2089,2024-03-06 13:32:00,2024-03-06 13:50:30,4,10,1.18,5.72,1.0,1,False,False,False,False,False,False,False,18.5,13,2024-03-06,3.8270270270270266,4.8474576271186445,Manhattan,SoHo,Brooklyn,Bed-Stuy,2024-03-06,0.0,9.2,False
2090,2024-03-25 07:31:00,2024-03-25 07:46:26,13,7,0.99,5.71,1.0,1,False,False,False,False,False,False,False,15.433333333333334,7,2024-03-25,3.848812095032397,5.767676767676767,Queens,Long Island City,Brooklyn,Park Slope,2024-03-25,0.0,7.3,False
2091,2024-03-11 19:06:00,2024-03-11 20:02:24,14,5,3.62,11.11,1.0,1,False,False,False,False,False,False,False,56.4,19,2024-03-11,3.8510638297872344,3.0690607734806625,Queens,Jamaica,Manhattan,Upper East Side,2024-03-11,1.8,11.3,True
2092,2024-03-01 20:23:00,2024-03-01 20:29:23,9,1,1.65,8.1,0.0,2,False,False,False,True,True,False,False,6.383333333333334,20,2024-03-01,15.509138381201042,4.909090909090909,Brooklyn,DUMBO,Manhattan,Midtown,2024-03-01,0.0,4.2,False
2093,2024-03-10 04:23:00,2024-03-10 04:27:08,20,10,0.9,5.23,1.0,2,False,False,False,False,False,False,False,4.133333333333334,4,2024-03-10,13.064516129032256,5.811111111111112,Staten Island,Tottenville,Brooklyn,Bed-Stuy,2024-03-10,0.0,3.9,False
2094,2024-03-21 17:05:00,2024-03-21 17:26:10,20,16,5.64,15.98,1.0,1,False,False,False,False,False,False,False,21.166666666666668,17,2024-03-21,15.987401574803147,2.8333333333333335,Staten Island,Tottenville,Bronx,Fordham,2024-03-21,0.0,8.6,False
2095,2024-03-21 20:43:00,2024-03-21 21:29:48,14,5,1.94,7.37,1.0,1,False,False,False,False,False,False,False,46.8,20,2024-03-21,2.4871794871794872,3.7989690721649487,Queens,Jamaica,Manhattan,Upper East Side,2024-03-21,0.0,8.6,False
2096,2024-03-28 22:52:00,2024-03-28 23:07:03,5,16,1.93,8.98,1.0,1,False,False,False,False,False,False,False,15.05,22,2024-03-28,7.694352159468438,4.652849740932643,Manhattan,Upper East Side,Bronx,Fordham,2024-03-28,1.2,7.8,True
2097,2024-03-02 14:39:00,2024-03-02 14:52:44,16,6,9.39,29.97,1.0,1,False,False,False,False,False,False,False,13.733333333333333,14,2024-03-02,41.0242718446602,3.191693290734824,Bronx,Fordham,Brooklyn,Williamsburg,2024-03-02,0.7,3.3,False
2098,2024-03-22 05:05:00,2024-03-22 05:17:25,11,6,3.1,10.9,2.0,1,False,False,False,False,False,False,False,12.416666666666666,5,2024-03-22,14.979865771812081,3.5161290322580645,Queens,Astoria,Brooklyn,Williamsburg,2024-03-22,0.0,8.6,False
2099,2024-03-02 18:53:00,2024-03-02 19:13:25,10,15,1.33,6.56,1.0,1,False,False,False,False,False,False,False,20.416666666666668,18,2024-03-02,3.908571428571429,4.932330827067669,Brooklyn,Bed-Stuy,Queens,Forest Hills,2024-03-02,0.7,3.3,False
2100,2024-03-07 07:49:00,2024-03-07 08:52:11,19,17,3.16,10.85,1.0,1,False,False,False,False,False,False,False,63.18333333333333,7,2024-03-07,3.0007913479293067,3.433544303797468,Staten Island,St. George,Bronx,Riverdale,2024-03-07,0.0,3.3,False
2101,2024-03-08 00:07:00,2024-03-08 00:17:31,18,12,0.75,5.23,1.0,2,False,False,False,False,False,False,False,10.516666666666667,0,2024-03-08,4.27892234548336,6.973333333333334,Bronx,Mott Haven,Queens,Flushing,2024-03-08,2.8,5.6,True
2102,2024-03-14 14:29:00,2024-03-14 14:55:01,4,15,3.2,10.5,2.0,1,False,False,False,False,False,False,False,26.016666666666666,14,2024-03-14,7.37988468930173,3.28125,Manhattan,SoHo,Queens,Forest Hills,2024-03-14,1.5,5.8,True
2103,2024-03-04 05:39:00,2024-03-04 05:51:45,18,12,4.44,16.67,1.0,1,False,False,False,False,False,False,False,12.75,5,2024-03-04,20.894117647058827,3.7545045045045047,Bronx,Mott Haven,Queens,Flushing,2024-03-04,3.4,18.0,True
2104,2024-03-09 00:13:00,2024-03-09 00:27:17,5,18,1.14,6.41,1.0,1,False,False,False,False,False,False,False,14.283333333333333,0,2024-03-09,4.78879813302217,5.6228070175438605,Manhattan,Upper East Side,Bronx,Mott Haven,2024-03-09,4.2,4.7,True
2105,2024-03-29 22:44:00,2024-03-29 22:51:47,14,1,6.53,20.14,1.0,2,False,False,False,False,False,False,False,7.783333333333333,22,2024-03-29,50.33832976445397,3.084226646248086,Queens,Jamaica,Manhattan,Midtown,2024-03-29,1.1,4.2,True
2106,2024-03-09 22:17:00,2024-03-09 22:29:03,7,17,4.83,13.96,1.0,1,False,False,False,False,False,False,False,12.05,22,2024-03-09,24.04979253112033,2.8902691511387166,Brooklyn,Park Slope,Bronx,Riverdale,2024-03-09,4.2,4.7,True
2107,2024-03-06 05:34:00,2024-03-06 05:49:14,9,14,0.59,4.62,2.0,2,False,False,False,False,False,False,False,15.233333333333333,5,2024-03-06,2.323851203501094,7.830508474576272,Brooklyn,DUMBO,Queens,Jamaica,2024-03-06,0.0,9.2,False
2108,2024-03-12 10:10:00,2024-03-12 10:23:04,8,17,0.77,4.71,2.0,2,False,False,False,False,False,False,False,13.066666666666666,10,2024-03-12,3.535714285714286,6.116883116883117,Brooklyn,Bushwick,Bronx,Riverdale,2024-03-12,0.7,10.8,False
2109,2024-03-09 20:26:00,2024-03-09 20:39:40,20,2,3.75,13.68,1.0,1,False,False,False,False,False,False,False,13.666666666666666,20,2024-03-09,16.463414634146343,3.648,Staten Island,Tottenville,Manhattan,Harlem,2024-03-09,4.2,4.7,True
2110,2024-03-01 17:36:00,2024-03-01 18:03:12,14,16,0.68,4.97,1.0,1,False,False,False,False,False,False,False,27.2,17,2024-03-01,1.5000000000000002,7.308823529411764,Queens,Jamaica,Bronx,Fordham,2024-03-01,0.0,4.2,False
2111,2024-03-08 22:14:00,2024-03-08 22:30:46,6,5,2.71,10.01,1.0,1,False,False,False,False,False,False,False,16.766666666666666,22,2024-03-08,9.697813121272366,3.6937269372693726,Brooklyn,Williamsburg,Manhattan,Upper East Side,2024-03-08,2.8,5.6,True
2112,2024-03-18 13:20:00,2024-03-18 13:38:06,12,7,1.54,6.6,1.0,2,False,False,False,False,False,False,False,18.1,13,2024-03-18,5.104972375690608,4.285714285714286,Queens,Flushing,Brooklyn,Park Slope,2024-03-18,1.5,8.4,True
2113,2024-03-15 22:49:00,2024-03-15 23:15:58,12,19,2.24,8.95,2.0,1,False,False,False,False,False,False,False,26.966666666666665,22,2024-03-15,4.983930778739185,3.9955357142857135,Queens,Flushing,Staten Island,St. George,2024-03-15,2.5,10.9,True
2114,2024-03-21 00:03:00,2024-03-21 00:08:36,9,9,2.2,9.39,1.0,2,False,False,False,False,False,False,False,5.6,0,2024-03-21,23.571428571428577,4.2681818181818185,Brooklyn,DUMBO,Brooklyn,DUMBO,2024-03-21,0.0,8.6,False
2115,2024-03-25 11:08:00,2024-03-25 11:33:56,4,13,6.82,22.42,1.0,1,False,False,False,False,False,False,False,25.933333333333334,11,2024-03-25,15.778920308483292,3.2873900293255134,Manhattan,SoHo,Queens,Long Island City,2024-03-25,0.0,7.3,False
2116,2024-03-30 05:10:00,2024-03-30 05:13:09,4,20,0.91,5.35,2.0,1,False,False,False,False,False,False,False,3.15,5,2024-03-30,17.333333333333336,5.879120879120879,Manhattan,SoHo,Staten Island,Tottenville,2024-03-30,1.9,18.9,True
2117,2024-03-14 18:12:00,2024-03-14 18:22:10,16,14,1.12,5.75,2.0,1,False,False,False,False,False,False,False,10.166666666666666,18,2024-03-14,6.609836065573772,5.133928571428571,Bronx,Fordham,Queens,Jamaica,2024-03-14,1.5,5.8,True
2118,2024-03-07 19:07:00,2024-03-07 19:35:31,16,6,0.64,5.03,1.0,1,False,False,False,False,False,False,False,28.516666666666666,19,2024-03-07,1.3465809468147283,7.859375,Bronx,Fordham,Brooklyn,Williamsburg,2024-03-07,0.0,3.3,False
2119,2024-03-31 17:38:00,2024-03-31 17:49:53,4,5,1.34,6.3,1.0,2,False,False,False,False,False,False,False,11.883333333333333,17,2024-03-31,6.765778401122021,4.701492537313433,Manhattan,SoHo,Manhattan,Upper East Side,2024-03-31,0.3,10.0,False
2120,2024-03-14 02:11:00,2024-03-14 02:18:23,8,9,1.59,7.73,1.0,1,False,False,False,False,False,False,False,7.383333333333334,2,2024-03-14,12.920993227990971,4.861635220125786,Brooklyn,Bushwick,Brooklyn,DUMBO,2024-03-14,1.5,5.8,True
2121,2024-03-24 05:27:00,2024-03-24 05:30:58,9,15,0.86,5.64,1.0,1,False,False,False,False,False,False,False,3.966666666666667,5,2024-03-24,13.008403361344538,6.558139534883721,Brooklyn,DUMBO,Queens,Forest Hills,2024-03-24,1.1,11.3,True
2122,2024-03-05 15:34:00,2024-03-05 16:39:19,16,8,0.99,5.74,2.0,1,False,False,False,False,False,False,False,65.31666666666666,15,2024-03-05,0.9094156672620568,5.7979797979797985,Bronx,Fordham,Brooklyn,Bushwick,2024-03-05,2.7,10.6,True
2123,2024-03-17 12:44:00,2024-03-17 12:51:33,8,11,0.65,4.84,1.0,1,False,False,False,False,False,False,False,7.55,12,2024-03-17,5.165562913907285,7.4461538461538455,Brooklyn,Bushwick,Queens,Astoria,2024-03-17,1.8,12.0,True
2124,2024-03-11 08:52:00,2024-03-11 09:12:08,13,9,1.23,5.83,4.0,1,False,False,False,False,False,False,False,20.133333333333333,8,2024-03-11,3.665562913907285,4.739837398373984,Queens,Long Island City,Brooklyn,DUMBO,2024-03-11,1.8,11.3,True
2125,2024-03-30 05:24:00,2024-03-30 05:40:46,12,16,4.17,12.85,1.0,1,False,False,False,False,False,False,False,16.766666666666666,5,2024-03-30,14.922465208747514,3.081534772182254,Queens,Flushing,Bronx,Fordham,2024-03-30,1.9,18.9,True
2126,2024-03-02 03:08:00,2024-03-02 03:13:51,12,3,4.06,15.64,1.0,1,False,False,False,False,False,False,False,5.85,3,2024-03-02,41.64102564102564,3.8522167487684733,Queens,Flushing,Manhattan,Chelsea,2024-03-02,0.7,3.3,False
2127,2024-03-29 20:19:00,2024-03-29 20:37:47,5,11,0.1,3.28,4.0,1,False,False,False,False,False,False,False,18.783333333333335,20,2024-03-29,0.31943212067435667,32.8,Manhattan,Upper East Side,Queens,Astoria,2024-03-29,1.1,4.2,True
2128,2024-03-09 23:04:00,2024-03-09 23:20:32,9,4,0.84,5.39,1.0,1,False,False,False,False,False,False,False,16.533333333333335,23,2024-03-09,3.048387096774193,6.416666666666667,Brooklyn,DUMBO,Manhattan,SoHo,2024-03-09,4.2,4.7,True
2129,2024-03-28 17:07:00,2024-03-28 17:33:25,18,7,0.63,4.89,2.0,1,False,False,False,False,False,False,False,26.416666666666668,17,2024-03-28,1.4309148264984226,7.761904761904761,Bronx,Mott Haven,Brooklyn,Park Slope,2024-03-28,1.2,7.8,True
2130,2024-03-12 09:31:00,2024-03-12 09:41:28,6,3,5.12,18.03,3.0,1,False,False,False,False,False,False,False,10.466666666666667,9,2024-03-12,29.350318471337577,3.521484375,Brooklyn,Williamsburg,Manhattan,Chelsea,2024-03-12,0.7,10.8,False
2131,2024-03-15 12:50:00,2024-03-15 13:02:24,19,18,0.28,3.83,1.0,1,False,False,False,False,False,False,False,12.4,12,2024-03-15,1.3548387096774195,13.678571428571427,Staten Island,St. George,Bronx,Mott Haven,2024-03-15,2.5,10.9,True
2132,2024-03-03 18:24:00,2024-03-03 18:39:26,7,16,0.71,4.59,1.0,1,False,False,False,False,False,False,False,15.433333333333334,18,2024-03-03,2.7602591792656583,6.464788732394366,Brooklyn,Park Slope,Bronx,Fordham,2024-03-03,1.4,7.4,True
2133,2024-03-09 17:56:00,2024-03-09 18:31:47,1,10,2.09,7.96,1.0,1,False,False,False,False,False,False,False,35.78333333333333,17,2024-03-09,3.504424778761062,3.808612440191388,Manhattan,Midtown,Brooklyn,Bed-Stuy,2024-03-09,4.2,4.7,True
2134,2024-03-21 14:12:00,2024-03-21 14:31:08,18,17,1.12,5.7,2.0,2,False,False,False,False,False,False,False,19.133333333333333,14,2024-03-21,3.51219512195122,5.0892857142857135,Bronx,Mott Haven,Bronx,Riverdale,2024-03-21,0.0,8.6,False
2135,2024-03-07 08:01:00,2024-03-07 08:15:40,4,20,2.6,8.85,2.0,1,False,False,False,False,False,False,False,14.666666666666666,8,2024-03-07,10.636363636363637,3.4038461538461537,Manhattan,SoHo,Staten Island,Tottenville,2024-03-07,0.0,3.3,False
2136,2024-03-08 13:12:00,2024-03-08 13:18:02,8,15,0.98,5.16,1.0,1,False,False,False,False,False,False,False,6.033333333333333,13,2024-03-08,9.74585635359116,5.26530612244898,Brooklyn,Bushwick,Queens,Forest Hills,2024-03-08,2.8,5.6,True
2137,2024-03-04 05:08:00,2024-03-04 06:17:56,7,12,0.95,5.91,2.0,1,False,False,False,False,False,False,False,69.93333333333334,5,2024-03-04,0.8150619637750237,6.221052631578948,Brooklyn,Park Slope,Queens,Flushing,2024-03-04,3.4,18.0,True
2138,2024-03-12 02:57:00,2024-03-12 03:07:09,1,8,2.06,7.87,1.0,1,False,False,False,False,False,False,False,10.15,2,2024-03-12,12.177339901477833,3.820388349514563,Manhattan,Midtown,Brooklyn,Bushwick,2024-03-12,0.7,10.8,False
2139,2024-03-03 09:49:00,2024-03-03 09:56:56,4,18,0.7,4.79,1.0,1,False,False,False,False,False,False,False,7.933333333333334,9,2024-03-03,5.294117647058823,6.842857142857143,Manhattan,SoHo,Bronx,Mott Haven,2024-03-03,1.4,7.4,True
2140,2024-03-30 18:15:00,2024-03-30 18:40:33,14,5,1.61,7.5,1.0,1,False,False,False,False,False,False,False,25.55,18,2024-03-30,3.780821917808219,4.658385093167702,Queens,Jamaica,Manhattan,Upper East Side,2024-03-30,1.9,18.9,True
2141,2024-03-15 22:17:00,2024-03-15 22:23:55,16,11,2.4,10.01,1.0,1,False,False,False,False,False,False,False,6.916666666666667,22,2024-03-15,20.819277108433734,4.170833333333333,Bronx,Fordham,Queens,Astoria,2024-03-15,2.5,10.9,True
2142,2024-03-10 11:15:00,2024-03-10 11:47:34,13,11,2.02,8.15,1.0,1,False,False,False,False,False,False,False,32.56666666666667,11,2024-03-10,3.7215967246673487,4.034653465346535,Queens,Long Island City,Queens,Astoria,2024-03-10,0.0,3.9,False
2143,2024-03-16 02:55:00,2024-03-16 03:15:52,9,3,1.72,7.72,1.0,1,False,False,False,False,False,False,False,20.866666666666667,2,2024-03-16,4.945686900958466,4.488372093023256,Brooklyn,DUMBO,Manhattan,Chelsea,2024-03-16,0.5,14.7,False
2144,2024-03-03 09:39:00,2024-03-03 10:40:09,19,13,2.24,8.24,2.0,1,False,False,False,False,False,False,False,61.15,9,2024-03-03,2.197874080130826,3.6785714285714284,Staten Island,St. George,Queens,Long Island City,2024-03-03,1.4,7.4,True
2145,2024-03-14 16:11:00,2024-03-14 16:15:02,5,11,2.65,10.57,1.0,1,False,False,False,False,False,False,False,4.033333333333333,16,2024-03-14,39.421487603305785,3.988679245283019,Manhattan,Upper East Side,Queens,Astoria,2024-03-14,1.5,5.8,True
2146,2024-03-11 15:29:00,2024-03-11 16:04:35,15,17,3.83,12.8,2.0,1,False,False,False,False,False,False,False,35.583333333333336,15,2024-03-11,6.45807962529274,3.3420365535248044,Queens,Forest Hills,Bronx,Riverdale,2024-03-11,1.8,11.3,True
2147,2024-03-18 17:30:00,2024-03-18 17:58:32,3,18,0.43,4.27,2.0,1,False,False,False,False,False,False,False,28.533333333333335,17,2024-03-18,0.9042056074766355,9.930232558139535,Manhattan,Chelsea,Bronx,Mott Haven,2024-03-18,1.5,8.4,True
2148,2024-03-18 17:51:00,2024-03-18 18:12:36,14,5,3.94,12.13,1.0,2,False,False,False,False,False,False,False,21.6,17,2024-03-18,10.944444444444443,3.0786802030456855,Queens,Jamaica,Manhattan,Upper East Side,2024-03-18,1.5,8.4,True
2149,2024-03-17 03:25:00,2024-03-17 04:05:47,9,4,7.13,19.87,2.0,1,False,False,False,False,False,False,False,40.78333333333333,3,2024-03-17,10.489579076420107,2.7868162692847127,Brooklyn,DUMBO,Manhattan,SoHo,2024-03-17,1.8,12.0,True
2150,2024-03-29 11:32:00,2024-03-29 11:37:33,7,13,11.15,31.91,1.0,3,False,False,False,False,False,False,False,5.55,11,2024-03-29,120.54054054054055,2.861883408071749,Brooklyn,Park Slope,Queens,Long Island City,2024-03-29,1.1,4.2,True
2151,2024-03-06 16:39:00,2024-03-06 16:46:56,9,18,1.4,7.02,1.0,1,False,False,False,False,False,False,False,7.933333333333334,16,2024-03-06,10.588235294117647,5.014285714285714,Brooklyn,DUMBO,Bronx,Mott Haven,2024-03-06,0.0,9.2,False
2152,2024-03-26 20:14:00,2024-03-26 20:38:03,14,16,1.56,7.14,3.0,2,False,False,False,False,False,False,False,24.05,20,2024-03-26,3.891891891891892,4.576923076923077,Queens,Jamaica,Bronx,Fordham,2024-03-26,1.0,4.1,False
2153,2024-03-11 20:22:00,2024-03-11 20:33:26,16,5,4.48,15.55,1.0,1,False,False,False,False,False,False,False,11.433333333333334,20,2024-03-11,23.510204081632654,3.470982142857143,Bronx,Fordham,Manhattan,Upper East Side,2024-03-11,1.8,11.3,True
2154,2024-03-19 00:38:00,2024-03-19 00:54:56,9,18,5.44,16.54,1.0,1,False,False,False,False,False,False,False,16.933333333333334,0,2024-03-19,19.275590551181104,3.040441176470588,Brooklyn,DUMBO,Bronx,Mott Haven,2024-03-19,1.1,11.7,True
2155,2024-03-11 07:33:00,2024-03-11 07:43:35,9,1,1.52,6.77,3.0,2,False,False,False,False,False,False,False,10.583333333333334,7,2024-03-11,8.61732283464567,4.453947368421052,Brooklyn,DUMBO,Manhattan,Midtown,2024-03-11,1.8,11.3,True
2156,2024-03-24 12:45:00,2024-03-24 13:03:05,13,2,2.0,8.83,1.0,1,False,False,False,False,False,False,False,18.083333333333332,12,2024-03-24,6.63594470046083,4.415,Queens,Long Island City,Manhattan,Harlem,2024-03-24,1.1,11.3,True
2157,2024-03-18 01:57:00,2024-03-18 02:10:25,3,13,1.3,6.55,3.0,1,False,False,False,False,False,False,False,13.416666666666666,1,2024-03-18,5.813664596273292,5.038461538461538,Manhattan,Chelsea,Queens,Long Island City,2024-03-18,1.5,8.4,True
2158,2024-03-16 16:54:00,2024-03-16 17:12:03,1,19,8.25,25.5,1.0,3,False,False,False,False,False,False,False,18.05,16,2024-03-16,27.42382271468144,3.090909090909091,Manhattan,Midtown,Staten Island,St. George,2024-03-16,0.5,14.7,False
2159,2024-03-04 21:19:00,2024-03-04 21:29:56,6,1,1.38,7.16,2.0,1,False,False,False,False,False,False,False,10.933333333333334,21,2024-03-04,7.573170731707316,5.18840579710145,Brooklyn,Williamsburg,Manhattan,Midtown,2024-03-04,3.4,18.0,True
2160,2024-03-12 01:02:00,2024-03-12 01:40:47,6,20,3.13,11.79,1.0,1,False,False,False,False,False,False,False,38.78333333333333,1,2024-03-12,4.8422862054146965,3.766773162939297,Brooklyn,Williamsburg,Staten Island,Tottenville,2024-03-12,0.7,10.8,False
2161,2024-03-28 16:13:00,2024-03-28 16:31:20,7,11,5.31,17.84,3.0,2,False,False,False,False,False,False,False,18.333333333333332,16,2024-03-28,17.37818181818182,3.3596986817325805,Brooklyn,Park Slope,Queens,Astoria,2024-03-28,1.2,7.8,True
2162,2024-03-16 11:59:00,2024-03-16 12:12:46,14,11,0.72,4.95,1.0,2,False,False,False,False,False,False,False,13.766666666666667,11,2024-03-16,3.138014527845036,6.875000000000001,Queens,Jamaica,Queens,Astoria,2024-03-16,0.5,14.7,False
2163,2024-03-05 23:56:00,2024-03-05 23:59:06,15,20,2.76,9.59,1.0,1,False,False,False,False,False,False,False,3.1,23,2024-03-05,53.41935483870967,3.4746376811594204,Queens,Forest Hills,Staten Island,Tottenville,2024-03-05,2.7,10.6,True
2164,2024-03-16 10:34:00,2024-03-16 10:49:28,17,10,0.6,4.49,2.0,2,False,False,False,False,False,False,False,15.466666666666667,10,2024-03-16,2.3275862068965516,7.483333333333334,Bronx,Riverdale,Brooklyn,Bed-Stuy,2024-03-16,0.5,14.7,False
2165,2024-03-31 17:03:00,2024-03-31 17:13:47,13,2,3.81,14.24,3.0,1,False,False,False,False,False,False,False,10.783333333333333,17,2024-03-31,21.199381761978362,3.7375328083989503,Queens,Long Island City,Manhattan,Harlem,2024-03-31,0.3,10.0,False
2166,2024-03-11 07:32:00,2024-03-11 07:37:19,15,17,1.27,6.38,1.0,2,False,False,False,False,False,False,False,5.316666666666666,7,2024-03-11,14.33228840125392,5.0236220472440944,Queens,Forest Hills,Bronx,Riverdale,2024-03-11,1.8,11.3,True
2167,2024-03-14 09:08:00,2024-03-14 09:18:17,3,15,4.18,15.26,1.0,1,False,False,False,False,False,False,False,10.283333333333333,9,2024-03-14,24.38897893030794,3.6507177033492826,Manhattan,Chelsea,Queens,Forest Hills,2024-03-14,1.5,5.8,True
2168,2024-03-13 14:21:00,2024-03-13 14:48:44,17,17,5.6,16.32,3.0,1,False,False,False,False,False,False,False,27.733333333333334,14,2024-03-13,12.115384615384613,2.9142857142857146,Bronx,Riverdale,Bronx,Riverdale,2024-03-13,0.7,7.3,False
2169,2024-03-07 18:31:00,2024-03-07 18:53:10,10,3,2.04,8.22,1.0,1,False,False,False,False,False,False,False,22.166666666666668,18,2024-03-07,5.521804511278195,4.029411764705882,Brooklyn,Bed-Stuy,Manhattan,Chelsea,2024-03-07,0.0,3.3,False
2170,2024-03-16 14:11:00,2024-03-16 14:28:05,18,11,3.89,12.13,2.0,1,False,False,False,False,False,False,False,17.083333333333332,14,2024-03-16,13.662439024390245,3.1182519280205656,Bronx,Mott Haven,Queens,Astoria,2024-03-16,0.5,14.7,False
2171,2024-03-18 03:53:00,2024-03-18 04:15:45,5,1,0.9,5.76,1.0,1,False,False,False,False,False,False,False,22.75,3,2024-03-18,2.3736263736263736,6.3999999999999995,Manhattan,Upper East Side,Manhattan,Midtown,2024-03-18,1.5,8.4,True
2172,2024-03-27 15:50:00,2024-03-27 16:07:13,4,13,2.73,10.62,2.0,2,False,False,False,False,False,False,False,17.216666666666665,15,2024-03-27,9.514036786060021,3.89010989010989,Manhattan,SoHo,Queens,Long Island City,2024-03-27,2.1,4.2,True
2173,2024-03-12 05:35:00,2024-03-12 05:52:12,18,16,6.43,19.42,1.0,1,False,False,False,False,False,False,False,17.2,5,2024-03-12,22.430232558139533,3.0202177293934684,Bronx,Mott Haven,Bronx,Fordham,2024-03-12,0.7,10.8,False
2174,2024-03-20 18:59:00,2024-03-20 19:10:09,9,16,1.37,7.04,1.0,1,False,False,False,False,False,False,False,11.15,18,2024-03-20,7.37219730941704,5.138686131386861,Brooklyn,DUMBO,Bronx,Fordham,2024-03-20,1.4,11.9,True
2175,2024-03-31 11:46:00,2024-03-31 12:18:56,18,3,0.61,4.78,1.0,2,False,False,False,False,False,False,False,32.93333333333333,11,2024-03-31,1.111336032388664,7.836065573770492,Bronx,Mott Haven,Manhattan,Chelsea,2024-03-31,0.3,10.0,False
2176,2024-03-04 09:42:00,2024-03-04 10:24:45,2,2,1.85,8.9,1.0,2,False,False,False,False,False,False,False,42.75,9,2024-03-04,2.5964912280701755,4.8108108108108105,Manhattan,Harlem,Manhattan,Harlem,2024-03-04,3.4,18.0,True
2177,2024-03-27 02:50:00,2024-03-27 03:05:07,9,10,2.59,9.16,1.0,2,False,False,False,False,False,False,False,15.116666666666667,2,2024-03-27,10.280044101433296,3.5366795366795367,Brooklyn,DUMBO,Brooklyn,Bed-Stuy,2024-03-27,2.1,4.2,True
2178,2024-03-01 02:57:00,2024-03-01 03:22:31,2,10,3.32,13.56,2.0,1,False,False,False,False,False,False,False,25.516666666666666,2,2024-03-01,7.806662312214239,4.0843373493975905,Manhattan,Harlem,Brooklyn,Bed-Stuy,2024-03-01,0.0,4.2,False
2179,2024-03-08 21:13:00,2024-03-08 21:27:33,7,5,6.18,19.05,2.0,2,False,False,False,False,False,False,False,14.55,21,2024-03-08,25.484536082474225,3.0825242718446604,Brooklyn,Park Slope,Manhattan,Upper East Side,2024-03-08,2.8,5.6,True
2180,2024-03-25 10:54:00,2024-03-25 10:59:39,9,20,0.72,4.93,1.0,1,False,False,False,False,False,False,False,5.65,10,2024-03-25,7.646017699115043,6.847222222222222,Brooklyn,DUMBO,Staten Island,Tottenville,2024-03-25,0.0,7.3,False
2181,2024-03-05 22:56:00,2024-03-05 23:16:53,3,6,1.87,8.83,2.0,1,False,False,False,False,False,False,False,20.883333333333333,22,2024-03-05,5.372705506783719,4.721925133689839,Manhattan,Chelsea,Brooklyn,Williamsburg,2024-03-05,2.7,10.6,True
2182,2024-03-21 10:58:00,2024-03-21 11:10:16,6,15,2.4,10.4,1.0,1,False,False,False,False,False,False,False,12.266666666666667,10,2024-03-21,11.739130434782608,4.333333333333334,Brooklyn,Williamsburg,Queens,Forest Hills,2024-03-21,0.0,8.6,False
2183,2024-03-07 10:31:00,2024-03-07 10:46:22,14,7,2.8,10.97,1.0,1,False,False,False,False,False,False,False,15.366666666666667,10,2024-03-07,10.932754880694143,3.917857142857143,Queens,Jamaica,Brooklyn,Park Slope,2024-03-07,0.0,3.3,False
2184,2024-03-13 17:19:00,2024-03-13 17:27:46,11,10,1.05,6.08,1.0,3,False,False,False,False,False,False,False,8.766666666666667,17,2024-03-13,7.186311787072243,5.79047619047619,Queens,Astoria,Brooklyn,Bed-Stuy,2024-03-13,0.7,7.3,False
2185,2024-03-07 18:56:00,2024-03-07 19:12:59,15,16,3.61,12.66,1.0,2,False,False,False,False,False,False,False,16.983333333333334,18,2024-03-07,12.75368007850834,3.506925207756233,Queens,Forest Hills,Bronx,Fordham,2024-03-07,0.0,3.3,False
2186,2024-03-31 00:32:00,2024-03-31 01:12:33,1,9,2.3,9.94,1.0,1,False,False,False,False,False,False,False,40.55,0,2024-03-31,3.4032059186189887,4.321739130434783,Manhattan,Midtown,Brooklyn,DUMBO,2024-03-31,0.3,10.0,False
2187,2024-03-27 13:20:00,2024-03-27 13:24:17,15,7,5.27,16.09,1.0,3,False,False,False,False,False,False,False,4.283333333333333,13,2024-03-27,73.82101167315174,3.0531309297912714,Queens,Forest Hills,Brooklyn,Park Slope,2024-03-27,2.1,4.2,True
2188,2024-03-25 17:07:00,2024-03-25 17:44:15,10,4,1.55,6.97,1.0,2,False,False,False,False,False,False,False,37.25,17,2024-03-25,2.4966442953020134,4.4967741935483865,Brooklyn,Bed-Stuy,Manhattan,SoHo,2024-03-25,0.0,7.3,False
2189,2024-03-04 16:31:00,2024-03-04 16:42:49,14,9,4.15,15.36,1.0,1,False,False,False,False,False,False,False,11.816666666666666,16,2024-03-04,21.071932299012694,3.701204819277108,Queens,Jamaica,Brooklyn,DUMBO,2024-03-04,3.4,18.0,True
2190,2024-03-09 11:41:00,2024-03-09 12:03:43,8,5,1.31,6.81,1.0,1,False,False,False,False,False,False,False,22.716666666666665,11,2024-03-09,3.460014673514307,5.198473282442747,Brooklyn,Bushwick,Manhattan,Upper East Side,2024-03-09,4.2,4.7,True
2191,2024-03-02 17:08:00,2024-03-02 18:06:32,13,3,2.86,9.41,2.0,1,False,False,False,False,False,False,False,58.53333333333333,17,2024-03-02,2.931662870159453,3.2902097902097904,Queens,Long Island City,Manhattan,Chelsea,2024-03-02,0.7,3.3,False
2192,2024-03-04 07:17:00,2024-03-04 07:39:10,5,15,7.86,23.44,1.0,1,False,False,False,False,False,False,False,22.166666666666668,7,2024-03-04,21.27518796992481,2.9821882951653946,Manhattan,Upper East Side,Queens,Forest Hills,2024-03-04,3.4,18.0,True
2193,2024-03-15 22:43:00,2024-03-15 22:58:30,9,19,2.36,9.32,4.0,1,False,False,False,False,False,False,False,15.5,22,2024-03-15,9.135483870967741,3.9491525423728815,Brooklyn,DUMBO,Staten Island,St. George,2024-03-15,2.5,10.9,True
2194,2024-03-06 01:09:00,2024-03-06 01:29:55,1,5,3.98,15.54,1.0,1,False,False,False,False,False,False,False,20.916666666666668,1,2024-03-06,11.416733067729082,3.9045226130653266,Manhattan,Midtown,Manhattan,Upper East Side,2024-03-06,0.0,9.2,False
2195,2024-03-08 20:59:00,2024-03-08 21:09:02,12,13,6.69,24.32,2.0,1,False,False,False,False,False,False,False,10.033333333333333,20,2024-03-08,40.00664451827243,3.6352765321375187,Queens,Flushing,Queens,Long Island City,2024-03-08,2.8,5.6,True
2196,2024-03-13 03:52:00,2024-03-13 03:56:11,3,17,2.87,11.96,4.0,2,False,False,False,False,False,False,False,4.183333333333334,3,2024-03-13,41.16334661354581,4.167247386759582,Manhattan,Chelsea,Bronx,Riverdale,2024-03-13,0.7,7.3,False
2197,2024-03-21 02:32:00,2024-03-21 02:47:43,4,19,4.92,17.8,1.0,1,False,False,False,False,False,False,False,15.716666666666667,2,2024-03-21,18.782608695652176,3.617886178861789,Manhattan,SoHo,Staten Island,St. George,2024-03-21,0.0,8.6,False
2198,2024-03-13 07:11:00,2024-03-13 07:27:02,5,2,5.02,17.58,1.0,1,False,False,False,False,False,False,False,16.033333333333335,7,2024-03-13,18.785862785862783,3.50199203187251,Manhattan,Upper East Side,Manhattan,Harlem,2024-03-13,0.7,7.3,False
2199,2024-03-11 17:28:00,2024-03-11 17:35:11,5,20,1.85,7.49,1.0,1,False,False,False,False,False,False,False,7.183333333333334,17,2024-03-11,15.452436194895592,4.048648648648649,Manhattan,Upper East Side,Staten Island,Tottenville,2024-03-11,1.8,11.3,True
2200,2024-03-16 07:57:00,2024-03-16 08:09:57,10,13,8.23,26.54,2.0,1,False,False,False,False,False,False,False,12.95,7,2024-03-16,38.13127413127413,3.2247873633049817,Brooklyn,Bed-Stuy,Queens,Long Island City,2024-03-16,0.5,14.7,False
2201,2024-03-15 18:38:00,2024-03-15 18:47:31,19,7,0.57,-5.0,1.0,3,False,False,True,False,True,False,False,9.516666666666667,18,2024-03-15,3.5936952714535897,-8.771929824561404,Staten Island,St. George,Brooklyn,Park Slope,2024-03-15,2.5,10.9,True
2202,2024-03-03 22:09:00,2024-03-03 22:11:39,13,5,0.66,5.0,1.0,2,False,False,False,False,False,False,False,2.65,22,2024-03-03,14.943396226415095,7.575757575757575,Queens,Long Island City,Manhattan,Upper East Side,2024-03-03,1.4,7.4,True
2203,2024-03-11 13:32:00,2024-03-11 13:38:23,8,16,1.22,5.83,1.0,2,False,False,False,False,False,False,False,6.383333333333334,13,2024-03-11,11.467362924281984,4.778688524590164,Brooklyn,Bushwick,Bronx,Fordham,2024-03-11,1.8,11.3,True
2204,2024-03-30 12:15:00,2024-03-30 12:31:22,7,6,8.31,26.34,1.0,2,False,False,False,False,False,False,False,16.366666666666667,12,2024-03-30,30.464358452138494,3.1696750902527073,Brooklyn,Park Slope,Brooklyn,Williamsburg,2024-03-30,1.9,18.9,True
2205,2024-03-08 14:09:00,2024-03-08 14:14:57,6,12,2.72,10.6,1.0,1,False,False,False,False,False,False,False,5.95,14,2024-03-08,27.42857142857143,3.8970588235294112,Brooklyn,Williamsburg,Queens,Flushing,2024-03-08,2.8,5.6,True
2206,2024-03-27 18:34:00,2024-03-27 18:51:58,12,15,1.68,6.94,1.0,2,False,False,False,False,False,False,False,17.966666666666665,18,2024-03-27,5.610389610389611,4.130952380952381,Queens,Flushing,Queens,Forest Hills,2024-03-27,2.1,4.2,True
2207,2024-03-10 04:27:00,2024-03-10 04:36:16,3,16,2.74,10.2,1.0,1,False,False,False,False,False,False,False,9.266666666666667,4,2024-03-10,17.741007194244602,3.722627737226277,Manhattan,Chelsea,Bronx,Fordham,2024-03-10,0.0,3.9,False
2208,2024-03-29 10:00:00,2024-03-29 10:34:57,9,4,1.49,7.7,1.0,1,False,False,False,False,False,False,False,34.95,10,2024-03-29,2.55793991416309,5.167785234899329,Brooklyn,DUMBO,Manhattan,SoHo,2024-03-29,1.1,4.2,True
2209,2024-03-20 21:13:00,2024-03-20 21:24:38,4,17,0.57,4.36,1.0,2,False,False,False,False,False,False,False,11.633333333333333,21,2024-03-20,2.9398280802292263,7.649122807017545,Manhattan,SoHo,Bronx,Riverdale,2024-03-20,1.4,11.9,True
2210,2024-03-18 11:56:00,2024-03-18 11:57:30,7,5,0.95,5.22,2.0,2,False,False,False,False,False,False,False,1.5,11,2024-03-18,37.99999999999999,5.494736842105263,Brooklyn,Park Slope,Manhattan,Upper East Side,2024-03-18,1.5,8.4,True
2211,2024-03-16 16:06:00,2024-03-16 16:19:02,14,3,6.64,19.55,1.0,3,False,False,False,False,False,False,False,13.033333333333333,16,2024-03-16,30.56777493606138,2.9442771084337354,Queens,Jamaica,Manhattan,Chelsea,2024-03-16,0.5,14.7,False
2212,2024-03-20 10:03:00,2024-03-20 10:26:15,9,5,3.44,13.2,1.0,1,False,False,False,False,False,False,False,23.25,10,2024-03-20,8.87741935483871,3.837209302325581,Brooklyn,DUMBO,Manhattan,Upper East Side,2024-03-20,1.4,11.9,True
2213,2024-03-01 00:28:00,2024-03-01 00:31:35,16,4,7.37,21.24,1.0,1,False,False,False,False,False,False,False,3.5833333333333335,0,2024-03-01,123.4046511627907,2.8819538670284937,Bronx,Fordham,Manhattan,SoHo,2024-03-01,0.0,4.2,False
2214,2024-03-07 21:33:00,2024-03-07 22:29:05,8,6,4.98,18.21,1.0,1,False,False,False,False,False,False,False,56.083333333333336,21,2024-03-07,5.327786032689451,3.656626506024096,Brooklyn,Bushwick,Brooklyn,Williamsburg,2024-03-07,0.0,3.3,False
2215,2024-03-28 02:17:00,2024-03-28 02:35:10,2,7,4.06,12.24,1.0,2,False,False,False,False,False,False,False,18.166666666666668,2,2024-03-28,13.409174311926602,3.014778325123153,Manhattan,Harlem,Brooklyn,Park Slope,2024-03-28,1.2,7.8,True
2216,2024-03-14 19:24:00,2024-03-14 19:38:25,13,19,3.86,14.13,1.0,3,False,False,False,False,False,False,False,14.416666666666666,19,2024-03-14,16.064739884393063,3.660621761658031,Queens,Long Island City,Staten Island,St. George,2024-03-14,1.5,5.8,True
2217,2024-03-29 15:57:00,2024-03-29 16:02:07,7,14,8.72,29.54,3.0,1,False,False,False,False,False,False,False,5.116666666666666,15,2024-03-29,102.2540716612378,3.3876146788990824,Brooklyn,Park Slope,Queens,Jamaica,2024-03-29,1.1,4.2,True
2218,2024-03-15 07:00:00,2024-03-15 07:04:49,20,3,0.3,3.77,1.0,2,False,False,False,False,False,False,False,4.816666666666666,7,2024-03-15,3.7370242214532876,12.566666666666666,Staten Island,Tottenville,Manhattan,Chelsea,2024-03-15,2.5,10.9,True
2219,2024-03-07 16:57:00,2024-03-07 17:01:59,20,2,9.57,32.66,1.0,2,False,False,False,False,False,False,False,4.983333333333333,16,2024-03-07,115.22408026755852,3.4127481713688606,Staten Island,Tottenville,Manhattan,Harlem,2024-03-07,0.0,3.3,False
2220,2024-03-27 21:15:00,2024-03-27 21:40:02,5,20,3.23,13.28,2.0,1,False,False,False,False,False,False,False,25.033333333333335,21,2024-03-27,7.741677762982689,4.111455108359133,Manhattan,Upper East Side,Staten Island,Tottenville,2024-03-27,2.1,4.2,True
2221,2024-03-14 10:28:00,2024-03-14 11:05:20,7,6,3.34,11.26,2.0,2,False,False,False,False,False,False,False,37.333333333333336,10,2024-03-14,5.367857142857143,3.37125748502994,Brooklyn,Park Slope,Brooklyn,Williamsburg,2024-03-14,1.5,5.8,True
2222,2024-03-04 20:18:00,2024-03-04 20:33:32,16,5,1.18,6.73,1.0,1,False,False,False,False,False,False,False,15.533333333333333,20,2024-03-04,4.55793991416309,5.703389830508475,Bronx,Fordham,Manhattan,Upper East Side,2024-03-04,3.4,18.0,True
2223,2024-03-14 08:48:00,2024-03-14 09:04:24,2,19,3.2,11.28,1.0,2,False,False,False,False,False,False,False,16.4,8,2024-03-14,11.707317073170733,3.5249999999999995,Manhattan,Harlem,Staten Island,St. George,2024-03-14,1.5,5.8,True
2224,2024-03-02 14:12:00,2024-03-02 14:20:19,4,9,3.69,14.39,0.0,1,False,False,False,True,True,False,False,8.316666666666666,14,2024-03-02,26.62124248496994,3.899728997289973,Manhattan,SoHo,Brooklyn,DUMBO,2024-03-02,0.7,3.3,False
2225,2024-03-27 13:47:00,2024-03-27 14:03:58,13,6,4.66,17.53,1.0,1,False,False,False,False,False,False,False,16.966666666666665,13,2024-03-27,16.479371316306487,3.7618025751072963,Queens,Long Island City,Brooklyn,Williamsburg,2024-03-27,2.1,4.2,True
2226,2024-03-15 12:00:00,2024-03-15 12:06:44,20,16,2.05,8.45,2.0,1,False,False,False,False,False,False,False,6.733333333333333,12,2024-03-15,18.267326732673265,4.121951219512195,Staten Island,Tottenville,Bronx,Fordham,2024-03-15,2.5,10.9,True
2227,2024-03-19 09:47:00,2024-03-19 09:58:34,14,15,3.54,11.94,1.0,2,False,False,False,False,False,False,False,11.566666666666666,9,2024-03-19,18.363112391930837,3.3728813559322033,Queens,Jamaica,Queens,Forest Hills,2024-03-19,1.1,11.7,True
2228,2024-03-05 12:24:00,2024-03-05 12:30:42,1,16,2.32,8.86,2.0,1,False,False,False,False,False,False,False,6.7,12,2024-03-05,20.776119402985074,3.8189655172413794,Manhattan,Midtown,Bronx,Fordham,2024-03-05,2.7,10.6,True
2229,2024-03-07 08:41:00,2024-03-07 08:50:22,4,20,0.58,4.76,2.0,1,False,False,False,False,False,False,False,9.366666666666667,8,2024-03-07,3.7153024911032024,8.206896551724139,Manhattan,SoHo,Staten Island,Tottenville,2024-03-07,0.0,3.3,False
2230,2024-03-29 03:10:00,2024-03-29 03:20:39,13,10,3.15,11.58,1.0,1,False,False,False,False,False,False,False,10.65,3,2024-03-29,17.746478873239433,3.6761904761904765,Queens,Long Island City,Brooklyn,Bed-Stuy,2024-03-29,1.1,4.2,True
2231,2024-03-08 23:07:00,2024-03-08 23:33:42,17,2,2.47,8.76,2.0,2,False,False,False,False,False,False,False,26.7,23,2024-03-08,5.55056179775281,3.546558704453441,Bronx,Riverdale,Manhattan,Harlem,2024-03-08,2.8,5.6,True
2232,2024-03-08 17:10:00,2024-03-08 17:23:30,14,9,2.85,10.69,1.0,1,False,False,False,False,False,False,False,13.5,17,2024-03-08,12.666666666666666,3.750877192982456,Queens,Jamaica,Brooklyn,DUMBO,2024-03-08,2.8,5.6,True
2233,2024-03-11 13:25:00,2024-03-11 13:29:13,3,8,1.04,5.96,3.0,1,False,False,False,False,False,False,False,4.216666666666667,13,2024-03-11,14.798418972332014,5.730769230769231,Manhattan,Chelsea,Brooklyn,Bushwick,2024-03-11,1.8,11.3,True
2234,2024-03-13 12:58:00,2024-03-13 13:32:25,4,13,0.43,4.19,1.0,2,False,False,False,False,False,False,False,34.416666666666664,12,2024-03-13,0.749636803874092,9.74418604651163,Manhattan,SoHo,Queens,Long Island City,2024-03-13,0.7,7.3,False
2235,2024-03-18 03:00:00,2024-03-18 03:29:41,10,3,0.16,3.36,1.0,3,False,False,False,False,False,False,False,29.683333333333334,3,2024-03-18,0.32341381246490736,21.0,Brooklyn,Bed-Stuy,Manhattan,Chelsea,2024-03-18,1.5,8.4,True
2236,2024-03-22 02:48:00,2024-03-22 04:15:24,15,3,0.56,4.36,1.0,1,False,False,False,False,False,False,False,87.4,2,2024-03-22,0.38443935926773454,7.785714285714286,Queens,Forest Hills,Manhattan,Chelsea,2024-03-22,0.0,8.6,False
2237,2024-03-23 12:00:00,2024-03-23 12:14:47,1,20,0.68,4.61,3.0,2,False,False,False,False,False,False,False,14.783333333333333,12,2024-03-23,2.759864712514093,6.779411764705882,Manhattan,Midtown,Staten Island,Tottenville,2024-03-23,1.2,5.9,True
2238,2024-03-11 07:42:00,2024-03-11 08:11:16,13,10,1.87,7.59,3.0,2,False,False,False,False,False,False,False,29.266666666666666,7,2024-03-11,3.83371298405467,4.0588235294117645,Queens,Long Island City,Brooklyn,Bed-Stuy,2024-03-11,1.8,11.3,True
2239,2024-03-09 23:24:00,2024-03-09 23:33:21,16,12,1.53,7.36,1.0,1,False,False,False,False,False,False,False,9.35,23,2024-03-09,9.818181818181818,4.810457516339869,Bronx,Fordham,Queens,Flushing,2024-03-09,4.2,4.7,True
2240,2024-03-01 16:46:00,2024-03-01 16:55:44,5,16,3.08,11.54,1.0,1,False,False,False,False,False,False,False,9.733333333333333,16,2024-03-01,18.986301369863014,3.7467532467532463,Manhattan,Upper East Side,Bronx,Fordham,2024-03-01,0.0,4.2,False
2241,2024-03-01 00:51:00,2024-03-01 01:13:14,5,13,3.45,13.14,2.0,1,False,False,False,False,False,False,False,22.233333333333334,0,2024-03-01,9.310344827586206,3.808695652173913,Manhattan,Upper East Side,Queens,Long Island City,2024-03-01,0.0,4.2,False
2242,2024-03-04 04:15:00,2024-03-04 04:31:51,13,18,1.73,8.29,0.0,1,False,False,False,True,True,False,False,16.85,4,2024-03-04,6.160237388724035,4.791907514450867,Queens,Long Island City,Bronx,Mott Haven,2024-03-04,3.4,18.0,True
2243,2024-03-19 21:02:00,2024-03-19 21:13:13,1,17,2.93,9.94,1.0,2,False,False,False,False,False,False,False,11.216666666666667,21,2024-03-19,15.673105497771175,3.3924914675767917,Manhattan,Midtown,Bronx,Riverdale,2024-03-19,1.1,11.7,True
2244,2024-03-27 15:11:00,2024-03-27 15:28:22,13,20,6.82,20.28,3.0,1,False,False,False,False,False,False,False,17.366666666666667,15,2024-03-27,23.562380038387715,2.973607038123167,Queens,Long Island City,Staten Island,Tottenville,2024-03-27,2.1,4.2,True
2245,2024-03-24 07:41:00,2024-03-24 08:21:55,16,17,5.03,18.0,1.0,2,False,False,False,False,False,False,False,40.916666666666664,7,2024-03-24,7.375967413441956,3.5785288270377733,Bronx,Fordham,Bronx,Riverdale,2024-03-24,1.1,11.3,True
2246,2024-03-02 02:19:00,2024-03-02 02:24:10,16,17,3.33,12.16,1.0,1,False,False,False,False,False,False,False,5.166666666666667,2,2024-03-02,38.670967741935485,3.6516516516516515,Bronx,Fordham,Bronx,Riverdale,2024-03-02,0.7,3.3,False
2247,2024-03-12 04:39:00,2024-03-12 05:01:26,9,14,2.23,8.71,2.0,1,False,False,False,False,False,False,False,22.433333333333334,4,2024-03-12,5.964338781575037,3.9058295964125564,Brooklyn,DUMBO,Queens,Jamaica,2024-03-12,0.7,10.8,False
2248,2024-03-02 07:23:00,2024-03-02 07:34:14,20,2,7.96,25.02,2.0,2,False,False,False,False,False,False,False,11.233333333333333,7,2024-03-02,42.51632047477745,3.14321608040201,Staten Island,Tottenville,Manhattan,Harlem,2024-03-02,0.7,3.3,False
2249,2024-03-13 15:37:00,2024-03-13 15:43:47,19,19,0.0,8.03,1.0,2,False,True,False,False,True,False,False,6.783333333333333,15,2024-03-13,0.0,,Staten Island,St. George,Staten Island,St. George,2024-03-13,0.7,7.3,False
2250,2024-03-21 23:45:00,2024-03-21 23:49:05,1,16,0.91,5.58,1.0,1,False,False,False,False,False,False,False,4.083333333333333,23,2024-03-21,13.371428571428574,6.131868131868131,Manhattan,Midtown,Bronx,Fordham,2024-03-21,0.0,8.6,False
2251,2024-03-11 12:36:00,2024-03-11 12:43:44,13,13,4.53,12.99,1.0,1,False,False,False,False,False,False,False,7.733333333333333,12,2024-03-11,35.146551724137936,2.867549668874172,Queens,Long Island City,Queens,Long Island City,2024-03-11,1.8,11.3,True
2252,2024-03-12 21:05:00,2024-03-12 21:25:02,11,20,2.62,10.26,1.0,2,False,False,False,False,False,False,False,20.033333333333335,21,2024-03-12,7.846921797004992,3.916030534351145,Queens,Astoria,Staten Island,Tottenville,2024-03-12,0.7,10.8,False
2253,2024-03-07 00:10:00,2024-03-07 00:21:33,17,18,0.86,5.72,2.0,1,False,False,False,False,False,False,False,11.55,0,2024-03-07,4.467532467532467,6.651162790697674,Bronx,Riverdale,Bronx,Mott Haven,2024-03-07,0.0,3.3,False
2254,2024-03-05 17:43:00,2024-03-05 17:46:59,11,3,0.53,4.31,1.0,1,False,False,False,False,False,False,False,3.9833333333333334,17,2024-03-05,7.983263598326361,8.132075471698112,Queens,Astoria,Manhattan,Chelsea,2024-03-05,2.7,10.6,True
2255,2024-03-17 06:07:00,2024-03-17 06:32:39,10,1,0.65,4.73,1.0,1,False,False,False,False,False,False,False,25.65,6,2024-03-17,1.52046783625731,7.276923076923078,Brooklyn,Bed-Stuy,Manhattan,Midtown,2024-03-17,1.8,12.0,True
2256,2024-03-23 13:46:00,2024-03-23 13:56:50,1,9,1.98,8.32,1.0,1,False,False,False,False,False,False,False,10.833333333333334,13,2024-03-23,10.966153846153846,4.202020202020202,Manhattan,Midtown,Brooklyn,DUMBO,2024-03-23,1.2,5.9,True
2257,2024-03-16 02:28:00,2024-03-16 02:59:48,13,1,2.6,8.88,1.0,2,False,False,False,False,False,False,False,31.8,2,2024-03-16,4.90566037735849,3.4153846153846157,Queens,Long Island City,Manhattan,Midtown,2024-03-16,0.5,14.7,False
2258,2024-03-01 00:46:00,2024-03-01 00:58:41,17,15,4.58,16.47,1.0,1,False,False,False,False,False,False,False,12.683333333333334,0,2024-03-01,21.666228646517737,3.5960698689956327,Bronx,Riverdale,Queens,Forest Hills,2024-03-01,0.0,4.2,False
2259,2024-03-26 15:11:00,2024-03-26 15:25:45,6,11,0.82,4.81,4.0,1,False,False,False,False,False,False,False,14.75,15,2024-03-26,3.335593220338983,5.865853658536585,Brooklyn,Williamsburg,Queens,Astoria,2024-03-26,1.0,4.1,False
2260,2024-03-22 03:01:07,2024-03-22 02:55:00,7,1,2.18,9.27,4.0,1,True,False,False,False,True,False,False,-6.116666666666666,3,2024-03-22,-21.384196185286108,4.252293577981651,Brooklyn,Park Slope,Manhattan,Midtown,2024-03-22,0.0,8.6,False
2261,2024-03-30 23:39:00,2024-03-31 00:02:26,6,3,1.45,6.25,1.0,1,False,False,False,False,False,False,False,23.433333333333334,23,2024-03-30,3.712660028449502,4.310344827586207,Brooklyn,Williamsburg,Manhattan,Chelsea,2024-03-30,1.9,18.9,True
2262,2024-03-17 18:49:00,2024-03-17 19:07:07,1,9,4.4,14.68,1.0,2,False,False,False,False,False,False,False,18.116666666666667,18,2024-03-17,14.572217111315547,3.336363636363636,Manhattan,Midtown,Brooklyn,DUMBO,2024-03-17,1.8,12.0,True
2263,2024-03-08 19:03:00,2024-03-08 19:14:07,10,3,4.53,16.46,1.0,1,False,False,False,False,False,False,False,11.116666666666667,19,2024-03-08,24.449775112443778,3.6335540838852096,Brooklyn,Bed-Stuy,Manhattan,Chelsea,2024-03-08,2.8,5.6,True
2264,2024-03-06 09:26:00,2024-03-06 09:29:36,15,19,3.15,12.98,1.0,1,False,False,False,False,False,False,False,3.6,9,2024-03-06,52.49999999999999,4.120634920634921,Queens,Forest Hills,Staten Island,St. George,2024-03-06,0.0,9.2,False
2265,2024-03-03 19:49:00,2024-03-03 20:02:43,20,9,0.0,9.99,1.0,3,False,True,False,False,True,False,False,13.716666666666667,19,2024-03-03,0.0,,Staten Island,Tottenville,Brooklyn,DUMBO,2024-03-03,1.4,7.4,True
2266,2024-03-20 22:42:00,2024-03-20 23:04:11,7,6,1.96,7.68,1.0,2,False,False,False,False,False,False,False,22.183333333333334,22,2024-03-20,5.301277235161533,3.9183673469387754,Brooklyn,Park Slope,Brooklyn,Williamsburg,2024-03-20,1.4,11.9,True
2267,2024-03-11 12:42:00,2024-03-11 12:45:33,6,14,2.93,12.11,1.0,1,False,False,False,False,False,False,False,3.55,12,2024-03-11,49.521126760563384,4.1331058020477816,Brooklyn,Williamsburg,Queens,Jamaica,2024-03-11,1.8,11.3,True
2268,2024-03-01 03:23:00,2024-03-01 03:41:11,18,7,4.41,16.89,0.0,1,False,False,False,True,True,False,False,18.183333333333334,3,2024-03-01,14.551787351054077,3.8299319727891157,Bronx,Mott Haven,Brooklyn,Park Slope,2024-03-01,0.0,4.2,False
2269,2024-03-03 20:10:00,2024-03-03 20:30:12,18,10,0.0,6.01,4.0,1,False,True,False,False,True,False,False,20.2,20,2024-03-03,0.0,,Bronx,Mott Haven,Brooklyn,Bed-Stuy,2024-03-03,1.4,7.4,True
2270,2024-03-31 23:14:00,2024-03-31 23:41:17,7,2,0.72,4.76,1.0,2,False,False,False,False,False,False,False,27.283333333333335,23,2024-03-31,1.5833842394624311,6.611111111111111,Brooklyn,Park Slope,Manhattan,Harlem,2024-03-31,0.3,10.0,False
2271,2024-03-25 00:44:00,2024-03-25 00:50:25,18,13,1.98,8.47,1.0,1,False,False,False,False,False,False,False,6.416666666666667,0,2024-03-25,18.514285714285712,4.277777777777779,Bronx,Mott Haven,Queens,Long Island City,2024-03-25,0.0,7.3,False
2272,2024-03-21 04:19:00,2024-03-21 04:29:44,9,9,2.05,9.25,2.0,1,False,False,False,False,False,False,False,10.733333333333333,4,2024-03-21,11.459627329192546,4.51219512195122,Brooklyn,DUMBO,Brooklyn,DUMBO,2024-03-21,0.0,8.6,False
2273,2024-03-21 21:18:00,2024-03-21 21:38:33,5,20,6.35,23.06,2.0,1,False,False,False,False,False,False,False,20.55,21,2024-03-21,18.54014598540146,3.631496062992126,Manhattan,Upper East Side,Staten Island,Tottenville,2024-03-21,0.0,8.6,False
2274,2024-03-12 08:15:00,2024-03-12 08:44:49,20,4,2.93,11.65,1.0,1,False,False,False,False,False,False,False,29.816666666666666,8,2024-03-12,5.8960313024035775,3.9761092150170647,Staten Island,Tottenville,Manhattan,SoHo,2024-03-12,0.7,10.8,False
2275,2024-03-21 23:03:00,2024-03-21 23:45:17,3,15,4.83,14.63,3.0,1,False,False,False,False,False,False,False,42.28333333333333,23,2024-03-21,6.85376428852976,3.028985507246377,Manhattan,Chelsea,Queens,Forest Hills,2024-03-21,0.0,8.6,False
2276,2024-03-24 02:18:00,2024-03-24 02:43:43,3,11,1.36,6.37,1.0,1,False,False,False,False,False,False,False,25.716666666666665,2,2024-03-24,3.1730395333765395,4.6838235294117645,Manhattan,Chelsea,Queens,Astoria,2024-03-24,1.1,11.3,True
2277,2024-03-19 10:05:00,2024-03-19 10:35:58,1,10,4.38,14.52,2.0,1,False,False,False,False,False,False,False,30.966666666666665,10,2024-03-19,8.48654467168999,3.315068493150685,Manhattan,Midtown,Brooklyn,Bed-Stuy,2024-03-19,1.1,11.7,True
2278,2024-03-02 08:17:00,2024-03-02 08:42:06,2,4,5.02,18.94,2.0,1,False,False,False,False,False,False,False,25.1,8,2024-03-02,11.999999999999998,3.772908366533865,Manhattan,Harlem,Manhattan,SoHo,2024-03-02,0.7,3.3,False
2279,2024-03-04 15:39:00,2024-03-04 15:47:04,4,19,0.54,4.28,1.0,1,False,False,False,False,False,False,False,8.066666666666666,15,2024-03-04,4.016528925619835,7.925925925925926,Manhattan,SoHo,Staten Island,St. George,2024-03-04,3.4,18.0,True
2280,2024-03-19 03:04:00,2024-03-19 03:19:21,11,10,10.51,33.37,1.0,2,False,False,False,False,False,False,False,15.35,3,2024-03-19,41.081433224755706,3.1750713606089436,Queens,Astoria,Brooklyn,Bed-Stuy,2024-03-19,1.1,11.7,True
2281,2024-03-23 00:00:00,2024-03-23 00:15:51,15,1,4.59,15.49,1.0,2,False,False,False,False,False,False,False,15.85,0,2024-03-23,17.37539432176656,3.374727668845316,Queens,Forest Hills,Manhattan,Midtown,2024-03-23,1.2,5.9,True
2282,2024-03-12 12:46:00,2024-03-12 12:51:47,16,10,1.36,7.34,1.0,1,False,False,False,False,False,False,False,5.783333333333333,12,2024-03-12,14.109510086455334,5.397058823529411,Bronx,Fordham,Brooklyn,Bed-Stuy,2024-03-12,0.7,10.8,False
2283,2024-03-07 21:39:00,2024-03-07 21:43:33,6,3,4.85,14.71,2.0,2,False,False,False,False,False,False,False,4.55,21,2024-03-07,63.95604395604395,3.03298969072165,Brooklyn,Williamsburg,Manhattan,Chelsea,2024-03-07,0.0,3.3,False
2284,2024-03-23 23:54:00,2024-03-24 00:26:17,12,5,1.44,6.76,1.0,1,False,False,False,False,False,False,False,32.28333333333333,23,2024-03-23,2.6763035622096027,4.694444444444445,Queens,Flushing,Manhattan,Upper East Side,2024-03-23,1.2,5.9,True
2285,2024-03-13 07:54:00,2024-03-13 08:22:31,7,18,0.34,4.05,2.0,1,False,False,False,False,False,False,False,28.516666666666666,7,2024-03-13,0.7153711279953244,11.911764705882351,Brooklyn,Park Slope,Bronx,Mott Haven,2024-03-13,0.7,7.3,False
2286,2024-03-07 22:05:00,2024-03-07 22:39:14,5,16,4.12,12.53,1.0,2,False,False,False,False,False,False,False,34.233333333333334,22,2024-03-07,7.221032132424537,3.04126213592233,Manhattan,Upper East Side,Bronx,Fordham,2024-03-07,0.0,3.3,False
2287,2024-03-02 15:53:00,2024-03-02 16:08:38,6,8,4.48,16.05,2.0,1,False,False,False,False,False,False,False,15.633333333333333,15,2024-03-02,17.194029850746272,3.5825892857142856,Brooklyn,Williamsburg,Brooklyn,Bushwick,2024-03-02,0.7,3.3,False
2288,2024-03-19 06:41:00,2024-03-19 06:54:00,7,15,1.58,7.34,3.0,1,False,False,False,False,False,False,False,13.0,6,2024-03-19,7.292307692307692,4.6455696202531644,Brooklyn,Park Slope,Queens,Forest Hills,2024-03-19,1.1,11.7,True
2289,2024-03-27 05:47:00,2024-03-27 05:54:51,10,14,1.42,7.5,1.0,2,False,False,False,False,False,False,False,7.85,5,2024-03-27,10.853503184713375,5.281690140845071,Brooklyn,Bed-Stuy,Queens,Jamaica,2024-03-27,2.1,4.2,True
2290,2024-03-06 18:12:00,2024-03-06 18:27:14,4,13,1.4,6.3,1.0,1,False,False,False,False,False,False,False,15.233333333333333,18,2024-03-06,5.514223194748358,4.5,Manhattan,SoHo,Queens,Long Island City,2024-03-06,0.0,9.2,False
2291,2024-03-31 23:03:00,2024-03-31 23:13:37,5,5,1.5,7.2,1.0,1,False,False,False,False,False,False,False,10.616666666666667,23,2024-03-31,8.47723704866562,4.8,Manhattan,Upper East Side,Manhattan,Upper East Side,2024-03-31,0.3,10.0,False
2292,2024-03-04 15:23:00,2024-03-04 15:41:38,7,10,5.74,20.51,2.0,2,False,False,False,False,False,False,False,18.633333333333333,15,2024-03-04,18.4830053667263,3.573170731707317,Brooklyn,Park Slope,Brooklyn,Bed-Stuy,2024-03-04,3.4,18.0,True
2293,2024-03-29 03:26:00,2024-03-29 03:34:09,10,5,6.55,23.2,2.0,1,False,False,False,False,False,False,False,8.15,3,2024-03-29,48.22085889570552,3.5419847328244276,Brooklyn,Bed-Stuy,Manhattan,Upper East Side,2024-03-29,1.1,4.2,True
2294,2024-03-24 10:50:00,2024-03-24 11:15:39,6,15,4.7,17.25,1.0,2,False,False,False,False,False,False,False,25.65,10,2024-03-24,10.994152046783626,3.6702127659574466,Brooklyn,Williamsburg,Queens,Forest Hills,2024-03-24,1.1,11.3,True
2295,2024-03-18 19:53:00,2024-03-18 19:56:46,6,8,1.09,5.68,1.0,1,False,False,False,False,False,False,False,3.7666666666666666,19,2024-03-18,17.36283185840708,5.211009174311926,Brooklyn,Williamsburg,Brooklyn,Bushwick,2024-03-18,1.5,8.4,True
2296,2024-03-12 08:27:00,2024-03-12 09:00:58,12,6,3.82,14.17,1.0,2,False,False,False,False,False,False,False,33.96666666666667,8,2024-03-12,6.747791952894994,3.7094240837696337,Queens,Flushing,Brooklyn,Williamsburg,2024-03-12,0.7,10.8,False
2297,2024-03-08 13:22:00,2024-03-08 13:39:37,8,8,2.84,11.83,1.0,1,False,False,False,False,False,False,False,17.616666666666667,13,2024-03-08,9.672658467360455,4.165492957746479,Brooklyn,Bushwick,Brooklyn,Bushwick,2024-03-08,2.8,5.6,True
2298,2024-03-09 08:31:00,2024-03-09 09:08:53,11,5,1.12,6.5,1.0,1,False,False,False,False,False,False,False,37.88333333333333,8,2024-03-09,1.7738671359436868,5.803571428571428,Queens,Astoria,Manhattan,Upper East Side,2024-03-09,4.2,4.7,True
2299,2024-03-08 01:00:00,2024-03-08 01:10:53,1,17,5.02,17.49,1.0,3,False,False,False,False,False,False,False,10.883333333333333,1,2024-03-08,27.675344563552834,3.4840637450199203,Manhattan,Midtown,Bronx,Riverdale,2024-03-08,2.8,5.6,True
2300,2024-03-07 00:24:00,2024-03-07 00:39:12,13,14,4.76,15.36,1.0,1,False,False,False,False,False,False,False,15.2,0,2024-03-07,18.789473684210527,3.226890756302521,Queens,Long Island City,Queens,Jamaica,2024-03-07,0.0,3.3,False
2301,2024-03-29 12:38:00,2024-03-29 12:44:58,10,19,1.83,7.93,1.0,2,False,False,False,False,False,False,False,6.966666666666667,12,2024-03-29,15.760765550239235,4.333333333333333,Brooklyn,Bed-Stuy,Staten Island,St. George,2024-03-29,1.1,4.2,True
2302,2024-03-26 12:26:00,2024-03-26 12:36:42,16,18,1.98,8.76,1.0,2,False,False,False,False,False,False,False,10.7,12,2024-03-26,11.102803738317759,4.424242424242424,Bronx,Fordham,Bronx,Mott Haven,2024-03-26,1.0,4.1,False
2303,2024-03-12 12:16:00,2024-03-12 12:20:24,6,11,0.86,5.43,1.0,1,False,False,False,False,False,False,False,4.4,12,2024-03-12,11.727272727272727,6.313953488372093,Brooklyn,Williamsburg,Queens,Astoria,2024-03-12,0.7,10.8,False
2304,2024-03-25 10:33:00,2024-03-25 10:57:36,12,12,6.75,23.55,1.0,1,False,False,False,False,False,False,False,24.6,10,2024-03-25,16.46341463414634,3.488888888888889,Queens,Flushing,Queens,Flushing,2024-03-25,0.0,7.3,False
2305,2024-03-25 20:49:00,2024-03-25 20:54:08,2,6,3.29,13.5,1.0,1,False,False,False,False,False,False,False,5.133333333333334,20,2024-03-25,38.45454545454545,4.103343465045593,Manhattan,Harlem,Brooklyn,Williamsburg,2024-03-25,0.0,7.3,False
2306,2024-03-09 21:38:00,2024-03-09 21:47:11,8,14,2.63,10.06,1.0,1,False,False,False,False,False,False,False,9.183333333333334,21,2024-03-09,17.183303085299453,3.825095057034221,Brooklyn,Bushwick,Queens,Jamaica,2024-03-09,4.2,4.7,True
2307,2024-03-01 14:01:00,2024-03-01 14:25:43,2,5,3.69,11.14,1.0,1,False,False,False,False,False,False,False,24.716666666666665,14,2024-03-01,8.95751854349292,3.0189701897018972,Manhattan,Harlem,Manhattan,Upper East Side,2024-03-01,0.0,4.2,False
2308,2024-03-15 19:50:00,2024-03-15 20:06:37,15,13,1.98,8.54,1.0,2,False,False,False,False,False,False,False,16.616666666666667,19,2024-03-15,7.149448345035106,4.313131313131313,Queens,Forest Hills,Queens,Long Island City,2024-03-15,2.5,10.9,True
2309,2024-03-20 23:16:00,2024-03-20 23:27:16,20,13,5.74,19.55,1.0,2,False,False,False,False,False,False,False,11.266666666666667,23,2024-03-20,30.568047337278106,3.4059233449477353,Staten Island,Tottenville,Queens,Long Island City,2024-03-20,1.4,11.9,True
2310,2024-03-20 04:21:00,2024-03-20 04:29:42,15,10,4.62,13.7,1.0,1,False,False,False,False,False,False,False,8.7,4,2024-03-20,31.862068965517246,2.965367965367965,Queens,Forest Hills,Brooklyn,Bed-Stuy,2024-03-20,1.4,11.9,True
2311,2024-03-15 12:05:00,2024-03-15 12:08:30,15,13,0.4,4.02,2.0,2,False,False,False,False,False,False,False,3.5,12,2024-03-15,6.857142857142858,10.049999999999999,Queens,Forest Hills,Queens,Long Island City,2024-03-15,2.5,10.9,True
2312,2024-03-31 04:39:00,2024-03-31 04:42:39,1,11,5.22,18.97,1.0,2,False,False,False,False,False,False,False,3.65,4,2024-03-31,85.8082191780822,3.6340996168582373,Manhattan,Midtown,Queens,Astoria,2024-03-31,0.3,10.0,False
2313,2024-03-16 07:48:00,2024-03-16 07:51:53,19,16,1.32,7.09,1.0,1,False,False,False,False,False,False,False,3.8833333333333333,7,2024-03-16,20.394849785407725,5.371212121212121,Staten Island,St. George,Bronx,Fordham,2024-03-16,0.5,14.7,False
2314,2024-03-10 04:08:00,2024-03-10 04:15:21,6,13,2.87,9.43,1.0,1,False,False,False,False,False,False,False,7.35,4,2024-03-10,23.42857142857143,3.2857142857142856,Brooklyn,Williamsburg,Queens,Long Island City,2024-03-10,0.0,3.9,False
2315,2024-03-10 01:01:00,2024-03-10 01:22:21,4,9,1.65,7.07,3.0,1,False,False,False,False,False,False,False,21.35,1,2024-03-10,4.6370023419203745,4.284848484848485,Manhattan,SoHo,Brooklyn,DUMBO,2024-03-10,0.0,3.9,False
2316,2024-03-27 15:03:00,2024-03-27 15:21:03,18,14,4.66,13.72,1.0,1,False,False,False,False,False,False,False,18.05,15,2024-03-27,15.490304709141274,2.944206008583691,Bronx,Mott Haven,Queens,Jamaica,2024-03-27,2.1,4.2,True
2317,2024-03-10 18:49:00,2024-03-10 19:11:37,12,20,2.28,8.03,1.0,1,False,False,False,False,False,False,False,22.616666666666667,18,2024-03-10,6.048636698599852,3.5219298245614037,Queens,Flushing,Staten Island,Tottenville,2024-03-10,0.0,3.9,False
2318,2024-03-01 12:31:00,2024-03-01 12:48:02,12,14,1.88,8.31,1.0,3,False,False,False,False,False,False,False,17.033333333333335,12,2024-03-01,6.622309197651663,4.420212765957447,Queens,Flushing,Queens,Jamaica,2024-03-01,0.0,4.2,False
2319,2024-03-26 02:13:00,2024-03-26 02:31:37,2,19,3.65,14.47,4.0,1,False,False,False,False,False,False,False,18.616666666666667,2,2024-03-26,11.763652641002686,3.964383561643836,Manhattan,Harlem,Staten Island,St. George,2024-03-26,1.0,4.1,False
2320,2024-03-16 21:18:00,2024-03-16 21:30:44,19,5,4.21,12.81,1.0,1,False,False,False,False,False,False,False,12.733333333333333,21,2024-03-16,19.837696335078537,3.0427553444180524,Staten Island,St. George,Manhattan,Upper East Side,2024-03-16,0.5,14.7,False
2321,2024-03-25 00:03:00,2024-03-25 00:11:22,20,18,4.64,13.23,1.0,1,False,False,False,False,False,False,False,8.366666666666667,0,2024-03-25,33.27490039840637,2.8512931034482762,Staten Island,Tottenville,Bronx,Mott Haven,2024-03-25,0.0,7.3,False
2322,2024-03-10 13:14:00,2024-03-10 13:43:16,8,1,2.2,8.65,1.0,2,False,False,False,False,False,False,False,29.266666666666666,13,2024-03-10,4.510250569476082,3.9318181818181817,Brooklyn,Bushwick,Manhattan,Midtown,2024-03-10,0.0,3.9,False
2323,2024-03-14 05:12:00,2024-03-14 05:21:37,8,8,5.79,20.91,1.0,1,False,False,False,False,False,False,False,9.616666666666667,5,2024-03-14,36.124783362218366,3.61139896373057,Brooklyn,Bushwick,Brooklyn,Bushwick,2024-03-14,1.5,5.8,True
2324,2024-03-01 13:03:00,2024-03-01 13:16:18,10,13,2.45,8.96,1.0,1,False,False,False,False,False,False,False,13.3,13,2024-03-01,11.052631578947368,3.657142857142857,Brooklyn,Bed-Stuy,Queens,Long Island City,2024-03-01,0.0,4.2,False
2325,2024-03-28 08:44:00,2024-03-28 09:13:32,6,1,2.08,7.89,2.0,1,False,False,False,False,False,False,False,29.533333333333335,8,2024-03-28,4.225733634311513,3.7932692307692304,Brooklyn,Williamsburg,Manhattan,Midtown,2024-03-28,1.2,7.8,True
2326,2024-03-30 07:51:00,2024-03-30 08:17:39,6,2,1.87,7.64,1.0,1,False,False,False,False,False,False,False,26.65,7,2024-03-30,4.210131332082552,4.085561497326203,Brooklyn,Williamsburg,Manhattan,Harlem,2024-03-30,1.9,18.9,True
2327,2024-03-06 03:33:00,2024-03-06 03:35:06,4,4,4.09,15.24,1.0,1,False,False,False,False,False,False,False,2.1,3,2024-03-06,116.85714285714285,3.726161369193154,Manhattan,SoHo,Manhattan,SoHo,2024-03-06,0.0,9.2,False
2328,2024-03-06 06:15:00,2024-03-06 06:48:45,3,20,0.34,3.84,2.0,1,False,False,False,False,False,False,False,33.75,6,2024-03-06,0.6044444444444445,11.294117647058822,Manhattan,Chelsea,Staten Island,Tottenville,2024-03-06,0.0,9.2,False
2329,2024-03-18 15:11:00,2024-03-18 15:12:14,8,12,2.07,8.98,1.0,2,False,False,False,False,False,False,False,1.2333333333333334,15,2024-03-18,100.7027027027027,4.33816425120773,Brooklyn,Bushwick,Queens,Flushing,2024-03-18,1.5,8.4,True
2330,2024-03-30 05:00:00,2024-03-30 05:44:53,8,16,0.42,3.93,1.0,2,False,False,False,False,False,False,False,44.88333333333333,5,2024-03-30,0.5614556256962495,9.357142857142858,Brooklyn,Bushwick,Bronx,Fordham,2024-03-30,1.9,18.9,True
2331,2024-03-22 03:31:00,2024-03-22 03:50:54,5,12,4.75,14.65,1.0,3,False,False,False,False,False,False,False,19.9,3,2024-03-22,14.321608040201005,3.0842105263157897,Manhattan,Upper East Side,Queens,Flushing,2024-03-22,0.0,8.6,False
2332,2024-03-17 08:38:00,2024-03-17 08:56:19,20,14,5.13,15.35,2.0,2,False,False,False,False,False,False,False,18.316666666666666,8,2024-03-17,16.804367606915378,2.992202729044834,Staten Island,Tottenville,Queens,Jamaica,2024-03-17,1.8,12.0,True
2333,2024-03-27 04:17:00,2024-03-27 04:47:28,16,10,1.8,8.05,2.0,2,False,False,False,False,False,False,False,30.466666666666665,4,2024-03-27,3.5448577680525166,4.472222222222222,Bronx,Fordham,Brooklyn,Bed-Stuy,2024-03-27,2.1,4.2,True
2334,2024-03-27 06:51:00,2024-03-27 06:55:01,19,2,2.47,9.4,2.0,2,False,False,False,False,False,False,False,4.016666666666667,6,2024-03-27,36.89626556016598,3.805668016194332,Staten Island,St. George,Manhattan,Harlem,2024-03-27,2.1,4.2,True
2335,2024-03-02 15:47:00,2024-03-02 16:28:47,5,15,1.94,8.03,1.0,1,False,False,False,False,False,False,False,41.78333333333333,15,2024-03-02,2.7857997606701237,4.139175257731958,Manhattan,Upper East Side,Queens,Forest Hills,2024-03-02,0.7,3.3,False
2336,2024-03-21 14:49:00,2024-03-21 15:05:50,6,10,2.16,8.66,1.0,1,False,False,False,False,False,False,False,16.833333333333332,14,2024-03-21,7.6990099009901,4.009259259259259,Brooklyn,Williamsburg,Brooklyn,Bed-Stuy,2024-03-21,0.0,8.6,False
2337,2024-03-06 00:14:00,2024-03-06 00:58:18,1,17,7.86,22.42,1.0,1,False,False,False,False,False,False,False,44.3,0,2024-03-06,10.645598194130926,2.8524173027989823,Manhattan,Midtown,Bronx,Riverdale,2024-03-06,0.0,9.2,False
2338,2024-03-13 00:17:00,2024-03-13 00:28:46,19,19,1.42,6.81,3.0,2,False,False,False,False,False,False,False,11.766666666666667,0,2024-03-13,7.240793201133144,4.795774647887324,Staten Island,St. George,Staten Island,St. George,2024-03-13,0.7,7.3,False
2339,2024-03-13 12:33:00,2024-03-13 12:50:22,16,8,1.79,8.24,1.0,1,False,False,False,False,False,False,False,17.366666666666667,12,2024-03-13,6.18426103646833,4.603351955307263,Bronx,Fordham,Brooklyn,Bushwick,2024-03-13,0.7,7.3,False
2340,2024-03-16 04:33:00,2024-03-16 04:54:38,20,19,1.98,8.01,3.0,1,False,False,False,False,False,False,False,21.633333333333333,4,2024-03-16,5.491525423728813,4.045454545454545,Staten Island,Tottenville,Staten Island,St. George,2024-03-16,0.5,14.7,False
2341,2024-03-18 02:08:00,2024-03-18 02:26:42,6,1,2.14,8.08,1.0,2,False,False,False,False,False,False,False,18.7,2,2024-03-18,6.866310160427808,3.7757009345794392,Brooklyn,Williamsburg,Manhattan,Midtown,2024-03-18,1.5,8.4,True
2342,2024-03-23 08:17:00,2024-03-23 08:54:12,12,10,1.84,7.84,2.0,1,False,False,False,False,False,False,False,37.2,8,2024-03-23,2.967741935483871,4.260869565217391,Queens,Flushing,Brooklyn,Bed-Stuy,2024-03-23,1.2,5.9,True
2343,2024-03-30 09:31:00,2024-03-30 09:32:50,5,11,1.98,8.36,1.0,2,False,False,False,False,False,False,False,1.8333333333333333,9,2024-03-30,64.8,4.222222222222222,Manhattan,Upper East Side,Queens,Astoria,2024-03-30,1.9,18.9,True
2344,2024-03-12 14:04:00,2024-03-12 14:14:20,11,3,2.56,9.84,1.0,1,False,False,False,False,False,False,False,10.333333333333334,14,2024-03-12,14.864516129032259,3.84375,Queens,Astoria,Manhattan,Chelsea,2024-03-12,0.7,10.8,False
2345,2024-03-31 02:08:00,2024-03-31 02:13:00,17,17,3.93,15.19,1.0,1,False,False,False,False,False,False,False,5.0,2,2024-03-31,47.160000000000004,3.8651399491094143,Bronx,Riverdale,Bronx,Riverdale,2024-03-31,0.3,10.0,False
2346,2024-03-08 18:38:00,2024-03-08 18:54:20,16,14,3.38,12.59,4.0,2,False,False,False,False,False,False,False,16.333333333333332,18,2024-03-08,12.416326530612245,3.7248520710059174,Bronx,Fordham,Queens,Jamaica,2024-03-08,2.8,5.6,True
2347,2024-03-28 18:26:00,2024-03-28 18:31:59,17,5,4.25,16.0,1.0,2,False,False,False,False,False,False,False,5.983333333333333,18,2024-03-28,42.618384401114206,3.764705882352941,Bronx,Riverdale,Manhattan,Upper East Side,2024-03-28,1.2,7.8,True
2348,2024-03-11 19:37:00,2024-03-11 19:51:27,20,11,8.55,21.9,1.0,1,False,False,False,False,False,False,False,14.45,19,2024-03-11,35.50173010380623,2.5614035087719293,Staten Island,Tottenville,Queens,Astoria,2024-03-11,1.8,11.3,True
2349,2024-03-03 07:30:00,2024-03-03 07:50:49,3,1,5.47,19.83,1.0,1,False,False,False,False,False,False,False,20.816666666666666,7,2024-03-03,15.7662129703763,3.625228519195612,Manhattan,Chelsea,Manhattan,Midtown,2024-03-03,1.4,7.4,True
2350,2024-03-02 04:21:00,2024-03-02 04:34:34,2,8,2.4,9.91,1.0,1,False,False,False,False,False,False,False,13.566666666666666,4,2024-03-02,10.614250614250615,4.129166666666667,Manhattan,Harlem,Brooklyn,Bushwick,2024-03-02,0.7,3.3,False
2351,2024-03-29 13:23:00,2024-03-29 13:36:23,7,11,0.43,4.03,,1,False,False,False,True,True,False,False,13.383333333333333,13,2024-03-29,1.9277708592777087,9.372093023255815,Brooklyn,Park Slope,Queens,Astoria,2024-03-29,1.1,4.2,True
2352,2024-03-30 02:40:00,2024-03-30 02:59:23,18,19,3.87,11.95,1.0,1,False,False,False,False,False,False,False,19.383333333333333,2,2024-03-30,11.979363714531384,3.0878552971576223,Bronx,Mott Haven,Staten Island,St. George,2024-03-30,1.9,18.9,True
2353,2024-03-08 21:15:00,2024-03-08 21:37:19,6,10,1.72,-5.0,1.0,1,False,False,True,False,True,False,False,22.316666666666666,21,2024-03-08,4.624346527259148,-2.9069767441860463,Brooklyn,Williamsburg,Brooklyn,Bed-Stuy,2024-03-08,2.8,5.6,True
2354,2024-03-29 02:41:00,2024-03-29 03:01:44,11,13,0.23,3.55,1.0,1,False,False,False,False,False,False,False,20.733333333333334,2,2024-03-29,0.6655948553054662,15.43478260869565,Queens,Astoria,Queens,Long Island City,2024-03-29,1.1,4.2,True
2355,2024-03-17 22:51:00,2024-03-17 23:04:07,14,6,0.54,4.4,1.0,2,False,False,False,False,False,False,False,13.116666666666667,22,2024-03-17,2.4701397712833546,8.148148148148149,Queens,Jamaica,Brooklyn,Williamsburg,2024-03-17,1.8,12.0,True
2356,2024-03-15 08:38:00,2024-03-15 09:00:04,3,20,1.35,6.08,2.0,1,False,False,False,False,False,False,False,22.066666666666666,8,2024-03-15,3.670694864048339,4.503703703703703,Manhattan,Chelsea,Staten Island,Tottenville,2024-03-15,2.5,10.9,True
2357,2024-03-11 16:20:00,2024-03-11 16:41:18,8,10,2.65,10.87,1.0,2,False,False,False,False,False,False,False,21.3,16,2024-03-11,7.464788732394365,4.10188679245283,Brooklyn,Bushwick,Brooklyn,Bed-Stuy,2024-03-11,1.8,11.3,True
2358,2024-03-23 01:13:00,2024-03-23 01:31:56,14,9,2.98,12.23,2.0,1,False,False,False,False,False,False,False,18.933333333333334,1,2024-03-23,9.443661971830986,4.104026845637584,Queens,Jamaica,Brooklyn,DUMBO,2024-03-23,1.2,5.9,True
2359,2024-03-29 18:08:00,2024-03-29 18:12:18,10,5,4.4,14.1,1.0,1,False,False,False,False,False,False,False,4.3,18,2024-03-29,61.395348837209305,3.204545454545454,Brooklyn,Bed-Stuy,Manhattan,Upper East Side,2024-03-29,1.1,4.2,True
2360,2024-03-04 11:03:00,2024-03-04 11:08:08,15,10,8.02,28.33,1.0,2,False,False,False,False,False,False,False,5.133333333333334,11,2024-03-04,93.74025974025973,3.5324189526184537,Queens,Forest Hills,Brooklyn,Bed-Stuy,2024-03-04,3.4,18.0,True
2361,2024-03-04 03:07:00,2024-03-04 03:30:43,5,13,4.11,12.25,1.0,1,False,False,False,False,False,False,False,23.716666666666665,3,2024-03-04,10.397751229796206,2.9805352798053524,Manhattan,Upper East Side,Queens,Long Island City,2024-03-04,3.4,18.0,True
2362,2024-03-27 18:47:00,2024-03-27 19:09:40,17,19,0.43,4.3,1.0,1,False,False,False,False,False,False,False,22.666666666666668,18,2024-03-27,1.138235294117647,10.0,Bronx,Riverdale,Staten Island,St. George,2024-03-27,2.1,4.2,True
2363,2024-03-12 12:25:00,2024-03-12 12:32:09,18,16,0.55,4.65,2.0,1,False,False,False,False,False,False,False,7.15,12,2024-03-12,4.615384615384616,8.454545454545455,Bronx,Mott Haven,Bronx,Fordham,2024-03-12,0.7,10.8,False
2364,2024-03-20 01:12:00,2024-03-20 01:15:40,6,10,1.21,6.65,1.0,1,False,False,False,False,False,False,False,3.6666666666666665,1,2024-03-20,19.8,5.4958677685950414,Brooklyn,Williamsburg,Brooklyn,Bed-Stuy,2024-03-20,1.4,11.9,True
2365,2024-03-17 07:04:00,2024-03-17 07:37:38,14,18,2.88,9.49,1.0,1,False,False,False,False,False,False,False,33.63333333333333,7,2024-03-17,5.137760158572844,3.2951388888888893,Queens,Jamaica,Bronx,Mott Haven,2024-03-17,1.8,12.0,True
2366,2024-03-25 16:45:00,2024-03-25 16:50:31,19,10,4.32,13.54,1.0,1,False,False,False,False,False,False,False,5.516666666666667,16,2024-03-25,46.98489425981874,3.1342592592592586,Staten Island,St. George,Brooklyn,Bed-Stuy,2024-03-25,0.0,7.3,False
2367,2024-03-14 18:56:00,2024-03-14 19:07:43,14,4,1.83,8.36,1.0,1,False,False,False,False,False,False,False,11.716666666666667,18,2024-03-14,9.371266002844951,4.5683060109289615,Queens,Jamaica,Manhattan,SoHo,2024-03-14,1.5,5.8,True
2368,2024-03-22 13:04:00,2024-03-22 13:06:37,4,8,3.3,11.84,2.0,1,False,False,False,False,False,False,False,2.6166666666666667,13,2024-03-22,75.66878980891718,3.587878787878788,Manhattan,SoHo,Brooklyn,Bushwick,2024-03-22,0.0,8.6,False
2369,2024-03-23 19:33:00,2024-03-23 20:20:15,1,5,4.04,12.07,1.0,2,False,False,False,False,False,False,False,47.25,19,2024-03-23,5.130158730158731,2.987623762376238,Manhattan,Midtown,Manhattan,Upper East Side,2024-03-23,1.2,5.9,True
2370,2024-03-12 00:18:00,2024-03-12 01:05:24,4,19,0.63,4.97,1.0,2,False,False,False,False,False,False,False,47.4,0,2024-03-12,0.7974683544303798,7.888888888888888,Manhattan,SoHo,Staten Island,St. George,2024-03-12,0.7,10.8,False
2371,2024-03-07 03:20:00,2024-03-07 03:41:23,18,15,9.68,33.9,2.0,1,False,False,False,False,False,False,False,21.383333333333333,3,2024-03-07,27.16134060795012,3.5020661157024793,Bronx,Mott Haven,Queens,Forest Hills,2024-03-07,0.0,3.3,False
2372,2024-03-03 14:29:00,2024-03-03 14:50:40,18,15,2.14,9.84,1.0,1,False,False,False,False,False,False,False,21.666666666666668,14,2024-03-03,5.926153846153847,4.598130841121495,Bronx,Mott Haven,Queens,Forest Hills,2024-03-03,1.4,7.4,True
2373,2024-03-06 14:32:00,2024-03-06 14:42:43,3,9,6.81,22.59,1.0,1,False,False,False,False,False,False,False,10.716666666666667,14,2024-03-06,38.12752721617418,3.3171806167400884,Manhattan,Chelsea,Brooklyn,DUMBO,2024-03-06,0.0,9.2,False
2374,2024-03-08 22:45:00,2024-03-08 22:47:54,1,10,1.0,5.87,1.0,1,False,False,False,False,False,False,False,2.9,22,2024-03-08,20.689655172413794,5.87,Manhattan,Midtown,Brooklyn,Bed-Stuy,2024-03-08,2.8,5.6,True
2375,2024-03-17 20:25:00,2024-03-17 20:35:42,2,3,2.04,8.19,1.0,1,False,False,False,False,False,False,False,10.7,20,2024-03-17,11.4392523364486,4.014705882352941,Manhattan,Harlem,Manhattan,Chelsea,2024-03-17,1.8,12.0,True
2376,2024-03-11 08:04:00,2024-03-11 08:34:39,6,6,3.45,13.81,3.0,2,False,False,False,False,False,False,False,30.65,8,2024-03-11,6.753670473083197,4.0028985507246375,Brooklyn,Williamsburg,Brooklyn,Williamsburg,2024-03-11,1.8,11.3,True
2377,2024-03-30 19:36:00,2024-03-30 19:51:37,6,5,3.7,14.84,1.0,1,False,False,False,False,False,False,False,15.616666666666667,19,2024-03-30,14.215581643543224,4.010810810810811,Brooklyn,Williamsburg,Manhattan,Upper East Side,2024-03-30,1.9,18.9,True
2378,2024-03-08 23:53:00,2024-03-08 23:56:03,6,10,2.69,8.92,1.0,1,False,False,False,False,False,False,False,3.05,23,2024-03-08,52.91803278688525,3.315985130111524,Brooklyn,Williamsburg,Brooklyn,Bed-Stuy,2024-03-08,2.8,5.6,True
2379,2024-03-16 03:37:00,2024-03-16 03:44:53,19,15,2.14,9.19,1.0,1,False,False,False,False,False,False,False,7.883333333333334,3,2024-03-16,16.287526427061312,4.294392523364485,Staten Island,St. George,Queens,Forest Hills,2024-03-16,0.5,14.7,False
2380,2024-03-03 03:09:00,2024-03-03 03:50:11,14,12,0.26,3.77,2.0,1,False,False,False,False,False,False,False,41.18333333333333,3,2024-03-03,0.3787940105220559,14.5,Queens,Jamaica,Queens,Flushing,2024-03-03,1.4,7.4,True
2381,2024-03-11 05:54:00,2024-03-11 05:55:26,1,3,2.56,10.02,1.0,1,False,False,False,False,False,False,False,1.4333333333333333,5,2024-03-11,107.16279069767441,3.9140624999999996,Manhattan,Midtown,Manhattan,Chelsea,2024-03-11,1.8,11.3,True
2382,2024-03-15 20:47:00,2024-03-15 21:08:51,5,16,5.59,18.6,2.0,2,False,False,False,False,False,False,False,21.85,20,2024-03-15,15.350114416475972,3.3273703041144906,Manhattan,Upper East Side,Bronx,Fordham,2024-03-15,2.5,10.9,True
2383,2024-03-07 06:21:00,2024-03-07 06:38:19,3,19,1.28,6.72,3.0,1,False,False,False,False,False,False,False,17.316666666666666,6,2024-03-07,4.435033686236767,5.25,Manhattan,Chelsea,Staten Island,St. George,2024-03-07,0.0,3.3,False
2384,2024-03-24 10:28:00,2024-03-24 11:00:33,17,12,8.02,27.78,1.0,1,False,False,False,False,False,False,False,32.55,10,2024-03-24,14.783410138248847,3.463840399002494,Bronx,Riverdale,Queens,Flushing,2024-03-24,1.1,11.3,True
2385,2024-03-13 23:40:00,2024-03-13 23:46:38,20,6,3.97,13.23,2.0,2,False,False,False,False,False,False,False,6.633333333333334,23,2024-03-13,35.90954773869347,3.3324937027707806,Staten Island,Tottenville,Brooklyn,Williamsburg,2024-03-13,0.7,7.3,False
2386,2024-03-04 06:07:00,2024-03-04 06:20:52,13,10,0.48,4.2,1.0,2,False,False,False,False,False,False,False,13.866666666666667,6,2024-03-04,2.0769230769230766,8.75,Queens,Long Island City,Brooklyn,Bed-Stuy,2024-03-04,3.4,18.0,True
2387,2024-03-08 05:07:00,2024-03-08 05:36:25,9,1,3.69,12.93,2.0,1,False,False,False,False,False,False,False,29.416666666666668,5,2024-03-08,7.526345609065155,3.5040650406504064,Brooklyn,DUMBO,Manhattan,Midtown,2024-03-08,2.8,5.6,True
2388,2024-03-19 05:39:00,2024-03-19 05:54:29,3,5,0.92,5.65,4.0,1,False,False,False,False,False,False,False,15.483333333333333,5,2024-03-19,3.5651237890204523,6.141304347826087,Manhattan,Chelsea,Manhattan,Upper East Side,2024-03-19,1.1,11.7,True
2389,2024-03-03 15:50:00,2024-03-03 16:03:57,3,20,3.37,13.57,4.0,1,False,False,False,False,False,False,False,13.95,15,2024-03-03,14.49462365591398,4.026706231454006,Manhattan,Chelsea,Staten Island,Tottenville,2024-03-03,1.4,7.4,True
2390,2024-03-02 18:13:00,2024-03-02 18:28:55,20,9,0.99,6.07,1.0,1,False,False,False,False,False,False,False,15.916666666666666,18,2024-03-02,3.731937172774869,6.1313131313131315,Staten Island,Tottenville,Brooklyn,DUMBO,2024-03-02,0.7,3.3,False
2391,2024-03-04 14:06:00,2024-03-04 14:27:28,3,9,0.0,9.2,2.0,2,False,True,False,False,True,False,False,21.466666666666665,14,2024-03-04,0.0,,Manhattan,Chelsea,Brooklyn,DUMBO,2024-03-04,3.4,18.0,True
2392,2024-03-01 11:47:00,2024-03-01 12:11:35,3,12,1.2,6.42,2.0,2,False,False,False,False,False,False,False,24.583333333333332,11,2024-03-01,2.928813559322034,5.3500000000000005,Manhattan,Chelsea,Queens,Flushing,2024-03-01,0.0,4.2,False
2393,2024-03-25 00:21:00,2024-03-25 01:06:22,8,5,3.02,10.31,1.0,1,False,False,False,False,False,False,False,45.36666666666667,0,2024-03-25,3.9941219691403385,3.413907284768212,Brooklyn,Bushwick,Manhattan,Upper East Side,2024-03-25,0.0,7.3,False
2394,2024-03-21 07:49:00,2024-03-21 08:08:43,13,6,1.97,7.85,4.0,1,False,False,False,False,False,False,False,19.716666666666665,7,2024-03-21,5.994928148774303,3.984771573604061,Queens,Long Island City,Brooklyn,Williamsburg,2024-03-21,0.0,8.6,False
2395,2024-03-03 21:37:00,2024-03-03 21:50:11,5,13,1.42,6.21,1.0,1,False,False,False,False,False,False,False,13.183333333333334,21,2024-03-03,6.462705436156763,4.373239436619719,Manhattan,Upper East Side,Queens,Long Island City,2024-03-03,1.4,7.4,True
2396,2024-03-13 07:22:00,2024-03-13 07:30:11,10,15,1.78,8.38,1.0,2,False,False,False,False,False,False,False,8.183333333333334,7,2024-03-13,13.05091649694501,4.7078651685393265,Brooklyn,Bed-Stuy,Queens,Forest Hills,2024-03-13,0.7,7.3,False
2397,2024-03-19 21:48:00,2024-03-19 22:06:38,7,3,1.65,7.51,1.0,1,False,False,False,False,False,False,False,18.633333333333333,21,2024-03-19,5.3130590339892665,4.551515151515152,Brooklyn,Park Slope,Manhattan,Chelsea,2024-03-19,1.1,11.7,True
2398,2024-03-28 12:12:00,2024-03-28 13:03:58,17,8,1.71,8.09,1.0,1,False,False,False,False,False,False,False,51.96666666666667,12,2024-03-28,1.9743425272610646,4.730994152046784,Bronx,Riverdale,Brooklyn,Bushwick,2024-03-28,1.2,7.8,True
2399,2024-03-03 00:51:00,2024-03-03 01:20:34,14,15,1.03,5.41,1.0,1,False,False,False,False,False,False,False,29.566666666666666,0,2024-03-03,2.0901916572717023,5.252427184466019,Queens,Jamaica,Queens,Forest Hills,2024-03-03,1.4,7.4,True
2400,2024-03-25 06:19:00,2024-03-25 06:35:08,17,2,5.25,18.55,1.0,1,False,False,False,False,False,False,False,16.133333333333333,6,2024-03-25,19.52479338842975,3.5333333333333337,Bronx,Riverdale,Manhattan,Harlem,2024-03-25,0.0,7.3,False
2401,2024-03-28 06:22:00,2024-03-28 06:24:30,11,4,3.86,11.63,2.0,1,False,False,False,False,False,False,False,2.5,6,2024-03-28,92.64,3.012953367875648,Queens,Astoria,Manhattan,SoHo,2024-03-28,1.2,7.8,True
2402,2024-03-29 08:12:00,2024-03-29 08:31:08,20,19,4.68,16.71,1.0,1,False,False,False,False,False,False,False,19.133333333333333,8,2024-03-29,14.67595818815331,3.5705128205128207,Staten Island,Tottenville,Staten Island,St. George,2024-03-29,1.1,4.2,True
2403,2024-03-28 00:26:00,2024-03-28 00:36:45,6,7,1.74,7.36,2.0,1,False,False,False,False,False,False,False,10.75,0,2024-03-28,9.711627906976744,4.2298850574712645,Brooklyn,Williamsburg,Brooklyn,Park Slope,2024-03-28,1.2,7.8,True
2404,2024-03-03 02:05:00,2024-03-03 02:33:56,6,9,2.76,11.68,2.0,1,False,False,False,False,False,False,False,28.933333333333334,2,2024-03-03,5.723502304147465,4.231884057971015,Brooklyn,Williamsburg,Brooklyn,DUMBO,2024-03-03,1.4,7.4,True
2405,2024-03-19 13:10:00,2024-03-19 13:24:58,12,4,1.77,8.29,1.0,2,False,False,False,False,False,False,False,14.966666666666667,13,2024-03-19,7.095768374164811,4.683615819209039,Queens,Flushing,Manhattan,SoHo,2024-03-19,1.1,11.7,True
2406,2024-03-29 12:13:00,2024-03-29 12:46:09,10,1,3.53,13.33,1.0,1,False,False,False,False,False,False,False,33.15,12,2024-03-29,6.389140271493212,3.776203966005666,Brooklyn,Bed-Stuy,Manhattan,Midtown,2024-03-29,1.1,4.2,True
2407,2024-03-02 18:27:00,2024-03-02 18:47:58,10,17,2.04,8.73,1.0,2,False,False,False,False,False,False,False,20.966666666666665,18,2024-03-02,5.837837837837839,4.279411764705882,Brooklyn,Bed-Stuy,Bronx,Riverdale,2024-03-02,0.7,3.3,False
2408,2024-03-29 18:32:00,2024-03-29 18:58:19,15,13,1.77,8.06,1.0,1,False,False,False,False,False,False,False,26.316666666666666,18,2024-03-29,4.035465484483851,4.553672316384181,Queens,Forest Hills,Queens,Long Island City,2024-03-29,1.1,4.2,True
2409,2024-03-04 05:18:00,2024-03-04 05:22:28,17,8,0.68,5.15,1.0,1,False,False,False,False,False,False,False,4.466666666666667,5,2024-03-04,9.134328358208956,7.573529411764706,Bronx,Riverdale,Brooklyn,Bushwick,2024-03-04,3.4,18.0,True
2410,2024-03-26 13:30:00,2024-03-26 13:43:38,15,18,23.69,60.8,2.0,1,False,False,False,False,False,False,False,13.633333333333333,13,2024-03-26,104.2591687041565,2.5664837484170535,Queens,Forest Hills,Bronx,Mott Haven,2024-03-26,1.0,4.1,False
2411,2024-03-03 02:38:00,2024-03-03 02:45:19,17,16,1.96,7.48,1.0,2,False,False,False,False,False,False,False,7.316666666666666,2,2024-03-03,16.072892938496583,3.8163265306122454,Bronx,Riverdale,Bronx,Fordham,2024-03-03,1.4,7.4,True
2412,2024-03-23 12:54:00,2024-03-23 13:06:21,16,1,2.32,8.86,1.0,1,False,False,False,False,False,False,False,12.35,12,2024-03-23,11.271255060728743,3.8189655172413794,Bronx,Fordham,Manhattan,Midtown,2024-03-23,1.2,5.9,True
2413,2024-03-20 19:17:00,2024-03-20 20:06:34,10,8,6.96,24.62,2.0,1,False,False,False,False,False,False,False,49.56666666666667,19,2024-03-20,8.425016812373906,3.5373563218390807,Brooklyn,Bed-Stuy,Brooklyn,Bushwick,2024-03-20,1.4,11.9,True
2414,2024-03-24 02:24:00,2024-03-24 02:42:21,9,5,8.97,29.77,1.0,2,False,False,False,False,False,False,False,18.35,2,2024-03-24,29.329700272479563,3.3188405797101446,Brooklyn,DUMBO,Manhattan,Upper East Side,2024-03-24,1.1,11.3,True
2415,2024-03-21 23:49:00,2024-03-21 23:54:27,18,8,0.58,4.67,1.0,1,False,False,False,False,False,False,False,5.45,23,2024-03-21,6.38532110091743,8.051724137931036,Bronx,Mott Haven,Brooklyn,Bushwick,2024-03-21,0.0,8.6,False
2416,2024-03-25 22:33:00,2024-03-25 22:47:13,8,14,0.31,3.98,2.0,1,False,False,False,False,False,False,False,14.216666666666667,22,2024-03-25,1.3083235638921453,12.838709677419354,Brooklyn,Bushwick,Queens,Jamaica,2024-03-25,0.0,7.3,False
2417,2024-03-18 05:20:00,2024-03-18 05:28:09,12,14,4.37,13.97,1.0,1,False,False,False,False,False,False,False,8.15,5,2024-03-18,32.171779141104295,3.196796338672769,Queens,Flushing,Queens,Jamaica,2024-03-18,1.5,8.4,True
2418,2024-03-16 04:52:00,2024-03-16 04:55:40,10,12,0.33,3.94,1.0,1,False,False,False,False,False,False,False,3.6666666666666665,4,2024-03-16,5.4,11.93939393939394,Brooklyn,Bed-Stuy,Queens,Flushing,2024-03-16,0.5,14.7,False
2419,2024-03-22 21:32:00,2024-03-22 21:37:17,4,2,3.67,13.69,1.0,1,False,False,False,False,False,False,False,5.283333333333333,21,2024-03-22,41.678233438485805,3.7302452316076296,Manhattan,SoHo,Manhattan,Harlem,2024-03-22,0.0,8.6,False
2420,2024-03-13 19:08:00,2024-03-13 19:09:37,17,8,4.29,13.41,1.0,2,False,False,False,False,False,False,False,1.6166666666666667,19,2024-03-13,159.2164948453608,3.125874125874126,Bronx,Riverdale,Brooklyn,Bushwick,2024-03-13,0.7,7.3,False
2421,2024-03-15 04:12:59,2024-03-15 04:04:00,8,19,1.5,7.3,1.0,1,True,False,False,False,True,False,False,-8.983333333333333,4,2024-03-15,-10.018552875695734,4.866666666666666,Brooklyn,Bushwick,Staten Island,St. George,2024-03-15,2.5,10.9,True
2422,2024-03-11 17:07:00,2024-03-11 17:09:03,2,2,1.47,7.26,1.0,1,False,False,False,False,False,False,False,2.05,17,2024-03-11,43.02439024390244,4.938775510204081,Manhattan,Harlem,Manhattan,Harlem,2024-03-11,1.8,11.3,True
2423,2024-03-05 03:33:00,2024-03-05 03:42:53,2,13,1.85,8.19,4.0,1,False,False,False,False,False,False,False,9.883333333333333,3,2024-03-05,11.231028667790895,4.427027027027027,Manhattan,Harlem,Queens,Long Island City,2024-03-05,2.7,10.6,True
2424,2024-03-19 13:41:00,2024-03-19 13:53:26,1,19,1.46,7.6,1.0,1,False,False,False,False,False,False,False,12.433333333333334,13,2024-03-19,7.045576407506702,5.205479452054794,Manhattan,Midtown,Staten Island,St. George,2024-03-19,1.1,11.7,True
2425,2024-03-15 05:30:00,2024-03-15 05:45:09,8,10,2.85,10.43,1.0,2,False,False,False,False,False,False,False,15.15,5,2024-03-15,11.287128712871286,3.6596491228070174,Brooklyn,Bushwick,Brooklyn,Bed-Stuy,2024-03-15,2.5,10.9,True
2426,2024-03-12 22:11:00,2024-03-12 22:21:36,3,3,3.89,13.41,1.0,1,False,False,False,False,False,False,False,10.6,22,2024-03-12,22.0188679245283,3.447300771208226,Manhattan,Chelsea,Manhattan,Chelsea,2024-03-12,0.7,10.8,False
2427,2024-03-17 12:49:00,2024-03-17 13:04:02,17,13,1.49,6.48,1.0,3,False,False,False,False,False,False,False,15.033333333333333,12,2024-03-17,5.946784922394679,4.348993288590604,Bronx,Riverdale,Queens,Long Island City,2024-03-17,1.8,12.0,True
2428,2024-03-18 16:27:00,2024-03-18 16:48:38,16,4,0.2,3.43,2.0,1,False,False,False,False,False,False,False,21.633333333333333,16,2024-03-18,0.5546995377503852,17.15,Bronx,Fordham,Manhattan,SoHo,2024-03-18,1.5,8.4,True
2429,2024-03-25 21:46:00,2024-03-25 21:49:45,3,16,3.08,12.58,1.0,1,False,False,False,False,False,False,False,3.75,21,2024-03-25,49.28,4.084415584415584,Manhattan,Chelsea,Bronx,Fordham,2024-03-25,0.0,7.3,False
2430,2024-03-03 04:42:00,2024-03-03 05:06:30,10,9,0.46,4.23,1.0,1,False,False,False,False,False,False,False,24.5,4,2024-03-03,1.126530612244898,9.195652173913045,Brooklyn,Bed-Stuy,Brooklyn,DUMBO,2024-03-03,1.4,7.4,True
2431,2024-03-16 15:24:00,2024-03-16 15:44:58,18,19,1.1,6.02,3.0,1,False,False,False,False,False,False,False,20.966666666666665,15,2024-03-16,3.147853736089031,5.472727272727272,Bronx,Mott Haven,Staten Island,St. George,2024-03-16,0.5,14.7,False
2432,2024-03-31 06:17:00,2024-03-31 06:25:03,5,18,0.43,4.14,2.0,2,False,False,False,False,False,False,False,8.05,6,2024-03-31,3.2049689440993783,9.627906976744185,Manhattan,Upper East Side,Bronx,Mott Haven,2024-03-31,0.3,10.0,False
2433,2024-03-30 08:15:00,2024-03-30 08:30:20,15,18,3.25,11.05,1.0,2,False,False,False,False,False,False,False,15.333333333333334,8,2024-03-30,12.717391304347824,3.4000000000000004,Queens,Forest Hills,Bronx,Mott Haven,2024-03-30,1.9,18.9,True
2434,2024-03-03 05:18:00,2024-03-03 05:28:15,19,18,2.55,8.65,1.0,1,False,False,False,False,False,False,False,10.25,5,2024-03-03,14.926829268292682,3.3921568627450984,Staten Island,St. George,Bronx,Mott Haven,2024-03-03,1.4,7.4,True
2435,2024-03-05 14:03:00,2024-03-05 14:28:52,18,2,3.39,11.6,1.0,2,False,False,False,False,False,False,False,25.866666666666667,14,2024-03-05,7.863402061855671,3.421828908554572,Bronx,Mott Haven,Manhattan,Harlem,2024-03-05,2.7,10.6,True
2436,2024-03-25 06:16:00,2024-03-25 06:21:06,1,17,3.72,11.33,1.0,2,False,False,False,False,False,False,False,5.1,6,2024-03-25,43.76470588235295,3.0456989247311825,Manhattan,Midtown,Bronx,Riverdale,2024-03-25,0.0,7.3,False
2437,2024-03-18 13:22:00,2024-03-18 13:33:40,16,4,10.24,30.33,1.0,1,False,False,False,False,False,False,False,11.666666666666666,13,2024-03-18,52.66285714285714,2.9619140624999996,Bronx,Fordham,Manhattan,SoHo,2024-03-18,1.5,8.4,True
2438,2024-03-08 10:46:00,2024-03-08 11:54:46,17,11,6.24,17.24,1.0,1,False,False,False,False,False,False,False,68.76666666666667,10,2024-03-08,5.44449830344159,2.7628205128205123,Bronx,Riverdale,Queens,Astoria,2024-03-08,2.8,5.6,True
2439,2024-03-07 11:47:00,2024-03-07 11:50:58,2,10,5.26,16.43,1.0,1,False,False,False,False,False,False,False,3.966666666666667,11,2024-03-07,79.56302521008404,3.123574144486692,Manhattan,Harlem,Brooklyn,Bed-Stuy,2024-03-07,0.0,3.3,False
2440,2024-03-10 04:11:00,2024-03-10 04:17:41,16,12,3.63,14.37,2.0,3,False,False,False,False,False,False,False,6.683333333333334,4,2024-03-10,32.588528678304236,3.958677685950413,Bronx,Fordham,Queens,Flushing,2024-03-10,0.0,3.9,False
2441,2024-03-17 14:34:00,2024-03-17 15:03:45,7,15,9.99,32.21,1.0,1,False,False,False,False,False,False,False,29.75,14,2024-03-17,20.147899159663865,3.224224224224224,Brooklyn,Park Slope,Queens,Forest Hills,2024-03-17,1.8,12.0,True
2442,2024-03-17 12:18:00,2024-03-17 13:05:42,20,6,3.46,13.38,1.0,2,False,False,False,False,False,False,False,47.7,12,2024-03-17,4.352201257861635,3.8670520231213876,Staten Island,Tottenville,Brooklyn,Williamsburg,2024-03-17,1.8,12.0,True
2443,2024-03-02 09:01:00,2024-03-02 09:05:30,6,19,0.92,5.38,4.0,3,False,False,False,False,False,False,False,4.5,9,2024-03-02,12.266666666666667,5.8478260869565215,Brooklyn,Williamsburg,Staten Island,St. George,2024-03-02,0.7,3.3,False
2444,2024-03-05 22:06:00,2024-03-05 22:17:18,4,12,8.25,28.86,1.0,2,False,False,False,False,False,False,False,11.3,22,2024-03-05,43.80530973451327,3.498181818181818,Manhattan,SoHo,Queens,Flushing,2024-03-05,2.7,10.6,True
2445,2024-03-09 00:39:00,2024-03-09 00:56:05,12,3,2.21,8.3,1.0,3,False,False,False,False,False,False,False,17.083333333333332,0,2024-03-09,7.761951219512195,3.7556561085972855,Queens,Flushing,Manhattan,Chelsea,2024-03-09,4.2,4.7,True
2446,2024-03-08 09:03:00,2024-03-08 09:31:52,1,7,2.2,9.45,2.0,1,False,False,False,False,False,False,False,28.866666666666667,9,2024-03-08,4.572748267898384,4.295454545454545,Manhattan,Midtown,Brooklyn,Park Slope,2024-03-08,2.8,5.6,True
2447,2024-03-03 10:04:00,2024-03-03 10:30:19,11,17,1.91,9.0,1.0,1,False,False,False,False,False,False,False,26.316666666666666,10,2024-03-03,4.354654844838505,4.712041884816754,Queens,Astoria,Bronx,Riverdale,2024-03-03,1.4,7.4,True
2448,2024-03-11 10:02:00,2024-03-11 10:16:24,7,2,2.96,9.71,1.0,1,False,False,False,False,False,False,False,14.4,10,2024-03-11,12.333333333333332,3.2804054054054057,Brooklyn,Park Slope,Manhattan,Harlem,2024-03-11,1.8,11.3,True
2449,2024-03-28 02:20:00,2024-03-28 02:28:10,5,16,6.49,21.28,1.0,1,False,False,False,False,False,False,False,8.166666666666666,2,2024-03-28,47.68163265306123,3.278890600924499,Manhattan,Upper East Side,Bronx,Fordham,2024-03-28,1.2,7.8,True
2450,2024-03-08 13:32:00,2024-03-08 13:43:02,16,10,5.52,18.61,2.0,1,False,False,False,False,False,False,False,11.033333333333333,13,2024-03-08,30.018126888217523,3.371376811594203,Bronx,Fordham,Brooklyn,Bed-Stuy,2024-03-08,2.8,5.6,True
2451,2024-03-28 18:24:00,2024-03-28 18:46:56,20,13,1.7,7.58,1.0,1,False,False,False,False,False,False,False,22.933333333333334,18,2024-03-28,4.447674418604651,4.458823529411765,Staten Island,Tottenville,Queens,Long Island City,2024-03-28,1.2,7.8,True
2452,2024-03-24 19:28:00,2024-03-24 20:08:23,9,18,7.69,24.5,1.0,1,False,False,False,False,False,False,False,40.38333333333333,19,2024-03-24,11.425505571605449,3.1859557867360206,Brooklyn,DUMBO,Bronx,Mott Haven,2024-03-24,1.1,11.3,True
2453,2024-03-06 14:59:00,2024-03-06 15:16:40,8,12,1.09,6.11,1.0,1,False,False,False,False,False,False,False,17.666666666666668,14,2024-03-06,3.7018867924528305,5.605504587155963,Brooklyn,Bushwick,Queens,Flushing,2024-03-06,0.0,9.2,False
2454,2024-03-10 20:41:00,2024-03-10 20:50:00,11,19,4.08,15.72,2.0,1,False,False,False,False,False,False,False,9.0,20,2024-03-10,27.200000000000003,3.8529411764705883,Queens,Astoria,Staten Island,St. George,2024-03-10,0.0,3.9,False
2455,2024-03-12 16:58:00,2024-03-12 17:37:29,14,10,3.96,15.05,2.0,1,False,False,False,False,False,False,False,39.483333333333334,16,2024-03-12,6.01772899957788,3.8005050505050506,Queens,Jamaica,Brooklyn,Bed-Stuy,2024-03-12,0.7,10.8,False
2456,2024-03-08 20:39:00,2024-03-08 20:42:28,5,1,3.04,11.46,2.0,1,False,False,False,False,False,False,False,3.466666666666667,20,2024-03-08,52.61538461538461,3.7697368421052633,Manhattan,Upper East Side,Manhattan,Midtown,2024-03-08,2.8,5.6,True
2457,2024-03-11 01:12:00,2024-03-11 01:23:16,18,9,4.1,12.08,1.0,2,False,False,False,False,False,False,False,11.266666666666667,1,2024-03-11,21.834319526627215,2.9463414634146345,Bronx,Mott Haven,Brooklyn,DUMBO,2024-03-11,1.8,11.3,True
2458,2024-03-30 04:13:00,2024-03-30 04:56:34,7,10,4.17,16.26,3.0,2,False,False,False,False,False,False,False,43.56666666666667,4,2024-03-30,5.74292272379495,3.899280575539569,Brooklyn,Park Slope,Brooklyn,Bed-Stuy,2024-03-30,1.9,18.9,True
2459,2024-03-04 06:29:00,2024-03-04 07:03:01,16,15,2.31,10.15,2.0,1,False,False,False,False,False,False,False,34.016666666666666,6,2024-03-04,4.074473297403234,4.393939393939394,Bronx,Fordham,Queens,Forest Hills,2024-03-04,3.4,18.0,True
2460,2024-03-03 05:27:00,2024-03-03 05:32:32,3,9,2.53,10.5,1.0,1,False,False,False,False,False,False,False,5.533333333333333,5,2024-03-03,27.433734939759034,4.150197628458498,Manhattan,Chelsea,Brooklyn,DUMBO,2024-03-03,1.4,7.4,True
2461,2024-03-03 21:30:00,2024-03-03 21:49:24,18,17,6.09,19.18,1.0,1,False,False,False,False,False,False,False,19.4,21,2024-03-03,18.835051546391753,3.1494252873563218,Bronx,Mott Haven,Bronx,Riverdale,2024-03-03,1.4,7.4,True
2462,2024-03-12 16:11:00,2024-03-12 16:19:07,4,1,2.91,9.68,1.0,1,False,False,False,False,False,False,False,8.116666666666667,16,2024-03-12,21.511293634496923,3.326460481099656,Manhattan,SoHo,Manhattan,Midtown,2024-03-12,0.7,10.8,False
2463,2024-03-06 23:57:00,2024-03-07 00:01:48,9,14,4.49,13.29,1.0,1,False,False,False,False,False,False,False,4.8,23,2024-03-06,56.125,2.9599109131403116,Brooklyn,DUMBO,Queens,Jamaica,2024-03-06,0.0,9.2,False
2464,2024-03-11 22:43:00,2024-03-11 23:01:18,16,15,7.34,25.84,1.0,1,False,False,False,False,False,False,False,18.3,22,2024-03-11,24.065573770491802,3.5204359673024523,Bronx,Fordham,Queens,Forest Hills,2024-03-11,1.8,11.3,True
2465,2024-03-02 15:00:00,2024-03-02 15:09:11,8,20,3.45,12.98,2.0,1,False,False,False,False,False,False,False,9.183333333333334,15,2024-03-02,22.540834845735027,3.76231884057971,Brooklyn,Bushwick,Staten Island,Tottenville,2024-03-02,0.7,3.3,False
2466,2024-03-02 05:05:00,2024-03-02 05:21:51,2,15,7.93,24.46,1.0,1,False,False,False,False,False,False,False,16.85,5,2024-03-02,28.237388724035604,3.084489281210593,Manhattan,Harlem,Queens,Forest Hills,2024-03-02,0.7,3.3,False
2467,2024-03-07 18:27:00,2024-03-07 18:37:22,14,8,2.72,11.26,4.0,1,False,False,False,False,False,False,False,10.366666666666667,18,2024-03-07,15.742765273311898,4.139705882352941,Queens,Jamaica,Brooklyn,Bushwick,2024-03-07,0.0,3.3,False
2468,2024-03-04 22:19:00,2024-03-04 23:11:47,18,11,6.79,24.0,1.0,3,False,False,False,False,False,False,False,52.78333333333333,22,2024-03-04,7.718345437322387,3.5346097201767304,Bronx,Mott Haven,Queens,Astoria,2024-03-04,3.4,18.0,True
2469,2024-03-01 07:35:00,2024-03-01 08:04:53,2,8,1.03,5.9,4.0,1,False,False,False,False,False,False,False,29.883333333333333,7,2024-03-01,2.068042387060792,5.728155339805825,Manhattan,Harlem,Brooklyn,Bushwick,2024-03-01,0.0,4.2,False
2470,2024-03-02 05:54:00,2024-03-02 06:12:41,17,6,5.67,20.85,1.0,1,False,False,False,False,False,False,False,18.683333333333334,5,2024-03-02,18.208742194469224,3.6772486772486777,Bronx,Riverdale,Brooklyn,Williamsburg,2024-03-02,0.7,3.3,False
2471,2024-03-04 18:37:00,2024-03-04 18:46:46,16,4,2.04,8.87,1.0,1,False,False,False,False,False,False,False,9.766666666666667,18,2024-03-04,12.532423208191124,4.348039215686274,Bronx,Fordham,Manhattan,SoHo,2024-03-04,3.4,18.0,True
2472,2024-03-21 22:08:00,2024-03-21 22:37:59,14,11,1.53,6.51,1.0,2,False,False,False,False,False,False,False,29.983333333333334,22,2024-03-21,3.0617009449694272,4.254901960784314,Queens,Jamaica,Queens,Astoria,2024-03-21,0.0,8.6,False
2473,2024-03-30 03:48:00,2024-03-30 04:23:23,15,11,2.51,9.18,1.0,1,False,False,False,False,False,False,False,35.38333333333333,3,2024-03-30,4.256241168158266,3.657370517928287,Queens,Forest Hills,Queens,Astoria,2024-03-30,1.9,18.9,True
2474,2024-03-16 03:23:00,2024-03-16 03:43:41,15,12,2.05,8.51,1.0,2,False,False,False,False,False,False,False,20.683333333333334,3,2024-03-16,5.946817082997582,4.151219512195122,Queens,Forest Hills,Queens,Flushing,2024-03-16,0.5,14.7,False
2475,2024-03-31 20:07:00,2024-03-31 20:11:20,5,11,1.67,8.31,1.0,1,False,False,False,False,False,False,False,4.333333333333333,20,2024-03-31,23.123076923076923,4.976047904191617,Manhattan,Upper East Side,Queens,Astoria,2024-03-31,0.3,10.0,False
2476,2024-03-05 06:42:00,2024-03-05 06:47:09,18,15,4.74,17.45,1.0,1,False,False,False,False,False,False,False,5.15,6,2024-03-05,55.22330097087378,3.681434599156118,Bronx,Mott Haven,Queens,Forest Hills,2024-03-05,2.7,10.6,True
2477,2024-03-12 10:01:00,2024-03-12 10:19:00,11,8,0.83,4.85,2.0,1,False,False,False,False,False,False,False,18.0,10,2024-03-12,2.7666666666666666,5.843373493975903,Queens,Astoria,Brooklyn,Bushwick,2024-03-12,0.7,10.8,False
2478,2024-03-03 07:43:00,2024-03-03 08:00:23,8,17,7.16,19.23,1.0,1,False,False,False,False,False,False,False,17.383333333333333,7,2024-03-03,24.71332694151486,2.685754189944134,Brooklyn,Bushwick,Bronx,Riverdale,2024-03-03,1.4,7.4,True
2479,2024-03-04 07:58:00,2024-03-04 07:59:45,3,9,0.27,3.84,1.0,1,False,False,False,False,False,False,False,1.75,7,2024-03-04,9.257142857142858,14.222222222222221,Manhattan,Chelsea,Brooklyn,DUMBO,2024-03-04,3.4,18.0,True
2480,2024-03-10 13:14:00,2024-03-10 13:45:45,7,18,8.4,24.31,1.0,2,False,False,False,False,False,False,False,31.75,13,2024-03-10,15.874015748031496,2.894047619047619,Brooklyn,Park Slope,Bronx,Mott Haven,2024-03-10,0.0,3.9,False
2481,2024-03-21 21:12:00,2024-03-21 21:25:17,11,6,4.63,16.47,2.0,2,False,False,False,False,False,False,False,13.283333333333333,21,2024-03-21,20.913425345043915,3.5572354211663066,Queens,Astoria,Brooklyn,Williamsburg,2024-03-21,0.0,8.6,False
2482,2024-03-24 05:32:00,2024-03-24 05:44:58,16,11,4.32,14.67,1.0,2,False,False,False,False,False,False,False,12.966666666666667,5,2024-03-24,19.989717223650388,3.395833333333333,Bronx,Fordham,Queens,Astoria,2024-03-24,1.1,11.3,True
2483,2024-03-04 13:08:00,2024-03-04 13:32:02,11,16,0.57,4.65,1.0,2,False,False,False,False,False,False,False,24.033333333333335,13,2024-03-04,1.4230235783633838,8.157894736842106,Queens,Astoria,Bronx,Fordham,2024-03-04,3.4,18.0,True
2484,2024-03-19 17:06:00,2024-03-19 17:16:39,11,7,1.91,7.53,4.0,1,False,False,False,False,False,False,False,10.65,17,2024-03-19,10.760563380281688,3.942408376963351,Queens,Astoria,Brooklyn,Park Slope,2024-03-19,1.1,11.7,True
2485,2024-03-17 16:01:00,2024-03-17 16:20:08,12,6,2.79,10.37,1.0,1,False,False,False,False,False,False,False,19.133333333333333,16,2024-03-17,8.749128919860627,3.7168458781362004,Queens,Flushing,Brooklyn,Williamsburg,2024-03-17,1.8,12.0,True
2486,2024-03-29 21:33:00,2024-03-29 21:57:50,10,14,2.86,11.71,2.0,1,False,False,False,False,False,False,False,24.833333333333332,21,2024-03-29,6.91006711409396,4.094405594405595,Brooklyn,Bed-Stuy,Queens,Jamaica,2024-03-29,1.1,4.2,True
2487,2024-03-13 07:02:00,2024-03-13 07:36:36,18,16,1.34,6.56,2.0,1,False,False,False,False,False,False,False,34.6,7,2024-03-13,2.323699421965318,4.8955223880597005,Bronx,Mott Haven,Bronx,Fordham,2024-03-13,0.7,7.3,False
2488,2024-03-26 11:12:00,2024-03-26 11:20:51,5,13,1.63,6.82,1.0,1,False,False,False,False,False,False,False,8.85,11,2024-03-26,11.050847457627118,4.184049079754602,Manhattan,Upper East Side,Queens,Long Island City,2024-03-26,1.0,4.1,False
2489,2024-03-26 18:33:00,2024-03-26 18:44:32,3,6,4.61,16.51,2.0,2,False,False,False,False,False,False,False,11.533333333333333,18,2024-03-26,23.982658959537574,3.581344902386117,Manhattan,Chelsea,Brooklyn,Williamsburg,2024-03-26,1.0,4.1,False
2490,2024-03-10 13:32:00,2024-03-10 14:05:46,1,2,0.5,4.12,1.0,1,False,False,False,False,False,False,False,33.766666666666666,13,2024-03-10,0.8884501480750248,8.24,Manhattan,Midtown,Manhattan,Harlem,2024-03-10,0.0,3.9,False
2491,2024-03-14 01:59:00,2024-03-14 02:19:21,11,20,2.83,10.69,2.0,1,False,False,False,False,False,False,False,20.35,1,2024-03-14,8.343980343980345,3.7773851590106005,Queens,Astoria,Staten Island,Tottenville,2024-03-14,1.5,5.8,True
2492,2024-03-30 04:06:00,2024-03-30 04:25:16,6,15,2.66,11.09,1.0,1,False,False,False,False,False,False,False,19.266666666666666,4,2024-03-30,8.283737024221455,4.169172932330826,Brooklyn,Williamsburg,Queens,Forest Hills,2024-03-30,1.9,18.9,True
2493,2024-03-06 15:27:00,2024-03-06 15:36:01,20,17,1.11,6.29,1.0,1,False,False,False,False,False,False,False,9.016666666666667,15,2024-03-06,7.3863216266173755,5.666666666666666,Staten Island,Tottenville,Bronx,Riverdale,2024-03-06,0.0,9.2,False
2494,2024-03-20 03:23:00,2024-03-20 03:30:28,5,1,1.34,7.23,1.0,1,False,False,False,False,False,False,False,7.466666666666667,3,2024-03-20,10.767857142857144,5.395522388059701,Manhattan,Upper East Side,Manhattan,Midtown,2024-03-20,1.4,11.9,True
2495,2024-03-05 23:59:00,2024-03-06 00:32:30,14,17,2.37,8.89,1.0,3,False,False,False,False,False,False,False,33.5,23,2024-03-05,4.244776119402985,3.7510548523206753,Queens,Jamaica,Bronx,Riverdale,2024-03-05,2.7,10.6,True
2496,2024-03-05 15:50:00,2024-03-05 16:07:48,18,15,2.68,9.02,1.0,1,False,False,False,False,False,False,False,17.8,15,2024-03-05,9.03370786516854,3.3656716417910446,Bronx,Mott Haven,Queens,Forest Hills,2024-03-05,2.7,10.6,True
2497,2024-03-27 22:08:00,2024-03-27 22:20:25,3,20,1.36,6.43,2.0,2,False,False,False,False,False,False,False,12.416666666666666,22,2024-03-27,6.571812080536914,4.727941176470588,Manhattan,Chelsea,Staten Island,Tottenville,2024-03-27,2.1,4.2,True
2498,2024-03-15 09:14:00,2024-03-15 09:32:30,16,6,2.23,8.85,2.0,2,False,False,False,False,False,False,False,18.5,9,2024-03-15,7.232432432432432,3.9686098654708517,Bronx,Fordham,Brooklyn,Williamsburg,2024-03-15,2.5,10.9,True
2499,2024-03-23 10:33:00,2024-03-23 11:18:26,9,10,6.3,18.5,1.0,1,False,False,False,False,False,False,False,45.43333333333333,10,2024-03-23,8.319882611885548,2.9365079365079367,Brooklyn,DUMBO,Brooklyn,Bed-Stuy,2024-03-23,1.2,5.9,True
2500,2024-03-14 02:55:00,2024-03-14 03:17:35,7,17,0.59,4.53,1.0,1,False,False,False,False,False,False,False,22.583333333333332,2,2024-03-14,1.5675276752767526,7.677966101694916,Brooklyn,Park Slope,Bronx,Riverdale,2024-03-14,1.5,5.8,True
2501,2024-03-21 17:20:00,2024-03-21 17:44:11,6,1,1.58,7.27,1.0,1,False,False,False,False,False,False,False,24.183333333333334,17,2024-03-21,3.920055134390076,4.60126582278481,Brooklyn,Williamsburg,Manhattan,Midtown,2024-03-21,0.0,8.6,False
2502,2024-03-29 05:25:00,2024-03-29 05:38:54,1,9,2.26,8.48,1.0,2,False,False,False,False,False,False,False,13.9,5,2024-03-29,9.755395683453237,3.7522123893805315,Manhattan,Midtown,Brooklyn,DUMBO,2024-03-29,1.1,4.2,True
2503,2024-03-05 12:40:00,2024-03-05 12:48:38,10,14,0.76,5.26,1.0,2,False,False,False,False,False,False,False,8.633333333333333,12,2024-03-05,5.281853281853283,6.921052631578947,Brooklyn,Bed-Stuy,Queens,Jamaica,2024-03-05,2.7,10.6,True
2504,2024-03-20 04:29:00,2024-03-20 05:03:00,9,4,4.41,14.85,1.0,1,False,False,False,False,False,False,False,34.0,4,2024-03-20,7.782352941176471,3.36734693877551,Brooklyn,DUMBO,Manhattan,SoHo,2024-03-20,1.4,11.9,True
2505,2024-03-20 19:36:00,2024-03-20 19:45:15,8,20,2.37,10.23,2.0,1,False,False,False,False,False,False,False,9.25,19,2024-03-20,15.372972972972972,4.3164556962025316,Brooklyn,Bushwick,Staten Island,Tottenville,2024-03-20,1.4,11.9,True
2506,2024-03-01 04:24:00,2024-03-01 04:34:23,11,1,2.92,11.06,1.0,1,False,False,False,False,False,False,False,10.383333333333333,4,2024-03-01,16.87319422150883,3.7876712328767126,Queens,Astoria,Manhattan,Midtown,2024-03-01,0.0,4.2,False
2507,2024-03-15 04:03:00,2024-03-15 04:17:38,3,18,2.19,9.95,1.0,1,False,False,False,False,False,False,False,14.633333333333333,4,2024-03-15,8.979498861047837,4.543378995433789,Manhattan,Chelsea,Bronx,Mott Haven,2024-03-15,2.5,10.9,True
2508,2024-03-31 22:15:00,2024-03-31 22:26:13,6,8,2.15,8.93,1.0,2,False,False,False,False,False,False,False,11.216666666666667,22,2024-03-31,11.50074294205052,4.153488372093023,Brooklyn,Williamsburg,Brooklyn,Bushwick,2024-03-31,0.3,10.0,False
2509,2024-03-03 09:52:00,2024-03-03 09:58:05,10,7,0.99,5.85,1.0,1,False,False,False,False,False,False,False,6.083333333333333,9,2024-03-03,9.764383561643836,5.909090909090909,Brooklyn,Bed-Stuy,Brooklyn,Park Slope,2024-03-03,1.4,7.4,True
2510,2024-03-27 18:50:00,2024-03-27 19:04:19,4,16,9.05,29.6,1.0,1,False,False,False,False,False,False,False,14.316666666666666,18,2024-03-27,37.92782305005821,3.270718232044199,Manhattan,SoHo,Bronx,Fordham,2024-03-27,2.1,4.2,True
2511,2024-03-29 06:49:00,2024-03-29 07:05:13,2,14,5.68,19.13,0.0,2,False,False,False,True,True,False,False,16.216666666666665,6,2024-03-29,21.015416238437822,3.367957746478873,Manhattan,Harlem,Queens,Jamaica,2024-03-29,1.1,4.2,True
2512,2024-03-20 21:27:00,2024-03-20 21:35:55,9,15,8.95,28.49,2.0,1,False,False,False,False,False,False,False,8.916666666666666,21,2024-03-20,60.22429906542055,3.183240223463687,Brooklyn,DUMBO,Queens,Forest Hills,2024-03-20,1.4,11.9,True
2513,2024-03-21 05:46:00,2024-03-21 05:59:59,16,4,0.34,4.08,1.0,1,False,False,False,False,False,False,False,13.983333333333333,5,2024-03-21,1.458879618593564,12.0,Bronx,Fordham,Manhattan,SoHo,2024-03-21,0.0,8.6,False
2514,2024-03-29 18:50:00,2024-03-29 19:28:08,9,10,3.63,11.54,1.0,1,False,False,False,False,False,False,False,38.13333333333333,18,2024-03-29,5.711538461538462,3.1790633608815426,Brooklyn,DUMBO,Brooklyn,Bed-Stuy,2024-03-29,1.1,4.2,True
2515,2024-03-10 13:31:00,2024-03-10 13:47:13,6,14,1.45,7.02,1.0,1,False,False,False,False,False,False,False,16.216666666666665,13,2024-03-10,5.364850976361769,4.841379310344827,Brooklyn,Williamsburg,Queens,Jamaica,2024-03-10,0.0,3.9,False
2516,2024-03-02 23:12:00,2024-03-02 23:34:17,16,17,4.63,17.46,1.0,2,False,False,False,False,False,False,False,22.283333333333335,23,2024-03-02,12.466716529543753,3.7710583153347734,Bronx,Fordham,Bronx,Riverdale,2024-03-02,0.7,3.3,False
2517,2024-03-22 03:27:00,2024-03-22 03:29:42,17,19,1.73,7.85,1.0,3,False,False,False,False,False,False,False,2.7,3,2024-03-22,38.44444444444444,4.53757225433526,Bronx,Riverdale,Staten Island,St. George,2024-03-22,0.0,8.6,False
2518,2024-03-16 15:22:00,2024-03-16 15:39:07,10,18,4.85,14.93,1.0,1,False,False,False,False,False,False,False,17.116666666666667,15,2024-03-16,17.00097370983447,3.0783505154639177,Brooklyn,Bed-Stuy,Bronx,Mott Haven,2024-03-16,0.5,14.7,False
2519,2024-03-11 20:52:00,2024-03-11 20:57:27,8,10,3.01,10.99,3.0,2,False,False,False,False,False,False,False,5.45,20,2024-03-11,33.13761467889908,3.6511627906976747,Brooklyn,Bushwick,Brooklyn,Bed-Stuy,2024-03-11,1.8,11.3,True
2520,2024-03-03 20:26:00,2024-03-03 20:28:25,10,12,1.8,8.59,1.0,1,False,False,False,False,False,False,False,2.4166666666666665,20,2024-03-03,44.6896551724138,4.772222222222222,Brooklyn,Bed-Stuy,Queens,Flushing,2024-03-03,1.4,7.4,True
2521,2024-03-19 23:30:00,2024-03-19 23:52:20,7,7,3.02,10.28,1.0,3,False,False,False,False,False,False,False,22.333333333333332,23,2024-03-19,8.113432835820896,3.4039735099337745,Brooklyn,Park Slope,Brooklyn,Park Slope,2024-03-19,1.1,11.7,True
2522,2024-03-13 07:25:00,2024-03-13 07:36:05,8,20,2.71,9.11,1.0,1,False,False,False,False,False,False,False,11.083333333333334,7,2024-03-13,14.670676691729323,3.3616236162361623,Brooklyn,Bushwick,Staten Island,Tottenville,2024-03-13,0.7,7.3,False
2523,2024-03-25 13:22:00,2024-03-25 13:47:30,8,13,1.8,7.13,2.0,2,False,False,False,False,False,False,False,25.5,13,2024-03-25,4.235294117647059,3.961111111111111,Brooklyn,Bushwick,Queens,Long Island City,2024-03-25,0.0,7.3,False
2524,2024-03-13 04:57:00,2024-03-13 05:17:50,10,10,0.5,4.55,2.0,1,False,False,False,False,False,False,False,20.833333333333332,4,2024-03-13,1.44,9.1,Brooklyn,Bed-Stuy,Brooklyn,Bed-Stuy,2024-03-13,0.7,7.3,False
2525,2024-03-23 18:52:00,2024-03-23 19:09:32,19,16,3.14,10.61,1.0,1,False,False,False,False,False,False,False,17.533333333333335,18,2024-03-23,10.745247148288971,3.378980891719745,Staten Island,St. George,Bronx,Fordham,2024-03-23,1.2,5.9,True
2526,2024-03-20 09:57:00,2024-03-20 10:26:59,3,15,4.74,17.51,1.0,1,False,False,False,False,False,False,False,29.983333333333334,9,2024-03-20,9.48526959421901,3.6940928270042197,Manhattan,Chelsea,Queens,Forest Hills,2024-03-20,1.4,11.9,True
2527,2024-03-09 04:23:00,2024-03-09 04:40:15,16,8,3.43,10.98,1.0,2,False,False,False,False,False,False,False,17.25,4,2024-03-09,11.930434782608698,3.2011661807580176,Bronx,Fordham,Brooklyn,Bushwick,2024-03-09,4.2,4.7,True
2528,2024-03-19 15:23:00,2024-03-19 15:55:11,11,5,5.0,16.45,1.0,1,False,False,False,False,False,False,False,32.18333333333333,15,2024-03-19,9.321595028482653,3.29,Queens,Astoria,Manhattan,Upper East Side,2024-03-19,1.1,11.7,True
2529,2024-03-14 06:24:00,2024-03-14 06:30:42,5,13,2.19,8.61,2.0,2,False,False,False,False,False,False,False,6.7,6,2024-03-14,19.611940298507463,3.931506849315068,Manhattan,Upper East Side,Queens,Long Island City,2024-03-14,1.5,5.8,True
2530,2024-03-27 13:50:00,2024-03-27 14:18:03,9,18,0.85,4.9,1.0,1,False,False,False,False,False,False,False,28.05,13,2024-03-27,1.8181818181818181,5.764705882352942,Brooklyn,DUMBO,Bronx,Mott Haven,2024-03-27,2.1,4.2,True
2531,2024-03-03 19:53:00,2024-03-03 20:31:09,2,3,7.71,21.42,1.0,1,False,False,False,False,False,False,False,38.15,19,2024-03-03,12.125819134993446,2.778210116731518,Manhattan,Harlem,Manhattan,Chelsea,2024-03-03,1.4,7.4,True
2532,2024-03-17 14:04:00,2024-03-17 14:23:16,20,15,9.52,28.12,1.0,1,False,False,False,False,False,False,False,19.266666666666666,14,2024-03-17,29.647058823529413,2.953781512605042,Staten Island,Tottenville,Queens,Forest Hills,2024-03-17,1.8,12.0,True
2533,2024-03-12 20:56:00,2024-03-12 21:02:46,11,6,8.2,21.98,2.0,1,False,False,False,False,False,False,False,6.766666666666667,20,2024-03-12,72.70935960591132,2.680487804878049,Queens,Astoria,Brooklyn,Williamsburg,2024-03-12,0.7,10.8,False
2534,2024-03-02 11:34:00,2024-03-02 11:58:39,8,3,6.44,18.0,1.0,1,False,False,False,False,False,False,False,24.65,11,2024-03-02,15.675456389452334,2.795031055900621,Brooklyn,Bushwick,Manhattan,Chelsea,2024-03-02,0.7,3.3,False
2535,2024-03-30 08:03:00,2024-03-30 08:16:37,9,20,6.03,18.6,1.0,1,False,False,False,False,False,False,False,13.616666666666667,8,2024-03-30,26.570379436964505,3.084577114427861,Brooklyn,DUMBO,Staten Island,Tottenville,2024-03-30,1.9,18.9,True
2536,2024-03-08 04:42:00,2024-03-08 04:50:32,3,9,1.63,6.62,1.0,2,False,False,False,False,False,False,False,8.533333333333333,4,2024-03-08,11.4609375,4.061349693251534,Manhattan,Chelsea,Brooklyn,DUMBO,2024-03-08,2.8,5.6,True
2537,2024-03-28 07:00:00,2024-03-28 07:10:23,14,10,1.09,5.61,2.0,1,False,False,False,False,False,False,False,10.383333333333333,7,2024-03-28,6.298555377207063,5.146788990825688,Queens,Jamaica,Brooklyn,Bed-Stuy,2024-03-28,1.2,7.8,True
2538,2024-03-05 12:06:00,2024-03-05 12:14:46,10,2,3.1,12.15,1.0,2,False,False,False,False,False,False,False,8.766666666666667,12,2024-03-05,21.21673003802281,3.9193548387096775,Brooklyn,Bed-Stuy,Manhattan,Harlem,2024-03-05,2.7,10.6,True
2539,2024-03-07 12:10:00,2024-03-07 12:46:07,20,9,4.58,14.88,1.0,1,False,False,False,False,False,False,False,36.11666666666667,12,2024-03-07,7.608675588371019,3.2489082969432315,Staten Island,Tottenville,Brooklyn,DUMBO,2024-03-07,0.0,3.3,False
2540,2024-03-19 21:42:00,2024-03-19 21:53:18,10,7,0.47,4.41,1.0,1,False,False,False,False,False,False,False,11.3,21,2024-03-19,2.4955752212389375,9.382978723404257,Brooklyn,Bed-Stuy,Brooklyn,Park Slope,2024-03-19,1.1,11.7,True
2541,2024-03-23 14:04:00,2024-03-23 14:27:18,1,18,4.25,16.6,2.0,1,False,False,False,False,False,False,False,23.3,14,2024-03-23,10.94420600858369,3.905882352941177,Manhattan,Midtown,Bronx,Mott Haven,2024-03-23,1.2,5.9,True
2542,2024-03-25 13:11:00,2024-03-25 13:18:59,9,3,1.43,6.61,1.0,1,False,False,False,False,False,False,False,7.983333333333333,13,2024-03-25,10.747390396659707,4.6223776223776225,Brooklyn,DUMBO,Manhattan,Chelsea,2024-03-25,0.0,7.3,False
2543,2024-03-08 01:28:00,2024-03-08 01:52:22,17,1,11.47,34.89,2.0,1,False,False,False,False,False,False,False,24.366666666666667,1,2024-03-08,28.243502051983583,3.041848299912816,Bronx,Riverdale,Manhattan,Midtown,2024-03-08,2.8,5.6,True
2544,2024-03-11 17:27:00,2024-03-11 17:50:18,18,16,3.31,10.99,1.0,3,False,False,False,False,False,False,False,23.3,17,2024-03-11,8.52360515021459,3.3202416918429005,Bronx,Mott Haven,Bronx,Fordham,2024-03-11,1.8,11.3,True
2545,2024-03-13 12:03:00,2024-03-13 12:24:57,9,12,1.9,9.03,2.0,1,False,False,False,False,False,False,False,21.95,12,2024-03-13,5.193621867881548,4.752631578947368,Brooklyn,DUMBO,Queens,Flushing,2024-03-13,0.7,7.3,False
2546,2024-03-24 00:35:00,2024-03-24 00:57:41,8,20,2.4,9.9,2.0,1,False,False,False,False,False,False,False,22.683333333333334,0,2024-03-24,6.348273328434974,4.125,Brooklyn,Bushwick,Staten Island,Tottenville,2024-03-24,1.1,11.3,True
2547,2024-03-20 16:14:00,2024-03-20 16:21:21,6,16,1.07,5.67,1.0,1,False,False,False,False,False,False,False,7.35,16,2024-03-20,8.73469387755102,5.299065420560748,Brooklyn,Williamsburg,Bronx,Fordham,2024-03-20,1.4,11.9,True
2548,2024-03-21 19:22:00,2024-03-21 19:26:28,9,3,3.37,10.75,1.0,1,False,False,False,False,False,False,False,4.466666666666667,19,2024-03-21,45.26865671641791,3.1899109792284865,Brooklyn,DUMBO,Manhattan,Chelsea,2024-03-21,0.0,8.6,False
2549,2024-03-30 16:49:00,2024-03-30 17:59:03,6,8,1.05,5.39,1.0,2,False,False,False,False,False,False,False,70.05,16,2024-03-30,0.8993576017130621,5.133333333333333,Brooklyn,Williamsburg,Brooklyn,Bushwick,2024-03-30,1.9,18.9,True
2550,2024-03-25 13:43:00,2024-03-25 14:02:54,11,7,2.92,12.18,1.0,1,False,False,False,False,False,False,False,19.9,13,2024-03-25,8.804020100502512,4.171232876712328,Queens,Astoria,Brooklyn,Park Slope,2024-03-25,0.0,7.3,False
2551,2024-03-13 16:46:00,2024-03-13 16:55:54,5,1,4.4,13.61,1.0,1,False,False,False,False,False,False,False,9.9,16,2024-03-13,26.666666666666668,3.093181818181818,Manhattan,Upper East Side,Manhattan,Midtown,2024-03-13,0.7,7.3,False
2552,2024-03-22 04:28:00,2024-03-22 04:35:10,16,9,2.74,10.8,2.0,1,False,False,False,False,False,False,False,7.166666666666667,4,2024-03-22,22.93953488372093,3.9416058394160585,Bronx,Fordham,Brooklyn,DUMBO,2024-03-22,0.0,8.6,False
2553,2024-03-30 15:34:00,2024-03-30 15:57:36,6,3,4.69,14.7,1.0,2,False,False,False,False,False,False,False,23.6,15,2024-03-30,11.923728813559322,3.134328358208955,Brooklyn,Williamsburg,Manhattan,Chelsea,2024-03-30,1.9,18.9,True
2554,2024-03-30 00:23:00,2024-03-30 01:08:01,5,5,3.45,11.24,1.0,1,False,False,False,False,False,False,False,45.016666666666666,0,2024-03-30,4.598296927064051,3.2579710144927536,Manhattan,Upper East Side,Manhattan,Upper East Side,2024-03-30,1.9,18.9,True
2555,2024-03-30 12:43:00,2024-03-30 13:01:32,20,18,0.45,4.24,4.0,2,False,False,False,False,False,False,False,18.533333333333335,12,2024-03-30,1.4568345323741005,9.422222222222222,Staten Island,Tottenville,Bronx,Mott Haven,2024-03-30,1.9,18.9,True
2556,2024-03-22 01:29:00,2024-03-22 01:32:10,20,16,4.04,14.48,4.0,3,False,False,False,False,False,False,False,3.1666666666666665,1,2024-03-22,76.54736842105264,3.5841584158415842,Staten Island,Tottenville,Bronx,Fordham,2024-03-22,0.0,8.6,False
2557,2024-03-15 18:13:00,2024-03-15 18:29:05,7,18,1.16,6.63,1.0,1,False,False,False,False,False,False,False,16.083333333333332,18,2024-03-15,4.327461139896373,5.7155172413793105,Brooklyn,Park Slope,Bronx,Mott Haven,2024-03-15,2.5,10.9,True
2558,2024-03-09 23:08:00,2024-03-09 23:45:19,13,4,0.77,5.41,1.0,2,False,False,False,False,False,False,False,37.31666666666667,23,2024-03-09,1.2380527020991512,7.025974025974026,Queens,Long Island City,Manhattan,SoHo,2024-03-09,4.2,4.7,True
2559,2024-03-31 11:46:00,2024-03-31 12:07:05,5,19,5.26,17.75,2.0,3,False,False,False,False,False,False,False,21.083333333333332,11,2024-03-31,14.969169960474309,3.3745247148288975,Manhattan,Upper East Side,Staten Island,St. George,2024-03-31,0.3,10.0,False
2560,2024-03-03 13:22:00,2024-03-03 13:27:08,5,7,2.62,10.75,1.0,1,False,False,False,False,False,False,False,5.133333333333334,13,2024-03-03,30.623376623376622,4.103053435114504,Manhattan,Upper East Side,Brooklyn,Park Slope,2024-03-03,1.4,7.4,True
2561,2024-03-05 14:59:00,2024-03-05 15:09:20,3,16,0.27,3.69,4.0,2,False,False,False,False,False,False,False,10.333333333333334,14,2024-03-05,1.567741935483871,13.666666666666666,Manhattan,Chelsea,Bronx,Fordham,2024-03-05,2.7,10.6,True
2562,2024-03-02 15:03:00,2024-03-02 15:14:10,11,2,2.68,9.35,1.0,2,False,False,False,False,False,False,False,11.166666666666666,15,2024-03-02,14.400000000000002,3.4888059701492535,Queens,Astoria,Manhattan,Harlem,2024-03-02,0.7,3.3,False
2563,2024-03-31 18:16:47,2024-03-31 18:02:00,19,17,4.97,14.48,1.0,2,True,False,False,False,True,False,False,-14.783333333333333,18,2024-03-31,-20.171364148816235,2.9134808853118717,Staten Island,St. George,Bronx,Riverdale,2024-03-31,0.3,10.0,False
2564,2024-03-05 16:48:00,2024-03-05 17:04:00,9,20,0.9,5.36,2.0,2,False,False,False,False,False,False,False,16.0,16,2024-03-05,3.375,5.955555555555556,Brooklyn,DUMBO,Staten Island,Tottenville,2024-03-05,2.7,10.6,True
2565,2024-03-01 22:27:00,2024-03-01 22:33:03,17,11,4.34,14.53,1.0,1,False,False,False,False,False,False,False,6.05,22,2024-03-01,43.04132231404959,3.347926267281106,Bronx,Riverdale,Queens,Astoria,2024-03-01,0.0,4.2,False
2566,2024-03-15 11:09:00,2024-03-15 11:21:46,10,17,2.6,9.28,1.0,1,False,False,False,False,False,False,False,12.766666666666667,11,2024-03-15,12.219321148825065,3.569230769230769,Brooklyn,Bed-Stuy,Bronx,Riverdale,2024-03-15,2.5,10.9,True
2567,2024-03-19 22:04:00,2024-03-19 22:06:29,14,14,4.42,12.92,2.0,1,False,False,False,False,False,False,False,2.4833333333333334,22,2024-03-19,106.79194630872482,2.923076923076923,Queens,Jamaica,Queens,Jamaica,2024-03-19,1.1,11.7,True
2568,2024-03-19 22:41:00,2024-03-19 22:47:27,6,6,4.22,14.77,1.0,1,False,False,False,False,False,False,False,6.45,22,2024-03-19,39.25581395348837,3.5,Brooklyn,Williamsburg,Brooklyn,Williamsburg,2024-03-19,1.1,11.7,True
2569,2024-03-26 21:29:00,2024-03-26 21:45:00,3,18,2.24,9.92,1.0,2,False,False,False,False,False,False,False,16.0,21,2024-03-26,8.4,4.428571428571428,Manhattan,Chelsea,Bronx,Mott Haven,2024-03-26,1.0,4.1,False
2570,2024-03-17 08:36:00,2024-03-17 08:53:14,18,1,1.22,6.46,1.0,1,False,False,False,False,False,False,False,17.233333333333334,8,2024-03-17,4.247582205029014,5.295081967213115,Bronx,Mott Haven,Manhattan,Midtown,2024-03-17,1.8,12.0,True
2571,2024-03-18 04:42:00,2024-03-18 05:11:48,15,2,8.27,23.34,3.0,1,False,False,False,False,False,False,False,29.8,4,2024-03-18,16.651006711409394,2.822249093107618,Queens,Forest Hills,Manhattan,Harlem,2024-03-18,1.5,8.4,True
2572,2024-03-22 10:35:00,2024-03-22 10:47:16,7,19,6.72,21.92,2.0,1,False,False,False,False,False,False,False,12.266666666666667,10,2024-03-22,32.869565217391305,3.2619047619047623,Brooklyn,Park Slope,Staten Island,St. George,2024-03-22,0.0,8.6,False
2573,2024-03-24 16:38:00,2024-03-24 16:57:18,2,8,4.96,18.75,1.0,1,False,False,False,False,False,False,False,19.3,16,2024-03-24,15.419689119170984,3.780241935483871,Manhattan,Harlem,Brooklyn,Bushwick,2024-03-24,1.1,11.3,True
2574,2024-03-22 16:22:00,2024-03-22 16:33:40,15,18,1.74,8.55,1.0,1,False,False,False,False,False,False,False,11.666666666666666,16,2024-03-22,8.948571428571428,4.913793103448277,Queens,Forest Hills,Bronx,Mott Haven,2024-03-22,0.0,8.6,False
2575,2024-03-23 01:37:00,2024-03-23 01:40:27,14,19,3.39,12.31,1.0,1,False,False,False,False,False,False,False,3.45,1,2024-03-23,58.95652173913044,3.631268436578171,Queens,Jamaica,Staten Island,St. George,2024-03-23,1.2,5.9,True
2576,2024-03-06 13:18:00,2024-03-06 13:38:28,15,16,1.14,5.64,3.0,1,False,False,False,False,False,False,False,20.466666666666665,13,2024-03-06,3.3420195439739415,4.947368421052632,Queens,Forest Hills,Bronx,Fordham,2024-03-06,0.0,9.2,False
2577,2024-03-03 17:50:00,2024-03-03 17:57:22,14,12,4.38,14.49,1.0,1,False,False,False,False,False,False,False,7.366666666666666,17,2024-03-03,35.67420814479638,3.308219178082192,Queens,Jamaica,Queens,Flushing,2024-03-03,1.4,7.4,True
2578,2024-03-03 17:57:00,2024-03-03 18:14:05,7,16,6.15,17.72,1.0,1,False,False,False,False,False,False,False,17.083333333333332,17,2024-03-03,21.6,2.8813008130081297,Brooklyn,Park Slope,Bronx,Fordham,2024-03-03,1.4,7.4,True
2579,2024-03-20 10:40:00,2024-03-20 10:48:57,20,19,7.11,20.99,3.0,1,False,False,False,False,False,False,False,8.95,10,2024-03-20,47.664804469273754,2.952180028129395,Staten Island,Tottenville,Staten Island,St. George,2024-03-20,1.4,11.9,True
2580,2024-03-21 21:52:00,2024-03-21 22:08:32,20,6,1.34,5.97,,1,False,False,False,True,True,False,False,16.533333333333335,21,2024-03-21,4.862903225806451,4.455223880597014,Staten Island,Tottenville,Brooklyn,Williamsburg,2024-03-21,0.0,8.6,False
2581,2024-03-03 12:59:00,2024-03-03 13:09:04,6,1,2.4,9.89,2.0,1,False,False,False,False,False,False,False,10.066666666666666,12,2024-03-03,14.304635761589404,4.120833333333334,Brooklyn,Williamsburg,Manhattan,Midtown,2024-03-03,1.4,7.4,True
2582,2024-03-02 10:35:00,2024-03-02 10:51:06,13,20,0.5,4.33,1.0,1,False,False,False,False,False,False,False,16.1,10,2024-03-02,1.8633540372670805,8.66,Queens,Long Island City,Staten Island,Tottenville,2024-03-02,0.7,3.3,False
2583,2024-03-12 02:27:00,2024-03-12 02:45:23,20,5,1.73,7.11,2.0,2,False,False,False,False,False,False,False,18.383333333333333,2,2024-03-12,5.646418857660925,4.109826589595376,Staten Island,Tottenville,Manhattan,Upper East Side,2024-03-12,0.7,10.8,False
2584,2024-03-02 04:42:00,2024-03-02 05:08:24,8,3,0.51,4.27,1.0,1,False,False,False,False,False,False,False,26.4,4,2024-03-02,1.1590909090909092,8.372549019607842,Brooklyn,Bushwick,Manhattan,Chelsea,2024-03-02,0.7,3.3,False
2585,2024-03-01 15:24:00,2024-03-01 15:35:08,6,11,1.04,5.83,4.0,1,False,False,False,False,False,False,False,11.133333333333333,15,2024-03-01,5.604790419161676,5.605769230769231,Brooklyn,Williamsburg,Queens,Astoria,2024-03-01,0.0,4.2,False
2586,2024-03-17 06:10:00,2024-03-17 06:20:57,11,13,3.95,14.54,1.0,1,False,False,False,False,False,False,False,10.95,6,2024-03-17,21.64383561643836,3.6810126582278477,Queens,Astoria,Queens,Long Island City,2024-03-17,1.8,12.0,True
2587,2024-03-08 17:02:00,2024-03-08 17:17:15,10,3,1.03,5.61,1.0,1,False,False,False,False,False,False,False,15.25,17,2024-03-08,4.052459016393443,5.446601941747573,Brooklyn,Bed-Stuy,Manhattan,Chelsea,2024-03-08,2.8,5.6,True
2588,2024-03-15 01:30:00,2024-03-15 01:49:16,4,16,1.95,8.82,1.0,1,False,False,False,False,False,False,False,19.266666666666666,1,2024-03-15,6.072664359861593,4.523076923076923,Manhattan,SoHo,Bronx,Fordham,2024-03-15,2.5,10.9,True
2589,2024-03-16 00:04:00,2024-03-16 00:08:09,10,12,1.88,7.38,2.0,1,False,False,False,False,False,False,False,4.15,0,2024-03-16,27.180722891566262,3.925531914893617,Brooklyn,Bed-Stuy,Queens,Flushing,2024-03-16,0.5,14.7,False
2590,2024-03-03 00:03:00,2024-03-03 00:11:27,19,18,4.93,17.87,1.0,2,False,False,False,False,False,False,False,8.45,0,2024-03-03,35.005917159763314,3.62474645030426,Staten Island,St. George,Bronx,Mott Haven,2024-03-03,1.4,7.4,True
2591,2024-03-04 21:08:00,2024-03-04 21:11:10,8,13,1.35,7.22,1.0,1,False,False,False,False,False,False,False,3.1666666666666665,21,2024-03-04,25.578947368421055,5.348148148148147,Brooklyn,Bushwick,Queens,Long Island City,2024-03-04,3.4,18.0,True
2592,2024-03-20 17:54:00,2024-03-20 17:58:58,8,14,5.04,14.13,1.0,1,False,False,False,False,False,False,False,4.966666666666667,17,2024-03-20,60.88590604026845,2.803571428571429,Brooklyn,Bushwick,Queens,Jamaica,2024-03-20,1.4,11.9,True
2593,2024-03-24 12:01:00,2024-03-24 12:03:39,7,17,0.94,5.27,1.0,1,False,False,False,False,False,False,False,2.65,12,2024-03-24,21.28301886792453,5.6063829787234045,Brooklyn,Park Slope,Bronx,Riverdale,2024-03-24,1.1,11.3,True
2594,2024-03-02 23:37:00,2024-03-02 23:46:11,16,17,0.35,3.99,1.0,2,False,False,False,False,False,False,False,9.183333333333334,23,2024-03-02,2.2867513611615244,11.400000000000002,Bronx,Fordham,Bronx,Riverdale,2024-03-02,0.7,3.3,False
2595,2024-03-28 08:53:00,2024-03-28 09:24:59,7,7,4.02,15.32,1.0,1,False,False,False,False,False,False,False,31.983333333333334,8,2024-03-28,7.541427826993224,3.8109452736318414,Brooklyn,Park Slope,Brooklyn,Park Slope,2024-03-28,1.2,7.8,True
2596,2024-03-08 12:06:00,2024-03-08 12:18:37,16,8,1.08,6.06,1.0,1,False,False,False,False,False,False,False,12.616666666666667,12,2024-03-08,5.136063408190225,5.611111111111111,Bronx,Fordham,Brooklyn,Bushwick,2024-03-08,2.8,5.6,True
2597,2024-03-18 13:49:00,2024-03-18 14:22:53,2,7,4.33,14.58,2.0,2,False,False,False,False,False,False,False,33.88333333333333,13,2024-03-18,7.6674864731923265,3.367205542725173,Manhattan,Harlem,Brooklyn,Park Slope,2024-03-18,1.5,8.4,True
2598,2024-03-18 21:16:00,2024-03-18 21:45:49,2,14,3.68,12.07,1.0,1,False,False,False,False,False,False,False,29.816666666666666,21,2024-03-18,7.405254332029067,3.279891304347826,Manhattan,Harlem,Queens,Jamaica,2024-03-18,1.5,8.4,True
2599,2024-03-31 16:26:00,2024-03-31 16:35:02,12,10,1.64,7.5,1.0,2,False,False,False,False,False,False,False,9.033333333333333,16,2024-03-31,10.892988929889299,4.573170731707317,Queens,Flushing,Brooklyn,Bed-Stuy,2024-03-31,0.3,10.0,False
2600,2024-03-29 08:30:00,2024-03-29 08:39:23,7,12,5.47,17.96,4.0,2,False,False,False,False,False,False,False,9.383333333333333,8,2024-03-29,34.97690941385435,3.2833638025594154,Brooklyn,Park Slope,Queens,Flushing,2024-03-29,1.1,4.2,True
2601,2024-03-28 11:29:00,2024-03-28 11:38:42,9,10,4.4,13.05,1.0,1,False,False,False,False,False,False,False,9.7,11,2024-03-28,27.216494845360828,2.965909090909091,Brooklyn,DUMBO,Brooklyn,Bed-Stuy,2024-03-28,1.2,7.8,True
2602,2024-03-26 00:27:00,2024-03-26 00:52:46,3,7,2.28,8.02,3.0,1,False,False,False,False,False,False,False,25.766666666666666,0,2024-03-26,5.309184993531694,3.517543859649123,Manhattan,Chelsea,Brooklyn,Park Slope,2024-03-26,1.0,4.1,False
2603,2024-03-20 22:44:00,2024-03-20 23:03:24,9,11,6.44,20.3,4.0,1,False,False,False,False,False,False,False,19.4,22,2024-03-20,19.91752577319588,3.152173913043478,Brooklyn,DUMBO,Queens,Astoria,2024-03-20,1.4,11.9,True
2604,2024-03-05 16:21:00,2024-03-05 16:41:29,20,12,0.25,3.72,1.0,1,False,False,False,False,False,False,False,20.483333333333334,16,2024-03-05,0.7323026851098453,14.88,Staten Island,Tottenville,Queens,Flushing,2024-03-05,2.7,10.6,True
2605,2024-03-15 13:25:00,2024-03-15 14:01:17,20,8,0.33,3.83,2.0,2,False,False,False,False,False,False,False,36.28333333333333,13,2024-03-15,0.5457050987597613,11.606060606060606,Staten Island,Tottenville,Brooklyn,Bushwick,2024-03-15,2.5,10.9,True
2606,2024-03-26 08:59:00,2024-03-26 09:05:29,11,19,2.93,11.18,1.0,1,False,False,False,False,False,False,False,6.483333333333333,8,2024-03-26,27.115681233933163,3.815699658703071,Queens,Astoria,Staten Island,St. George,2024-03-26,1.0,4.1,False
2607,2024-03-13 17:56:00,2024-03-13 18:17:53,14,5,4.12,14.67,1.0,2,False,False,False,False,False,False,False,21.883333333333333,17,2024-03-13,11.296268088347297,3.5606796116504853,Queens,Jamaica,Manhattan,Upper East Side,2024-03-13,0.7,7.3,False
2608,2024-03-11 08:52:00,2024-03-11 09:09:39,18,9,6.44,17.8,1.0,1,False,False,False,False,False,False,False,17.65,8,2024-03-11,21.89235127478754,2.763975155279503,Bronx,Mott Haven,Brooklyn,DUMBO,2024-03-11,1.8,11.3,True
2609,2024-03-26 19:59:00,2024-03-26 20:04:16,9,13,0.73,4.91,1.0,1,False,False,False,False,False,False,False,5.266666666666667,19,2024-03-26,8.316455696202532,6.726027397260275,Brooklyn,DUMBO,Queens,Long Island City,2024-03-26,1.0,4.1,False
2610,2024-03-25 06:41:00,2024-03-25 07:02:24,17,19,5.26,19.15,1.0,2,False,False,False,False,False,False,False,21.4,6,2024-03-25,14.74766355140187,3.640684410646388,Bronx,Riverdale,Staten Island,St. George,2024-03-25,0.0,7.3,False
2611,2024-03-16 15:46:00,2024-03-16 15:51:27,15,12,2.46,-5.0,1.0,1,False,False,True,False,True,False,False,5.45,15,2024-03-16,27.08256880733945,-2.032520325203252,Queens,Forest Hills,Queens,Flushing,2024-03-16,0.5,14.7,False
2612,2024-03-16 10:03:00,2024-03-16 10:20:28,7,13,0.24,3.73,2.0,1,False,False,False,False,False,False,False,17.466666666666665,10,2024-03-16,0.8244274809160306,15.541666666666668,Brooklyn,Park Slope,Queens,Long Island City,2024-03-16,0.5,14.7,False
2613,2024-03-19 11:31:00,2024-03-19 11:35:53,4,16,0.42,4.17,3.0,1,False,False,False,False,False,False,False,4.883333333333334,11,2024-03-19,5.160409556313993,9.928571428571429,Manhattan,SoHo,Bronx,Fordham,2024-03-19,1.1,11.7,True
2614,2024-03-04 13:35:00,2024-03-04 13:52:41,17,11,5.16,17.43,1.0,2,False,False,False,False,False,False,False,17.683333333333334,13,2024-03-04,17.508011310084825,3.377906976744186,Bronx,Riverdale,Queens,Astoria,2024-03-04,3.4,18.0,True
2615,2024-03-25 13:43:00,2024-03-25 13:48:59,8,12,1.31,6.99,1.0,2,False,False,False,False,False,False,False,5.983333333333333,13,2024-03-25,13.13649025069638,5.33587786259542,Brooklyn,Bushwick,Queens,Flushing,2024-03-25,0.0,7.3,False
2616,2024-03-29 14:55:00,2024-03-29 15:09:30,6,3,0.66,4.96,1.0,1,False,False,False,False,False,False,False,14.5,14,2024-03-29,2.731034482758621,7.515151515151515,Brooklyn,Williamsburg,Manhattan,Chelsea,2024-03-29,1.1,4.2,True
2617,2024-03-28 11:13:00,2024-03-28 11:26:53,16,18,1.97,8.18,4.0,2,False,False,False,False,False,False,False,13.883333333333333,11,2024-03-28,8.513805522208884,4.152284263959391,Bronx,Fordham,Bronx,Mott Haven,2024-03-28,1.2,7.8,True
2618,2024-03-30 21:40:00,2024-03-30 22:00:00,18,7,1.04,5.37,1.0,2,False,False,False,False,False,False,False,20.0,21,2024-03-30,3.12,5.163461538461538,Bronx,Mott Haven,Brooklyn,Park Slope,2024-03-30,1.9,18.9,True
2619,2024-03-12 06:01:00,2024-03-12 06:19:06,10,15,4.91,14.25,1.0,1,False,False,False,False,False,False,False,18.1,6,2024-03-12,16.276243093922652,2.9022403258655802,Brooklyn,Bed-Stuy,Queens,Forest Hills,2024-03-12,0.7,10.8,False
2620,2024-03-05 00:13:00,2024-03-05 00:16:12,4,6,1.21,6.5,1.0,1,False,False,False,False,False,False,False,3.2,0,2024-03-05,22.687499999999996,5.371900826446281,Manhattan,SoHo,Brooklyn,Williamsburg,2024-03-05,2.7,10.6,True
2621,2024-03-19 06:06:00,2024-03-19 06:20:21,8,1,1.94,7.78,1.0,1,False,False,False,False,False,False,False,14.35,6,2024-03-19,8.11149825783972,4.010309278350515,Brooklyn,Bushwick,Manhattan,Midtown,2024-03-19,1.1,11.7,True
2622,2024-03-19 17:34:00,2024-03-19 17:43:18,8,3,0.25,3.79,2.0,1,False,False,False,False,False,False,False,9.3,17,2024-03-19,1.6129032258064517,15.16,Brooklyn,Bushwick,Manhattan,Chelsea,2024-03-19,1.1,11.7,True
2623,2024-03-31 07:26:00,2024-03-31 07:53:44,6,1,3.26,10.49,1.0,1,False,False,False,False,False,False,False,27.733333333333334,7,2024-03-31,7.052884615384614,3.217791411042945,Brooklyn,Williamsburg,Manhattan,Midtown,2024-03-31,0.3,10.0,False
2624,2024-03-02 19:08:00,2024-03-02 19:09:00,7,2,5.3,19.73,2.0,1,False,False,False,False,False,False,False,1.0,19,2024-03-02,318.0,3.7226415094339624,Brooklyn,Park Slope,Manhattan,Harlem,2024-03-02,0.7,3.3,False
2625,2024-03-09 00:23:00,2024-03-09 00:39:39,9,5,7.16,23.61,1.0,1,False,False,False,False,False,False,False,16.65,0,2024-03-09,25.801801801801805,3.297486033519553,Brooklyn,DUMBO,Manhattan,Upper East Side,2024-03-09,4.2,4.7,True
2626,2024-03-29 02:42:00,2024-03-29 03:09:43,6,20,1.87,8.13,1.0,1,False,False,False,False,False,False,False,27.716666666666665,2,2024-03-29,4.048105832832231,4.347593582887701,Brooklyn,Williamsburg,Staten Island,Tottenville,2024-03-29,1.1,4.2,True
2627,2024-03-30 19:27:00,2024-03-30 19:44:37,7,18,5.92,16.22,2.0,1,False,False,False,False,False,False,False,17.616666666666667,19,2024-03-30,20.162724692526016,2.739864864864865,Brooklyn,Park Slope,Bronx,Mott Haven,2024-03-30,1.9,18.9,True
2628,2024-03-30 22:04:00,2024-03-30 22:08:21,17,20,6.6,18.63,1.0,2,False,False,False,False,False,False,False,4.35,22,2024-03-30,91.0344827586207,2.8227272727272728,Bronx,Riverdale,Staten Island,Tottenville,2024-03-30,1.9,18.9,True
2629,2024-03-07 15:51:00,2024-03-07 16:00:03,11,7,5.67,16.74,1.0,1,False,False,False,False,False,False,False,9.05,15,2024-03-07,37.591160220994475,2.952380952380952,Queens,Astoria,Brooklyn,Park Slope,2024-03-07,0.0,3.3,False
2630,2024-03-18 11:40:00,2024-03-18 12:04:50,6,15,1.25,6.67,2.0,1,False,False,False,False,False,False,False,24.833333333333332,11,2024-03-18,3.0201342281879198,5.336,Brooklyn,Williamsburg,Queens,Forest Hills,2024-03-18,1.5,8.4,True
2631,2024-03-14 16:04:00,2024-03-14 16:21:19,11,15,1.29,6.05,1.0,1,False,False,False,False,False,False,False,17.316666666666666,16,2024-03-14,4.469682386910491,4.6899224806201545,Queens,Astoria,Queens,Forest Hills,2024-03-14,1.5,5.8,True
2632,2024-03-25 22:54:00,2024-03-25 23:09:04,19,8,2.94,11.5,1.0,1,False,False,False,False,False,False,False,15.066666666666666,22,2024-03-25,11.70796460176991,3.9115646258503403,Staten Island,St. George,Brooklyn,Bushwick,2024-03-25,0.0,7.3,False
2633,2024-03-22 17:08:00,2024-03-22 17:24:55,7,6,4.69,15.28,4.0,3,False,False,False,False,False,False,False,16.916666666666668,17,2024-03-22,16.634482758620692,3.2579957356076754,Brooklyn,Park Slope,Brooklyn,Williamsburg,2024-03-22,0.0,8.6,False
2634,2024-03-27 20:41:00,2024-03-27 20:59:23,7,15,0.75,5.1,2.0,3,False,False,False,False,False,False,False,18.383333333333333,20,2024-03-27,2.447869446962829,6.8,Brooklyn,Park Slope,Queens,Forest Hills,2024-03-27,2.1,4.2,True
2635,2024-03-08 04:26:00,2024-03-08 04:29:20,9,11,3.64,13.36,2.0,2,False,False,False,False,False,False,False,3.3333333333333335,4,2024-03-08,65.52,3.67032967032967,Brooklyn,DUMBO,Queens,Astoria,2024-03-08,2.8,5.6,True
2636,2024-03-12 06:14:00,2024-03-12 06:33:20,19,10,5.39,16.19,1.0,2,False,False,False,False,False,False,False,19.333333333333332,6,2024-03-12,16.727586206896554,3.003710575139147,Staten Island,St. George,Brooklyn,Bed-Stuy,2024-03-12,0.7,10.8,False
2637,2024-03-08 00:11:00,2024-03-08 00:18:51,20,15,9.85,26.46,1.0,1,False,False,False,False,False,False,False,7.85,0,2024-03-08,75.28662420382166,2.686294416243655,Staten Island,Tottenville,Queens,Forest Hills,2024-03-08,2.8,5.6,True
2638,2024-03-20 19:44:00,2024-03-20 19:49:51,10,10,0.57,4.35,2.0,1,False,False,False,False,False,False,False,5.85,19,2024-03-20,5.846153846153847,7.631578947368421,Brooklyn,Bed-Stuy,Brooklyn,Bed-Stuy,2024-03-20,1.4,11.9,True
2639,2024-03-03 11:55:00,2024-03-03 12:42:02,7,14,4.6,14.7,1.0,1,False,False,False,False,False,False,False,47.03333333333333,11,2024-03-03,5.8681785967399005,3.1956521739130435,Brooklyn,Park Slope,Queens,Jamaica,2024-03-03,1.4,7.4,True
2640,2024-03-17 20:50:00,2024-03-17 21:15:35,3,15,0.61,4.41,1.0,1,False,False,False,False,False,False,False,25.583333333333332,20,2024-03-17,1.4306188925081433,7.229508196721312,Manhattan,Chelsea,Queens,Forest Hills,2024-03-17,1.8,12.0,True
2641,2024-03-06 18:47:00,2024-03-06 19:00:45,15,8,2.54,10.8,3.0,1,False,False,False,False,False,False,False,13.75,18,2024-03-06,11.083636363636364,4.251968503937008,Queens,Forest Hills,Brooklyn,Bushwick,2024-03-06,0.0,9.2,False
2642,2024-03-07 09:58:00,2024-03-07 10:37:14,15,18,1.0,5.71,1.0,3,False,False,False,False,False,False,False,39.233333333333334,9,2024-03-07,1.5293118096856415,5.71,Queens,Forest Hills,Bronx,Mott Haven,2024-03-07,0.0,3.3,False
2643,2024-03-21 04:55:00,2024-03-21 05:07:04,12,17,1.47,6.83,2.0,2,False,False,False,False,False,False,False,12.066666666666666,4,2024-03-21,7.30939226519337,4.646258503401361,Queens,Flushing,Bronx,Riverdale,2024-03-21,0.0,8.6,False
2644,2024-03-16 19:43:00,2024-03-16 19:55:06,2,9,6.18,21.29,1.0,1,False,False,False,False,False,False,False,12.1,19,2024-03-16,30.644628099173552,3.4449838187702264,Manhattan,Harlem,Brooklyn,DUMBO,2024-03-16,0.5,14.7,False
2645,2024-03-22 04:00:00,2024-03-22 04:30:32,7,11,0.91,5.56,1.0,2,False,False,False,False,False,False,False,30.533333333333335,4,2024-03-22,1.7882096069868993,6.1098901098901095,Brooklyn,Park Slope,Queens,Astoria,2024-03-22,0.0,8.6,False
2646,2024-03-29 09:22:00,2024-03-29 09:31:41,1,14,2.02,9.43,1.0,1,False,False,False,False,False,False,False,9.683333333333334,9,2024-03-29,12.516351118760758,4.6683168316831685,Manhattan,Midtown,Queens,Jamaica,2024-03-29,1.1,4.2,True
2647,2024-03-03 20:52:00,2024-03-03 20:54:41,5,4,4.64,14.0,1.0,2,False,False,False,False,False,False,False,2.683333333333333,20,2024-03-03,103.75155279503106,3.017241379310345,Manhattan,Upper East Side,Manhattan,SoHo,2024-03-03,1.4,7.4,True
2648,2024-03-24 12:44:00,2024-03-24 12:52:58,13,5,4.21,16.41,1.0,1,False,False,False,False,False,False,False,8.966666666666667,12,2024-03-24,28.17100371747212,3.8978622327790973,Queens,Long Island City,Manhattan,Upper East Side,2024-03-24,1.1,11.3,True
2649,2024-03-21 12:59:00,2024-03-21 13:35:42,9,20,2.85,10.99,2.0,2,False,False,False,False,False,False,False,36.7,12,2024-03-21,4.659400544959128,3.856140350877193,Brooklyn,DUMBO,Staten Island,Tottenville,2024-03-21,0.0,8.6,False
2650,2024-03-05 17:18:00,2024-03-05 17:26:28,4,7,1.31,7.09,3.0,1,False,False,False,False,False,False,False,8.466666666666667,17,2024-03-05,9.283464566929135,5.412213740458015,Manhattan,SoHo,Brooklyn,Park Slope,2024-03-05,2.7,10.6,True
2651,2024-03-17 03:21:00,2024-03-17 03:34:55,13,8,2.05,8.55,2.0,1,False,False,False,False,False,False,False,13.916666666666666,3,2024-03-17,8.838323353293413,4.170731707317074,Queens,Long Island City,Brooklyn,Bushwick,2024-03-17,1.8,12.0,True
2652,2024-03-16 01:03:00,2024-03-16 01:05:27,12,4,7.02,22.94,1.0,1,False,False,False,False,False,False,False,2.45,1,2024-03-16,171.91836734693874,3.267806267806268,Queens,Flushing,Manhattan,SoHo,2024-03-16,0.5,14.7,False
2653,2024-03-24 17:15:00,2024-03-24 17:55:38,12,3,1.84,7.18,1.0,1,False,False,False,False,False,False,False,40.63333333333333,17,2024-03-24,2.716981132075472,3.902173913043478,Queens,Flushing,Manhattan,Chelsea,2024-03-24,1.1,11.3,True
2654,2024-03-24 18:24:00,2024-03-24 18:32:31,6,3,1.22,6.85,1.0,1,False,False,False,False,False,False,False,8.516666666666667,18,2024-03-24,8.59491193737769,5.614754098360655,Brooklyn,Williamsburg,Manhattan,Chelsea,2024-03-24,1.1,11.3,True
2655,2024-03-29 15:36:00,2024-03-29 16:03:07,14,19,5.93,19.09,1.0,1,False,False,False,False,False,False,False,27.116666666666667,15,2024-03-29,13.121081745543945,3.219224283305228,Queens,Jamaica,Staten Island,St. George,2024-03-29,1.1,4.2,True
2656,2024-03-12 22:47:00,2024-03-12 22:58:42,7,12,1.42,7.15,1.0,1,False,False,False,False,False,False,False,11.7,22,2024-03-12,7.282051282051283,5.035211267605634,Brooklyn,Park Slope,Queens,Flushing,2024-03-12,0.7,10.8,False
2657,2024-03-20 02:20:00,2024-03-20 02:35:33,20,8,5.31,16.82,1.0,1,False,False,False,False,False,False,False,15.55,2,2024-03-20,20.488745980707396,3.1676082862523542,Staten Island,Tottenville,Brooklyn,Bushwick,2024-03-20,1.4,11.9,True
2658,2024-03-31 01:42:00,2024-03-31 01:49:06,8,3,0.1,3.25,1.0,2,False,False,False,False,False,False,False,7.1,1,2024-03-31,0.8450704225352114,32.5,Brooklyn,Bushwick,Manhattan,Chelsea,2024-03-31,0.3,10.0,False
2659,2024-03-27 23:10:00,2024-03-27 23:21:02,5,19,4.3,16.45,1.0,1,False,False,False,False,False,False,False,11.033333333333333,23,2024-03-27,23.38368580060423,3.8255813953488373,Manhattan,Upper East Side,Staten Island,St. George,2024-03-27,2.1,4.2,True
2660,2024-03-10 04:26:00,2024-03-10 04:31:27,5,1,0.74,4.72,2.0,1,False,False,False,False,False,False,False,5.45,4,2024-03-10,8.146788990825687,6.378378378378378,Manhattan,Upper East Side,Manhattan,Midtown,2024-03-10,0.0,3.9,False
2661,2024-03-21 23:32:00,2024-03-21 23:43:52,4,14,1.71,8.44,1.0,2,False,False,False,False,False,False,False,11.866666666666667,23,2024-03-21,8.646067415730338,4.935672514619883,Manhattan,SoHo,Queens,Jamaica,2024-03-21,0.0,8.6,False
2662,2024-03-16 17:35:00,2024-03-16 18:39:31,9,2,5.31,16.64,2.0,1,False,False,False,False,False,False,False,64.51666666666667,17,2024-03-16,4.938258847842934,3.1337099811676086,Brooklyn,DUMBO,Manhattan,Harlem,2024-03-16,0.5,14.7,False
2663,2024-03-04 14:14:00,2024-03-04 14:26:14,8,18,1.59,6.77,1.0,2,False,False,False,False,False,False,False,12.233333333333333,14,2024-03-04,7.798365122615805,4.2578616352201255,Brooklyn,Bushwick,Bronx,Mott Haven,2024-03-04,3.4,18.0,True
2664,2024-03-31 00:05:00,2024-03-31 00:25:40,2,14,1.05,5.87,1.0,2,False,False,False,False,False,False,False,20.666666666666668,0,2024-03-31,3.0483870967741935,5.59047619047619,Manhattan,Harlem,Queens,Jamaica,2024-03-31,0.3,10.0,False
2665,2024-03-19 16:52:00,2024-03-19 16:53:02,8,12,1.15,6.61,1.0,1,False,False,False,False,False,False,False,1.0333333333333334,16,2024-03-19,66.77419354838707,5.747826086956523,Brooklyn,Bushwick,Queens,Flushing,2024-03-19,1.1,11.7,True
2666,2024-03-28 11:51:00,2024-03-28 12:02:45,2,13,2.8,10.1,1.0,1,False,False,False,False,False,False,False,11.75,11,2024-03-28,14.297872340425531,3.607142857142857,Manhattan,Harlem,Queens,Long Island City,2024-03-28,1.2,7.8,True
2667,2024-03-13 03:35:00,2024-03-13 03:42:09,17,17,4.71,17.64,1.0,1,False,False,False,False,False,False,False,7.15,3,2024-03-13,39.52447552447552,3.745222929936306,Bronx,Riverdale,Bronx,Riverdale,2024-03-13,0.7,7.3,False
2668,2024-03-10 02:45:00,2024-03-10 03:20:53,3,8,3.15,12.79,1.0,1,False,False,False,False,False,False,False,35.88333333333333,2,2024-03-10,5.267069205759405,4.06031746031746,Manhattan,Chelsea,Brooklyn,Bushwick,2024-03-10,0.0,3.9,False
2669,2024-03-29 10:49:00,2024-03-29 10:55:11,1,9,2.66,9.86,3.0,1,False,False,False,False,False,False,False,6.183333333333334,10,2024-03-29,25.811320754716984,3.7067669172932325,Manhattan,Midtown,Brooklyn,DUMBO,2024-03-29,1.1,4.2,True
2670,2024-03-03 23:42:00,2024-03-04 00:21:31,9,18,3.49,12.59,1.0,2,False,False,False,False,False,False,False,39.516666666666666,23,2024-03-03,5.299029945170814,3.607449856733524,Brooklyn,DUMBO,Bronx,Mott Haven,2024-03-03,1.4,7.4,True
2671,2024-03-16 18:27:00,2024-03-16 19:04:39,2,8,1.95,8.6,1.0,2,False,False,False,False,False,False,False,37.65,18,2024-03-16,3.107569721115538,4.410256410256411,Manhattan,Harlem,Brooklyn,Bushwick,2024-03-16,0.5,14.7,False
2672,2024-03-07 20:36:00,2024-03-07 20:50:22,8,19,2.04,9.28,1.0,2,False,False,False,False,False,False,False,14.366666666666667,20,2024-03-07,8.519721577726218,4.549019607843137,Brooklyn,Bushwick,Staten Island,St. George,2024-03-07,0.0,3.3,False
2673,2024-03-09 22:15:00,2024-03-09 22:19:21,15,7,3.74,11.36,2.0,1,False,False,False,False,False,False,False,4.35,22,2024-03-09,51.58620689655173,3.0374331550802136,Queens,Forest Hills,Brooklyn,Park Slope,2024-03-09,4.2,4.7,True
2674,2024-03-28 18:24:00,2024-03-28 18:26:03,13,16,2.17,8.1,1.0,2,False,False,False,False,False,False,False,2.05,18,2024-03-28,63.51219512195122,3.7327188940092166,Queens,Long Island City,Bronx,Fordham,2024-03-28,1.2,7.8,True
2675,2024-03-21 15:30:00,2024-03-21 16:11:29,16,16,4.2,12.27,1.0,1,False,False,False,False,False,False,False,41.483333333333334,15,2024-03-21,6.0747288067496985,2.9214285714285713,Bronx,Fordham,Bronx,Fordham,2024-03-21,0.0,8.6,False
2676,2024-03-16 05:54:00,2024-03-16 06:01:26,5,20,2.53,10.43,2.0,1,False,False,False,False,False,False,False,7.433333333333334,5,2024-03-16,20.42152466367713,4.122529644268775,Manhattan,Upper East Side,Staten Island,Tottenville,2024-03-16,0.5,14.7,False
2677,2024-03-06 17:55:00,2024-03-06 18:20:00,11,9,11.96,35.29,2.0,2,False,False,False,False,False,False,False,25.0,17,2024-03-06,28.704,2.95066889632107,Queens,Astoria,Brooklyn,DUMBO,2024-03-06,0.0,9.2,False
2678,2024-03-02 02:07:00,2024-03-02 02:40:31,7,18,4.01,13.43,1.0,1,False,False,False,False,False,False,False,33.516666666666666,2,2024-03-02,7.178518150174043,3.349127182044888,Brooklyn,Park Slope,Bronx,Mott Haven,2024-03-02,0.7,3.3,False
2679,2024-03-13 13:43:00,2024-03-13 13:53:07,12,8,1.39,6.99,3.0,2,False,False,False,False,False,False,False,10.116666666666667,13,2024-03-13,8.243822075782536,5.028776978417267,Queens,Flushing,Brooklyn,Bushwick,2024-03-13,0.7,7.3,False
2680,2024-03-14 01:52:00,2024-03-14 02:02:26,17,18,2.72,11.24,1.0,2,False,False,False,False,False,False,False,10.433333333333334,1,2024-03-14,15.642172523961662,4.13235294117647,Bronx,Riverdale,Bronx,Mott Haven,2024-03-14,1.5,5.8,True
2681,2024-03-30 04:58:00,2024-03-30 05:16:38,4,20,1.76,8.43,,2,False,False,False,True,True,False,False,18.633333333333333,4,2024-03-30,5.667262969588552,4.7897727272727275,Manhattan,SoHo,Staten Island,Tottenville,2024-03-30,1.9,18.9,True
2682,2024-03-28 19:48:00,2024-03-28 20:32:00,12,2,5.55,20.14,1.0,1,False,False,False,False,False,False,False,44.0,19,2024-03-28,7.568181818181818,3.628828828828829,Queens,Flushing,Manhattan,Harlem,2024-03-28,1.2,7.8,True
2683,2024-03-15 12:01:00,2024-03-15 12:13:08,20,9,2.89,9.63,1.0,1,False,False,False,False,False,False,False,12.133333333333333,12,2024-03-15,14.291208791208792,3.332179930795848,Staten Island,Tottenville,Brooklyn,DUMBO,2024-03-15,2.5,10.9,True
2684,2024-03-07 09:41:00,2024-03-07 09:52:38,17,2,5.6,19.74,1.0,1,False,False,False,False,False,False,False,11.633333333333333,9,2024-03-07,28.882521489971346,3.525,Bronx,Riverdale,Manhattan,Harlem,2024-03-07,0.0,3.3,False
2685,2024-03-01 02:39:00,2024-03-01 02:42:00,5,12,1.97,7.77,1.0,1,False,False,False,False,False,False,False,3.0,2,2024-03-01,39.4,3.9441624365482233,Manhattan,Upper East Side,Queens,Flushing,2024-03-01,0.0,4.2,False
2686,2024-03-10 20:46:00,2024-03-10 21:52:00,13,10,8.18,26.7,1.0,1,False,False,False,False,False,False,False,66.0,20,2024-03-10,7.436363636363636,3.2640586797066016,Queens,Long Island City,Brooklyn,Bed-Stuy,2024-03-10,0.0,3.9,False
2687,2024-03-07 03:40:00,2024-03-07 04:03:33,6,7,3.19,10.85,2.0,1,False,False,False,False,False,False,False,23.55,3,2024-03-07,8.127388535031846,3.4012539184952977,Brooklyn,Williamsburg,Brooklyn,Park Slope,2024-03-07,0.0,3.3,False
2688,2024-03-26 00:03:00,2024-03-26 00:27:23,14,11,8.6,24.34,1.0,1,False,False,False,False,False,False,False,24.383333333333333,0,2024-03-26,21.161995898838004,2.830232558139535,Queens,Jamaica,Queens,Astoria,2024-03-26,1.0,4.1,False
2689,2024-03-10 22:36:00,2024-03-10 22:59:57,3,12,2.27,10.2,1.0,1,False,False,False,False,False,False,False,23.95,22,2024-03-10,5.686847599164927,4.493392070484581,Manhattan,Chelsea,Queens,Flushing,2024-03-10,0.0,3.9,False
2690,2024-03-12 10:00:00,2024-03-12 10:02:06,2,2,4.42,13.44,4.0,1,False,False,False,False,False,False,False,2.1,10,2024-03-12,126.28571428571428,3.0407239819004523,Manhattan,Harlem,Manhattan,Harlem,2024-03-12,0.7,10.8,False
2691,2024-03-02 18:16:00,2024-03-02 18:21:38,19,4,7.16,24.2,1.0,1,False,False,False,False,False,False,False,5.633333333333334,18,2024-03-02,76.2603550295858,3.3798882681564244,Staten Island,St. George,Manhattan,SoHo,2024-03-02,0.7,3.3,False
2692,2024-03-05 05:44:00,2024-03-05 06:40:27,10,11,4.94,14.69,1.0,1,False,False,False,False,False,False,False,56.45,5,2024-03-05,5.2506643046944195,2.9736842105263155,Brooklyn,Bed-Stuy,Queens,Astoria,2024-03-05,2.7,10.6,True
2693,2024-03-03 08:02:00,2024-03-03 08:23:13,13,17,3.06,11.51,1.0,2,False,False,False,False,False,False,False,21.216666666666665,8,2024-03-03,8.653574234092694,3.761437908496732,Queens,Long Island City,Bronx,Riverdale,2024-03-03,1.4,7.4,True
2694,2024-03-18 05:54:00,2024-03-18 06:41:07,4,20,3.1,10.2,1.0,1,False,False,False,False,False,False,False,47.11666666666667,5,2024-03-18,3.9476476830562435,3.290322580645161,Manhattan,SoHo,Staten Island,Tottenville,2024-03-18,1.5,8.4,True
2695,2024-03-11 13:52:00,2024-03-11 14:44:22,10,9,4.78,15.86,1.0,2,False,False,False,False,False,False,False,52.36666666666667,13,2024-03-11,5.476766390833864,3.317991631799163,Brooklyn,Bed-Stuy,Brooklyn,DUMBO,2024-03-11,1.8,11.3,True
2696,2024-03-15 12:13:00,2024-03-15 12:53:14,17,5,0.63,5.01,1.0,1,False,False,False,False,False,False,False,40.233333333333334,12,2024-03-15,0.9395194697597349,7.952380952380952,Bronx,Riverdale,Manhattan,Upper East Side,2024-03-15,2.5,10.9,True
2697,2024-03-02 13:19:00,2024-03-02 13:24:19,10,6,2.16,9.24,1.0,1,False,False,False,False,False,False,False,5.316666666666666,13,2024-03-02,24.376175548589345,4.277777777777778,Brooklyn,Bed-Stuy,Brooklyn,Williamsburg,2024-03-02,0.7,3.3,False
2698,2024-03-15 06:06:00,2024-03-15 06:11:50,18,19,3.01,10.32,1.0,2,False,False,False,False,False,False,False,5.833333333333333,6,2024-03-15,30.959999999999997,3.428571428571429,Bronx,Mott Haven,Staten Island,St. George,2024-03-15,2.5,10.9,True
2699,2024-03-23 03:59:39,2024-03-23 03:48:00,11,6,5.54,20.31,2.0,1,True,False,False,False,True,False,False,-11.65,3,2024-03-23,-28.532188841201716,3.666064981949458,Queens,Astoria,Brooklyn,Williamsburg,2024-03-23,1.2,5.9,True
2700,2024-03-04 09:44:00,2024-03-04 10:06:54,20,15,3.17,12.77,1.0,1,False,False,False,False,False,False,False,22.9,9,2024-03-04,8.305676855895197,4.028391167192429,Staten Island,Tottenville,Queens,Forest Hills,2024-03-04,3.4,18.0,True
2701,2024-03-07 11:04:00,2024-03-07 11:40:56,17,19,1.0,6.01,1.0,1,False,False,False,False,False,False,False,36.93333333333333,11,2024-03-07,1.6245487364620939,6.01,Bronx,Riverdale,Staten Island,St. George,2024-03-07,0.0,3.3,False
2702,2024-03-31 11:36:00,2024-03-31 12:23:27,5,9,2.56,9.49,1.0,1,False,False,False,False,False,False,False,47.45,11,2024-03-31,3.23709167544784,3.70703125,Manhattan,Upper East Side,Brooklyn,DUMBO,2024-03-31,0.3,10.0,False
2703,2024-03-06 19:29:00,2024-03-06 19:40:07,17,6,3.36,12.89,1.0,1,False,False,False,False,False,False,False,11.116666666666667,19,2024-03-06,18.13493253373313,3.836309523809524,Bronx,Riverdale,Brooklyn,Williamsburg,2024-03-06,0.0,9.2,False
2704,2024-03-23 11:57:00,2024-03-23 12:31:59,18,2,6.89,22.43,1.0,1,False,False,False,False,False,False,False,34.983333333333334,11,2024-03-23,11.817055740828966,3.2554426705370103,Bronx,Mott Haven,Manhattan,Harlem,2024-03-23,1.2,5.9,True
2705,2024-03-26 08:19:00,2024-03-26 08:32:21,18,1,5.66,21.09,1.0,1,False,False,False,False,False,False,False,13.35,8,2024-03-26,25.43820224719101,3.7261484098939928,Bronx,Mott Haven,Manhattan,Midtown,2024-03-26,1.0,4.1,False
2706,2024-03-23 14:32:00,2024-03-23 14:40:42,12,2,5.97,17.14,1.0,1,False,False,False,False,False,False,False,8.7,14,2024-03-23,41.17241379310345,2.871021775544389,Queens,Flushing,Manhattan,Harlem,2024-03-23,1.2,5.9,True
2707,2024-03-13 00:05:00,2024-03-13 00:07:01,17,17,4.01,12.5,1.0,1,False,False,False,False,False,False,False,2.0166666666666666,0,2024-03-13,119.30578512396693,3.117206982543641,Bronx,Riverdale,Bronx,Riverdale,2024-03-13,0.7,7.3,False
2708,2024-03-21 10:28:00,2024-03-21 10:46:13,16,19,6.93,23.53,2.0,1,False,False,False,False,False,False,False,18.216666666666665,10,2024-03-21,22.825251601097897,3.395382395382396,Bronx,Fordham,Staten Island,St. George,2024-03-21,0.0,8.6,False
2709,2024-03-18 10:19:00,2024-03-18 10:30:16,16,16,3.66,12.95,2.0,1,False,False,False,False,False,False,False,11.266666666666667,10,2024-03-18,19.49112426035503,3.5382513661202184,Bronx,Fordham,Bronx,Fordham,2024-03-18,1.5,8.4,True
2710,2024-03-06 06:57:00,2024-03-06 07:06:52,1,4,2.82,11.27,2.0,2,False,False,False,False,False,False,False,9.866666666666667,6,2024-03-06,17.148648648648646,3.99645390070922,Manhattan,Midtown,Manhattan,SoHo,2024-03-06,0.0,9.2,False
2711,2024-03-19 21:11:00,2024-03-19 21:43:14,12,15,6.23,20.94,2.0,1,False,False,False,False,False,False,False,32.233333333333334,21,2024-03-19,11.596690796277146,3.36115569823435,Queens,Flushing,Queens,Forest Hills,2024-03-19,1.1,11.7,True
2712,2024-03-30 18:35:00,2024-03-30 18:36:59,11,17,2.33,10.02,1.0,3,False,False,False,False,False,False,False,1.9833333333333334,18,2024-03-30,70.4873949579832,4.300429184549356,Queens,Astoria,Bronx,Riverdale,2024-03-30,1.9,18.9,True
2713,2024-03-13 16:02:00,2024-03-13 16:18:48,16,19,6.69,21.92,1.0,1,False,False,False,False,False,False,False,16.8,16,2024-03-13,23.892857142857142,3.276532137518685,Bronx,Fordham,Staten Island,St. George,2024-03-13,0.7,7.3,False
2714,2024-03-05 14:52:00,2024-03-05 15:20:22,15,9,4.98,17.46,1.0,1,False,False,False,False,False,False,False,28.366666666666667,14,2024-03-05,10.533490011750882,3.5060240963855422,Queens,Forest Hills,Brooklyn,DUMBO,2024-03-05,2.7,10.6,True
2715,2024-03-14 18:31:00,2024-03-14 18:46:43,10,19,3.72,13.65,1.0,2,False,False,False,False,False,False,False,15.716666666666667,18,2024-03-14,14.201484623541889,3.6693548387096775,Brooklyn,Bed-Stuy,Staten Island,St. George,2024-03-14,1.5,5.8,True
2716,2024-03-20 02:44:00,2024-03-20 02:51:54,15,16,6.82,23.92,1.0,2,False,False,False,False,False,False,False,7.9,2,2024-03-20,51.79746835443038,3.5073313782991202,Queens,Forest Hills,Bronx,Fordham,2024-03-20,1.4,11.9,True
2717,2024-03-13 20:42:00,2024-03-13 20:57:58,16,13,3.14,10.48,1.0,2,False,False,False,False,False,False,False,15.966666666666667,20,2024-03-13,11.799582463465553,3.337579617834395,Bronx,Fordham,Queens,Long Island City,2024-03-13,0.7,7.3,False
2718,2024-03-18 06:44:00,2024-03-18 07:00:31,20,1,2.21,8.52,1.0,2,False,False,False,False,False,False,False,16.516666666666666,6,2024-03-18,8.028254288597376,3.8552036199095023,Staten Island,Tottenville,Manhattan,Midtown,2024-03-18,1.5,8.4,True
2719,2024-03-01 07:35:00,2024-03-01 08:06:06,7,1,5.31,15.72,1.0,1,False,False,False,False,False,False,False,31.1,7,2024-03-01,10.244372990353698,2.96045197740113,Brooklyn,Park Slope,Manhattan,Midtown,2024-03-01,0.0,4.2,False
2720,2024-03-16 08:23:00,2024-03-16 08:45:02,5,8,4.15,16.11,1.0,1,False,False,False,False,False,False,False,22.033333333333335,8,2024-03-16,11.30105900151286,3.881927710843373,Manhattan,Upper East Side,Brooklyn,Bushwick,2024-03-16,0.5,14.7,False
2721,2024-03-25 16:27:00,2024-03-25 16:57:54,13,19,1.66,6.77,2.0,1,False,False,False,False,False,False,False,30.9,16,2024-03-25,3.2233009708737863,4.078313253012048,Queens,Long Island City,Staten Island,St. George,2024-03-25,0.0,7.3,False
2722,2024-03-03 07:57:00,2024-03-03 08:13:33,5,3,8.4,26.08,1.0,2,False,False,False,False,False,False,False,16.55,7,2024-03-03,30.45317220543807,3.1047619047619044,Manhattan,Upper East Side,Manhattan,Chelsea,2024-03-03,1.4,7.4,True
2723,2024-03-21 19:05:00,2024-03-21 19:16:40,20,20,1.71,7.81,1.0,1,False,False,False,False,False,False,False,11.666666666666666,19,2024-03-21,8.794285714285714,4.567251461988304,Staten Island,Tottenville,Staten Island,Tottenville,2024-03-21,0.0,8.6,False
2724,2024-03-09 02:50:00,2024-03-09 03:16:01,5,9,2.79,9.81,2.0,2,False,False,False,False,False,False,False,26.016666666666666,2,2024-03-09,6.434336963484945,3.5161290322580645,Manhattan,Upper East Side,Brooklyn,DUMBO,2024-03-09,4.2,4.7,True
2725,2024-03-06 15:37:00,2024-03-06 15:39:15,2,14,3.71,11.62,1.0,2,False,False,False,False,False,False,False,2.25,15,2024-03-06,98.93333333333334,3.132075471698113,Manhattan,Harlem,Queens,Jamaica,2024-03-06,0.0,9.2,False
2726,2024-03-06 14:39:00,2024-03-06 14:58:26,10,8,2.46,10.61,1.0,1,False,False,False,False,False,False,False,19.433333333333334,14,2024-03-06,7.595197255574614,4.3130081300813,Brooklyn,Bed-Stuy,Brooklyn,Bushwick,2024-03-06,0.0,9.2,False
2727,2024-03-01 02:57:00,2024-03-01 03:09:49,3,12,4.39,17.02,1.0,2,False,False,False,False,False,False,False,12.816666666666666,2,2024-03-01,20.551365409622885,3.8769931662870163,Manhattan,Chelsea,Queens,Flushing,2024-03-01,0.0,4.2,False
2728,2024-03-10 19:33:00,2024-03-10 19:49:01,6,12,0.94,5.8,1.0,1,False,False,False,False,False,False,False,16.016666666666666,19,2024-03-10,3.521331945889698,6.170212765957447,Brooklyn,Williamsburg,Queens,Flushing,2024-03-10,0.0,3.9,False
2729,2024-03-22 14:29:00,2024-03-22 14:40:40,13,13,1.9,8.75,1.0,1,False,False,False,False,False,False,False,11.666666666666666,14,2024-03-22,9.77142857142857,4.605263157894737,Queens,Long Island City,Queens,Long Island City,2024-03-22,0.0,8.6,False
2730,2024-03-17 00:05:00,2024-03-17 00:13:09,17,10,1.95,8.37,1.0,1,False,False,False,False,False,False,False,8.15,0,2024-03-17,14.355828220858895,4.292307692307692,Bronx,Riverdale,Brooklyn,Bed-Stuy,2024-03-17,1.8,12.0,True
2731,2024-03-20 04:34:00,2024-03-20 05:26:42,19,17,1.35,6.01,1.0,2,False,False,False,False,False,False,False,52.7,4,2024-03-20,1.5370018975332067,4.451851851851852,Staten Island,St. George,Bronx,Riverdale,2024-03-20,1.4,11.9,True
2732,2024-03-24 05:33:00,2024-03-24 05:48:12,11,5,7.66,21.91,2.0,1,False,False,False,False,False,False,False,15.2,5,2024-03-24,30.23684210526316,2.8603133159268928,Queens,Astoria,Manhattan,Upper East Side,2024-03-24,1.1,11.3,True
2733,2024-03-19 22:49:00,2024-03-19 22:54:51,17,13,0.76,5.14,1.0,1,False,False,False,False,False,False,False,5.85,22,2024-03-19,7.794871794871796,6.763157894736842,Bronx,Riverdale,Queens,Long Island City,2024-03-19,1.1,11.7,True
2734,2024-03-12 13:32:00,2024-03-12 13:43:18,12,3,1.07,6.18,1.0,1,False,False,False,False,False,False,False,11.3,13,2024-03-12,5.681415929203539,5.775700934579438,Queens,Flushing,Manhattan,Chelsea,2024-03-12,0.7,10.8,False
2735,2024-03-27 07:01:00,2024-03-27 07:51:54,3,16,3.05,10.38,1.0,1,False,False,False,False,False,False,False,50.9,7,2024-03-27,3.595284872298625,3.4032786885245905,Manhattan,Chelsea,Bronx,Fordham,2024-03-27,2.1,4.2,True
2736,2024-03-12 07:56:00,2024-03-12 08:22:20,9,13,1.87,7.63,1.0,1,False,False,False,False,False,False,False,26.333333333333332,7,2024-03-12,4.260759493670887,4.080213903743315,Brooklyn,DUMBO,Queens,Long Island City,2024-03-12,0.7,10.8,False
2737,2024-03-07 01:56:00,2024-03-07 02:09:02,6,9,6.92,24.02,1.0,1,False,False,False,False,False,False,False,13.033333333333333,1,2024-03-07,31.856777493606135,3.4710982658959537,Brooklyn,Williamsburg,Brooklyn,DUMBO,2024-03-07,0.0,3.3,False
2738,2024-03-19 19:37:00,2024-03-19 19:50:01,18,20,3.66,14.17,1.0,2,False,False,False,False,False,False,False,13.016666666666667,19,2024-03-19,16.870678617157488,3.871584699453552,Bronx,Mott Haven,Staten Island,Tottenville,2024-03-19,1.1,11.7,True
2739,2024-03-17 02:21:00,2024-03-17 02:29:23,14,18,2.46,8.73,1.0,2,False,False,False,False,False,False,False,8.383333333333333,2,2024-03-17,17.606361829025843,3.548780487804878,Queens,Jamaica,Bronx,Mott Haven,2024-03-17,1.8,12.0,True
2740,2024-03-28 23:00:00,2024-03-28 23:08:23,4,7,2.23,7.97,1.0,1,False,False,False,False,False,False,False,8.383333333333333,23,2024-03-28,15.96023856858847,3.5739910313901344,Manhattan,SoHo,Brooklyn,Park Slope,2024-03-28,1.2,7.8,True
2741,2024-03-10 02:50:00,2024-03-10 02:55:38,16,9,0.11,3.26,1.0,1,False,False,False,False,False,False,False,5.633333333333334,2,2024-03-10,1.1715976331360947,29.636363636363633,Bronx,Fordham,Brooklyn,DUMBO,2024-03-10,0.0,3.9,False
2742,2024-03-26 16:50:00,2024-03-26 17:21:55,17,13,6.66,17.83,1.0,1,False,False,False,False,False,False,False,31.916666666666668,16,2024-03-26,12.520104438642297,2.677177177177177,Bronx,Riverdale,Queens,Long Island City,2024-03-26,1.0,4.1,False
2743,2024-03-04 15:00:00,2024-03-04 15:21:03,3,10,5.76,20.18,1.0,3,False,False,False,False,False,False,False,21.05,15,2024-03-04,16.418052256532064,3.5034722222222223,Manhattan,Chelsea,Brooklyn,Bed-Stuy,2024-03-04,3.4,18.0,True
2744,2024-03-15 19:20:00,2024-03-15 19:24:27,12,20,1.84,7.17,1.0,1,False,False,False,False,False,False,False,4.45,19,2024-03-15,24.808988764044944,3.8967391304347823,Queens,Flushing,Staten Island,Tottenville,2024-03-15,2.5,10.9,True
2745,2024-03-09 10:44:00,2024-03-09 10:51:21,12,15,3.66,14.57,3.0,2,False,False,False,False,False,False,False,7.35,10,2024-03-09,29.877551020408166,3.980874316939891,Queens,Flushing,Queens,Forest Hills,2024-03-09,4.2,4.7,True
2746,2024-03-13 07:47:00,2024-03-13 08:03:36,9,18,1.72,7.44,1.0,1,False,False,False,False,False,False,False,16.6,7,2024-03-13,6.216867469879518,4.325581395348838,Brooklyn,DUMBO,Bronx,Mott Haven,2024-03-13,0.7,7.3,False
2747,2024-03-01 18:53:00,2024-03-01 19:18:59,3,4,3.1,12.16,4.0,1,False,False,False,False,False,False,False,25.983333333333334,18,2024-03-01,7.158434894162925,3.92258064516129,Manhattan,Chelsea,Manhattan,SoHo,2024-03-01,0.0,4.2,False
2748,2024-03-03 03:46:00,2024-03-03 04:00:09,7,13,4.83,14.74,1.0,3,False,False,False,False,False,False,False,14.15,3,2024-03-03,20.480565371024735,3.05175983436853,Brooklyn,Park Slope,Queens,Long Island City,2024-03-03,1.4,7.4,True
2749,2024-03-18 03:57:00,2024-03-18 04:12:49,11,1,2.55,10.19,2.0,1,False,False,False,False,False,False,False,15.816666666666666,3,2024-03-18,9.673340358271863,3.996078431372549,Queens,Astoria,Manhattan,Midtown,2024-03-18,1.5,8.4,True
2750,2024-03-28 04:41:00,2024-03-28 04:45:02,16,1,3.42,13.05,1.0,1,False,False,False,False,False,False,False,4.033333333333333,4,2024-03-28,50.87603305785124,3.8157894736842106,Bronx,Fordham,Manhattan,Midtown,2024-03-28,1.2,7.8,True
2751,2024-03-12 05:33:00,2024-03-12 05:35:25,6,9,3.43,11.58,1.0,1,False,False,False,False,False,False,False,2.4166666666666665,5,2024-03-12,85.15862068965518,3.376093294460641,Brooklyn,Williamsburg,Brooklyn,DUMBO,2024-03-12,0.7,10.8,False
2752,2024-03-18 15:45:00,2024-03-18 16:14:34,17,3,1.0,5.24,1.0,2,False,False,False,False,False,False,False,29.566666666666666,15,2024-03-18,2.0293122886133035,5.24,Bronx,Riverdale,Manhattan,Chelsea,2024-03-18,1.5,8.4,True
2753,2024-03-14 04:46:00,2024-03-14 05:04:20,7,2,4.92,15.88,1.0,1,False,False,False,False,False,False,False,18.333333333333332,4,2024-03-14,16.10181818181818,3.2276422764227646,Brooklyn,Park Slope,Manhattan,Harlem,2024-03-14,1.5,5.8,True
2754,2024-03-30 10:27:00,2024-03-30 10:47:41,8,20,2.36,8.23,3.0,1,False,False,False,False,False,False,False,20.683333333333334,10,2024-03-30,6.846091861402095,3.4872881355932206,Brooklyn,Bushwick,Staten Island,Tottenville,2024-03-30,1.9,18.9,True
2755,2024-03-08 20:11:00,2024-03-08 20:30:32,16,4,4.82,14.84,1.0,1,False,False,False,False,False,False,False,19.533333333333335,20,2024-03-08,14.805460750853241,3.0788381742738586,Bronx,Fordham,Manhattan,SoHo,2024-03-08,2.8,5.6,True
2756,2024-03-17 16:07:00,2024-03-17 16:21:58,5,10,5.89,19.13,1.0,1,False,False,False,False,False,False,False,14.966666666666667,16,2024-03-17,23.612472160356347,3.2478777589134125,Manhattan,Upper East Side,Brooklyn,Bed-Stuy,2024-03-17,1.8,12.0,True
2757,2024-03-16 19:19:00,2024-03-16 19:49:15,3,11,9.34,31.4,1.0,2,False,False,False,False,False,False,False,30.25,19,2024-03-16,18.525619834710746,3.3618843683083512,Manhattan,Chelsea,Queens,Astoria,2024-03-16,0.5,14.7,False
2758,2024-03-01 22:27:00,2024-03-01 22:38:59,16,10,2.33,9.92,1.0,2,False,False,False,False,False,False,False,11.983333333333333,22,2024-03-01,11.666203059805285,4.257510729613734,Bronx,Fordham,Brooklyn,Bed-Stuy,2024-03-01,0.0,4.2,False
2759,2024-03-14 05:43:00,2024-03-14 05:53:16,9,5,4.8,17.88,1.0,1,False,False,False,False,False,False,False,10.266666666666667,5,2024-03-14,28.05194805194805,3.725,Brooklyn,DUMBO,Manhattan,Upper East Side,2024-03-14,1.5,5.8,True
2760,2024-03-16 09:08:00,2024-03-16 09:50:32,11,15,7.26,24.5,1.0,1,False,False,False,False,False,False,False,42.53333333333333,9,2024-03-16,10.241379310344827,3.3746556473829203,Queens,Astoria,Queens,Forest Hills,2024-03-16,0.5,14.7,False
2761,2024-03-23 16:22:00,2024-03-23 16:50:29,17,13,6.98,23.22,2.0,1,False,False,False,False,False,False,False,28.483333333333334,16,2024-03-23,14.703335283791692,3.326647564469914,Bronx,Riverdale,Queens,Long Island City,2024-03-23,1.2,5.9,True
2762,2024-03-02 11:42:00,2024-03-02 11:56:04,2,15,5.65,19.18,3.0,3,False,False,False,False,False,False,False,14.066666666666666,11,2024-03-02,24.099526066350712,3.3946902654867253,Manhattan,Harlem,Queens,Forest Hills,2024-03-02,0.7,3.3,False
2763,2024-03-05 04:24:00,2024-03-05 04:36:06,5,1,4.94,13.93,1.0,1,False,False,False,False,False,False,False,12.1,4,2024-03-05,24.495867768595044,2.8198380566801617,Manhattan,Upper East Side,Manhattan,Midtown,2024-03-05,2.7,10.6,True
2764,2024-03-14 21:06:00,2024-03-14 21:15:08,12,14,3.46,11.44,1.0,1,False,False,False,False,False,False,False,9.133333333333333,21,2024-03-14,22.729927007299274,3.30635838150289,Queens,Flushing,Queens,Jamaica,2024-03-14,1.5,5.8,True
2765,2024-03-13 05:07:00,2024-03-13 06:11:17,17,1,2.06,8.34,1.0,2,False,False,False,False,False,False,False,64.28333333333333,5,2024-03-13,1.9227378791807104,4.048543689320388,Bronx,Riverdale,Manhattan,Midtown,2024-03-13,0.7,7.3,False
2766,2024-03-13 02:31:00,2024-03-13 02:56:08,18,5,0.5,4.14,1.0,1,False,False,False,False,False,False,False,25.133333333333333,2,2024-03-13,1.193633952254642,8.28,Bronx,Mott Haven,Manhattan,Upper East Side,2024-03-13,0.7,7.3,False
2767,2024-03-21 00:31:00,2024-03-21 00:41:56,9,5,2.68,10.08,1.0,3,False,False,False,False,False,False,False,10.933333333333334,0,2024-03-21,14.707317073170731,3.761194029850746,Brooklyn,DUMBO,Manhattan,Upper East Side,2024-03-21,0.0,8.6,False
2768,2024-03-12 20:14:00,2024-03-12 20:41:48,11,16,3.05,11.91,1.0,1,False,False,False,False,False,False,False,27.8,20,2024-03-12,6.58273381294964,3.9049180327868855,Queens,Astoria,Bronx,Fordham,2024-03-12,0.7,10.8,False
2769,2024-03-09 22:46:00,2024-03-09 22:56:45,13,1,1.05,5.9,2.0,2,False,False,False,False,False,False,False,10.75,22,2024-03-09,5.8604651162790695,5.6190476190476195,Queens,Long Island City,Manhattan,Midtown,2024-03-09,4.2,4.7,True
2770,2024-03-13 19:51:00,2024-03-13 19:55:20,7,20,3.31,11.74,1.0,2,False,False,False,False,False,False,False,4.333333333333333,19,2024-03-13,45.830769230769235,3.5468277945619335,Brooklyn,Park Slope,Staten Island,Tottenville,2024-03-13,0.7,7.3,False
2771,2024-03-13 07:16:00,2024-03-13 07:25:52,13,16,1.5,6.67,1.0,1,False,False,False,False,False,False,False,9.866666666666667,7,2024-03-13,9.121621621621621,4.446666666666666,Queens,Long Island City,Bronx,Fordham,2024-03-13,0.7,7.3,False
2772,2024-03-25 16:16:00,2024-03-25 16:35:28,11,6,1.6,7.02,1.0,2,False,False,False,False,False,False,False,19.466666666666665,16,2024-03-25,4.931506849315069,4.387499999999999,Queens,Astoria,Brooklyn,Williamsburg,2024-03-25,0.0,7.3,False
2773,2024-03-06 00:35:00,2024-03-06 00:57:44,15,20,4.37,14.44,2.0,1,False,False,False,False,False,False,False,22.733333333333334,0,2024-03-06,11.533724340175953,3.3043478260869565,Queens,Forest Hills,Staten Island,Tottenville,2024-03-06,0.0,9.2,False
2774,2024-03-19 05:06:00,2024-03-19 05:24:30,3,6,0.7,4.71,1.0,1,False,False,False,False,False,False,False,18.5,5,2024-03-19,2.27027027027027,6.728571428571429,Manhattan,Chelsea,Brooklyn,Williamsburg,2024-03-19,1.1,11.7,True
2775,2024-03-24 17:55:00,2024-03-24 18:05:06,5,13,3.89,14.82,1.0,1,False,False,False,False,False,False,False,10.1,17,2024-03-24,23.10891089108911,3.809768637532134,Manhattan,Upper East Side,Queens,Long Island City,2024-03-24,1.1,11.3,True
2776,2024-03-11 12:48:00,2024-03-11 12:50:47,16,17,7.93,24.37,1.0,2,False,False,False,False,False,False,False,2.783333333333333,12,2024-03-11,170.94610778443112,3.0731399747793193,Bronx,Fordham,Bronx,Riverdale,2024-03-11,1.8,11.3,True
2777,2024-03-21 11:22:00,2024-03-21 11:30:49,17,15,1.34,5.97,1.0,1,False,False,False,False,False,False,False,8.816666666666666,11,2024-03-21,9.119092627599246,4.455223880597014,Bronx,Riverdale,Queens,Forest Hills,2024-03-21,0.0,8.6,False
2778,2024-03-22 20:35:00,2024-03-22 20:37:28,19,12,8.05,22.65,2.0,1,False,False,False,False,False,False,False,2.466666666666667,20,2024-03-22,195.81081081081084,2.8136645962732914,Staten Island,St. George,Queens,Flushing,2024-03-22,0.0,8.6,False
2779,2024-03-30 12:14:00,2024-03-30 12:31:26,1,8,1.52,6.93,1.0,1,False,False,False,False,False,False,False,17.433333333333334,12,2024-03-30,5.231357552581262,4.559210526315789,Manhattan,Midtown,Brooklyn,Bushwick,2024-03-30,1.9,18.9,True
2780,2024-03-30 09:57:00,2024-03-30 10:08:14,7,15,1.77,8.64,1.0,1,False,False,False,False,False,False,False,11.233333333333333,9,2024-03-30,9.454005934718102,4.88135593220339,Brooklyn,Park Slope,Queens,Forest Hills,2024-03-30,1.9,18.9,True
2781,2024-03-16 01:22:00,2024-03-16 01:51:06,10,8,2.58,9.73,1.0,2,False,False,False,False,False,False,False,29.1,1,2024-03-16,5.319587628865979,3.7713178294573644,Brooklyn,Bed-Stuy,Brooklyn,Bushwick,2024-03-16,0.5,14.7,False
2782,2024-03-20 00:55:00,2024-03-20 01:10:38,3,7,6.66,21.9,1.0,1,False,False,False,False,False,False,False,15.633333333333333,0,2024-03-20,25.56076759061834,3.288288288288288,Manhattan,Chelsea,Brooklyn,Park Slope,2024-03-20,1.4,11.9,True
2783,2024-03-02 18:28:00,2024-03-02 19:05:54,12,12,1.09,6.19,2.0,1,False,False,False,False,False,False,False,37.9,18,2024-03-02,1.7255936675461745,5.678899082568807,Queens,Flushing,Queens,Flushing,2024-03-02,0.7,3.3,False
2784,2024-03-29 21:02:00,2024-03-29 21:09:21,18,13,2.22,8.87,4.0,1,False,False,False,False,False,False,False,7.35,21,2024-03-29,18.122448979591837,3.995495495495495,Bronx,Mott Haven,Queens,Long Island City,2024-03-29,1.1,4.2,True
2785,2024-03-28 17:32:00,2024-03-28 17:47:47,14,9,4.07,-5.0,1.0,1,False,False,True,False,True,False,False,15.783333333333333,17,2024-03-28,15.472016895459348,-1.2285012285012284,Queens,Jamaica,Brooklyn,DUMBO,2024-03-28,1.2,7.8,True
2786,2024-03-12 19:38:00,2024-03-12 19:44:37,10,11,4.9,17.15,1.0,1,False,False,False,False,False,False,False,6.616666666666666,19,2024-03-12,44.43324937027709,3.4999999999999996,Brooklyn,Bed-Stuy,Queens,Astoria,2024-03-12,0.7,10.8,False
2787,2024-03-26 08:13:00,2024-03-26 08:34:30,3,3,1.6,7.77,1.0,1,False,False,False,False,False,False,False,21.5,8,2024-03-26,4.465116279069767,4.856249999999999,Manhattan,Chelsea,Manhattan,Chelsea,2024-03-26,1.0,4.1,False
2788,2024-03-29 10:10:00,2024-03-29 10:47:35,2,10,1.16,6.63,2.0,2,False,False,False,False,False,False,False,37.583333333333336,10,2024-03-29,1.8518847006651884,5.7155172413793105,Manhattan,Harlem,Brooklyn,Bed-Stuy,2024-03-29,1.1,4.2,True
2789,2024-03-22 23:58:00,2024-03-23 00:05:51,20,11,2.85,11.75,2.0,1,False,False,False,False,False,False,False,7.85,23,2024-03-22,21.78343949044586,4.12280701754386,Staten Island,Tottenville,Queens,Astoria,2024-03-22,0.0,8.6,False
2790,2024-03-19 20:29:00,2024-03-19 20:41:38,1,6,0.67,4.65,1.0,1,False,False,False,False,False,False,False,12.633333333333333,20,2024-03-19,3.182058047493404,6.940298507462686,Manhattan,Midtown,Brooklyn,Williamsburg,2024-03-19,1.1,11.7,True
2791,2024-03-18 19:58:00,2024-03-18 20:08:42,14,7,0.9,5.61,1.0,1,False,False,False,False,False,False,False,10.7,19,2024-03-18,5.046728971962618,6.233333333333333,Queens,Jamaica,Brooklyn,Park Slope,2024-03-18,1.5,8.4,True
2792,2024-03-20 20:15:00,2024-03-20 20:23:36,18,19,4.16,13.76,1.0,1,False,False,False,False,False,False,False,8.6,20,2024-03-20,29.023255813953487,3.3076923076923075,Bronx,Mott Haven,Staten Island,St. George,2024-03-20,1.4,11.9,True
2793,2024-03-02 07:07:00,2024-03-02 07:42:41,14,4,2.07,9.07,1.0,2,False,False,False,False,False,False,False,35.68333333333333,7,2024-03-02,3.4806165343297524,4.3816425120772955,Queens,Jamaica,Manhattan,SoHo,2024-03-02,0.7,3.3,False
2794,2024-03-19 00:31:00,2024-03-19 00:58:31,18,8,3.11,11.99,2.0,1,False,False,False,False,False,False,False,27.516666666666666,0,2024-03-19,6.781344639612357,3.8553054662379425,Bronx,Mott Haven,Brooklyn,Bushwick,2024-03-19,1.1,11.7,True
2795,2024-03-13 19:10:00,2024-03-13 19:19:40,12,2,3.23,10.88,1.0,1,False,False,False,False,False,False,False,9.666666666666666,19,2024-03-13,20.048275862068966,3.368421052631579,Queens,Flushing,Manhattan,Harlem,2024-03-13,0.7,7.3,False
2796,2024-03-27 22:49:00,2024-03-27 22:57:07,5,13,4.89,14.97,2.0,2,False,False,False,False,False,False,False,8.116666666666667,22,2024-03-27,36.14784394250513,3.0613496932515343,Manhattan,Upper East Side,Queens,Long Island City,2024-03-27,2.1,4.2,True
2797,2024-03-16 10:09:00,2024-03-16 10:21:33,19,3,2.45,10.36,1.0,2,False,False,False,False,False,False,False,12.55,10,2024-03-16,11.713147410358566,4.228571428571428,Staten Island,St. George,Manhattan,Chelsea,2024-03-16,0.5,14.7,False
2798,2024-03-24 03:51:00,2024-03-24 04:12:35,3,15,3.3,12.24,1.0,2,False,False,False,False,False,False,False,21.583333333333332,3,2024-03-24,9.173745173745173,3.7090909090909094,Manhattan,Chelsea,Queens,Forest Hills,2024-03-24,1.1,11.3,True
2799,2024-03-11 08:42:00,2024-03-11 08:43:00,9,11,2.97,10.43,1.0,1,False,False,False,False,False,False,False,1.0,8,2024-03-11,178.20000000000002,3.5117845117845117,Brooklyn,DUMBO,Queens,Astoria,2024-03-11,1.8,11.3,True
2800,2024-03-30 22:29:00,2024-03-30 22:50:05,5,9,1.36,6.65,1.0,3,False,False,False,False,False,False,False,21.083333333333332,22,2024-03-30,3.870355731225297,4.889705882352941,Manhattan,Upper East Side,Brooklyn,DUMBO,2024-03-30,1.9,18.9,True
2801,2024-03-19 09:14:00,2024-03-19 09:37:54,4,10,5.26,15.44,2.0,1,False,False,False,False,False,False,False,23.9,9,2024-03-19,13.205020920502092,2.9353612167300382,Manhattan,SoHo,Brooklyn,Bed-Stuy,2024-03-19,1.1,11.7,True
2802,2024-03-18 17:56:00,2024-03-18 18:06:07,9,7,0.1,3.27,1.0,1,False,False,False,False,False,False,False,10.116666666666667,17,2024-03-18,0.5930807248764415,32.699999999999996,Brooklyn,DUMBO,Brooklyn,Park Slope,2024-03-18,1.5,8.4,True
2803,2024-03-25 23:28:00,2024-03-25 23:43:00,19,5,2.73,9.62,1.0,2,False,False,False,False,False,False,False,15.0,23,2024-03-25,10.92,3.5238095238095237,Staten Island,St. George,Manhattan,Upper East Side,2024-03-25,0.0,7.3,False
2804,2024-03-03 12:22:00,2024-03-03 12:32:55,11,1,0.79,5.25,2.0,2,False,False,False,False,False,False,False,10.916666666666666,12,2024-03-03,4.341984732824428,6.6455696202531644,Queens,Astoria,Manhattan,Midtown,2024-03-03,1.4,7.4,True
2805,2024-03-28 09:29:00,2024-03-28 09:57:57,14,18,0.68,5.0,1.0,1,False,False,False,False,False,False,False,28.95,9,2024-03-28,1.4093264248704664,7.352941176470588,Queens,Jamaica,Bronx,Mott Haven,2024-03-28,1.2,7.8,True
2806,2024-03-25 17:07:00,2024-03-25 17:24:07,6,6,1.12,5.94,1.0,1,False,False,False,False,False,False,False,17.116666666666667,17,2024-03-25,3.925998052580331,5.303571428571429,Brooklyn,Williamsburg,Brooklyn,Williamsburg,2024-03-25,0.0,7.3,False
2807,2024-03-03 05:32:00,2024-03-03 06:08:54,9,11,3.52,13.47,1.0,2,False,False,False,False,False,False,False,36.9,5,2024-03-03,5.723577235772358,3.8267045454545454,Brooklyn,DUMBO,Queens,Astoria,2024-03-03,1.4,7.4,True
2808,2024-03-26 18:53:00,2024-03-26 19:15:15,12,2,0.63,4.75,2.0,1,False,False,False,False,False,False,False,22.25,18,2024-03-26,1.698876404494382,7.5396825396825395,Queens,Flushing,Manhattan,Harlem,2024-03-26,1.0,4.1,False
2809,2024-03-14 09:57:00,2024-03-14 10:04:25,18,7,4.83,17.04,1.0,2,False,False,False,False,False,False,False,7.416666666666667,9,2024-03-14,39.07415730337078,3.5279503105590058,Bronx,Mott Haven,Brooklyn,Park Slope,2024-03-14,1.5,5.8,True
2810,2024-03-11 10:40:00,2024-03-11 10:56:28,15,6,4.63,13.76,1.0,1,False,False,False,False,False,False,False,16.466666666666665,10,2024-03-11,16.870445344129553,2.9719222462203025,Queens,Forest Hills,Brooklyn,Williamsburg,2024-03-11,1.8,11.3,True
2811,2024-03-16 21:12:00,2024-03-16 21:21:37,1,14,0.52,4.37,1.0,2,False,False,False,False,False,False,False,9.616666666666667,21,2024-03-16,3.2443674176776427,8.403846153846153,Manhattan,Midtown,Queens,Jamaica,2024-03-16,0.5,14.7,False
2812,2024-03-10 02:08:00,2024-03-10 02:10:33,10,11,7.52,23.53,2.0,2,False,False,False,False,False,False,False,2.55,2,2024-03-10,176.94117647058823,3.128989361702128,Brooklyn,Bed-Stuy,Queens,Astoria,2024-03-10,0.0,3.9,False
2813,2024-03-03 22:35:00,2024-03-03 22:41:39,20,17,6.2,17.73,1.0,2,False,False,False,False,False,False,False,6.65,22,2024-03-03,55.93984962406015,2.859677419354839,Staten Island,Tottenville,Bronx,Riverdale,2024-03-03,1.4,7.4,True
2814,2024-03-18 10:09:00,2024-03-18 10:18:47,2,5,4.4,14.38,2.0,2,False,False,False,False,False,False,False,9.783333333333333,10,2024-03-18,26.984667802385008,3.268181818181818,Manhattan,Harlem,Manhattan,Upper East Side,2024-03-18,1.5,8.4,True
2815,2024-03-13 14:35:00,2024-03-13 14:37:25,7,15,1.68,-5.0,1.0,1,False,False,True,False,True,False,False,2.4166666666666665,14,2024-03-13,41.71034482758621,-2.9761904761904763,Brooklyn,Park Slope,Queens,Forest Hills,2024-03-13,0.7,7.3,False
2816,2024-03-13 17:47:00,2024-03-13 18:10:29,6,13,2.25,9.62,1.0,1,False,False,False,False,False,False,False,23.483333333333334,17,2024-03-13,5.748757984386089,4.275555555555555,Brooklyn,Williamsburg,Queens,Long Island City,2024-03-13,0.7,7.3,False
2817,2024-03-18 00:15:00,2024-03-18 00:40:23,3,15,3.47,14.05,1.0,1,False,False,False,False,False,False,False,25.383333333333333,0,2024-03-18,8.202232435981616,4.0489913544668585,Manhattan,Chelsea,Queens,Forest Hills,2024-03-18,1.5,8.4,True
2818,2024-03-27 13:11:00,2024-03-27 13:21:37,14,1,2.36,9.65,2.0,2,False,False,False,False,False,False,False,10.616666666666667,13,2024-03-27,13.337519623233907,4.088983050847458,Queens,Jamaica,Manhattan,Midtown,2024-03-27,2.1,4.2,True
2819,2024-03-08 20:54:00,2024-03-08 21:38:07,18,13,2.12,9.51,2.0,3,False,False,False,False,False,False,False,44.11666666666667,20,2024-03-08,2.883264072534945,4.485849056603773,Bronx,Mott Haven,Queens,Long Island City,2024-03-08,2.8,5.6,True
2820,2024-03-09 20:46:00,2024-03-09 21:13:00,8,2,7.05,24.86,1.0,1,False,False,False,False,False,False,False,27.0,20,2024-03-09,15.666666666666666,3.526241134751773,Brooklyn,Bushwick,Manhattan,Harlem,2024-03-09,4.2,4.7,True
2821,2024-03-25 03:45:00,2024-03-25 03:46:00,6,20,1.17,6.53,1.0,1,False,False,False,False,False,False,False,1.0,3,2024-03-25,70.2,5.581196581196582,Brooklyn,Williamsburg,Staten Island,Tottenville,2024-03-25,0.0,7.3,False
2822,2024-03-09 01:55:00,2024-03-09 02:29:03,11,19,4.18,12.61,1.0,2,False,False,False,False,False,False,False,34.05,1,2024-03-09,7.365638766519823,3.0167464114832536,Queens,Astoria,Staten Island,St. George,2024-03-09,4.2,4.7,True
2823,2024-03-07 05:17:00,2024-03-07 05:26:36,10,4,5.48,19.77,1.0,1,False,False,False,False,False,False,False,9.6,5,2024-03-07,34.25,3.607664233576642,Brooklyn,Bed-Stuy,Manhattan,SoHo,2024-03-07,0.0,3.3,False
2824,2024-03-07 13:06:00,2024-03-07 13:21:21,9,10,4.69,15.25,1.0,2,False,False,False,False,False,False,False,15.35,13,2024-03-07,18.33224755700326,3.251599147121535,Brooklyn,DUMBO,Brooklyn,Bed-Stuy,2024-03-07,0.0,3.3,False
2825,2024-03-08 13:03:00,2024-03-08 13:19:34,3,8,3.06,12.75,1.0,1,False,False,False,False,False,False,False,16.566666666666666,13,2024-03-08,11.082494969818915,4.166666666666667,Manhattan,Chelsea,Brooklyn,Bushwick,2024-03-08,2.8,5.6,True
2826,2024-03-02 10:12:00,2024-03-02 10:40:48,2,19,0.29,3.65,2.0,2,False,False,False,False,False,False,False,28.8,10,2024-03-02,0.6041666666666666,12.586206896551724,Manhattan,Harlem,Staten Island,St. George,2024-03-02,0.7,3.3,False
2827,2024-03-06 09:15:00,2024-03-06 09:19:04,14,4,0.61,4.75,1.0,2,False,False,False,False,False,False,False,4.066666666666666,9,2024-03-06,9.0,7.786885245901639,Queens,Jamaica,Manhattan,SoHo,2024-03-06,0.0,9.2,False
2828,2024-03-11 00:53:00,2024-03-11 01:01:29,15,19,2.84,11.19,1.0,1,False,False,False,False,False,False,False,8.483333333333333,0,2024-03-11,20.08644400785855,3.9401408450704225,Queens,Forest Hills,Staten Island,St. George,2024-03-11,1.8,11.3,True
2829,2024-03-07 17:03:00,2024-03-07 17:05:20,7,2,4.75,16.36,1.0,2,False,False,False,False,False,False,False,2.3333333333333335,17,2024-03-07,122.14285714285714,3.444210526315789,Brooklyn,Park Slope,Manhattan,Harlem,2024-03-07,0.0,3.3,False
2830,2024-03-23 09:36:00,2024-03-23 09:53:01,9,17,4.66,14.69,1.0,2,False,False,False,False,False,False,False,17.016666666666666,9,2024-03-23,16.4309500489716,3.152360515021459,Brooklyn,DUMBO,Bronx,Riverdale,2024-03-23,1.2,5.9,True
2831,2024-03-25 12:34:00,2024-03-25 12:56:31,11,7,3.59,12.78,1.0,1,False,False,False,False,False,False,False,22.516666666666666,12,2024-03-25,9.566247224278312,3.5598885793871866,Queens,Astoria,Brooklyn,Park Slope,2024-03-25,0.0,7.3,False
2832,2024-03-29 15:42:00,2024-03-29 16:07:57,17,20,1.73,8.46,2.0,1,False,False,False,False,False,False,False,25.95,15,2024-03-29,4.0,4.890173410404625,Bronx,Riverdale,Staten Island,Tottenville,2024-03-29,1.1,4.2,True
2833,2024-03-06 13:37:00,2024-03-06 14:05:38,15,3,3.74,11.27,1.0,2,False,False,False,False,False,False,False,28.633333333333333,13,2024-03-06,7.837019790454017,3.013368983957219,Queens,Forest Hills,Manhattan,Chelsea,2024-03-06,0.0,9.2,False
2834,2024-03-04 21:48:00,2024-03-04 21:58:42,9,19,0.76,5.07,1.0,2,False,False,False,False,False,False,False,10.7,21,2024-03-04,4.261682242990655,6.671052631578948,Brooklyn,DUMBO,Staten Island,St. George,2024-03-04,3.4,18.0,True
2835,2024-03-19 11:47:00,2024-03-19 11:58:44,20,10,4.57,14.23,1.0,1,False,False,False,False,False,False,False,11.733333333333333,11,2024-03-19,23.369318181818187,3.113785557986871,Staten Island,Tottenville,Brooklyn,Bed-Stuy,2024-03-19,1.1,11.7,True
2836,2024-03-10 06:02:00,2024-03-10 06:08:04,4,10,2.82,11.32,2.0,2,False,False,False,False,False,False,False,6.066666666666666,6,2024-03-10,27.89010989010989,4.014184397163121,Manhattan,SoHo,Brooklyn,Bed-Stuy,2024-03-10,0.0,3.9,False
2837,2024-03-05 19:10:00,2024-03-05 19:23:29,2,17,3.04,11.56,1.0,2,False,False,False,False,False,False,False,13.483333333333333,19,2024-03-05,13.527812113720644,3.8026315789473686,Manhattan,Harlem,Bronx,Riverdale,2024-03-05,2.7,10.6,True
2838,2024-03-23 14:03:00,2024-03-23 14:08:52,14,18,1.34,6.8,1.0,1,False,False,False,False,False,False,False,5.866666666666666,14,2024-03-23,13.704545454545457,5.074626865671641,Queens,Jamaica,Bronx,Mott Haven,2024-03-23,1.2,5.9,True
2839,2024-03-21 05:16:53,2024-03-21 05:07:00,6,10,4.45,14.86,1.0,1,True,False,False,False,True,False,False,-9.883333333333333,5,2024-03-21,-27.015177065767286,3.339325842696629,Brooklyn,Williamsburg,Brooklyn,Bed-Stuy,2024-03-21,0.0,8.6,False
2840,2024-03-19 22:11:00,2024-03-19 22:23:50,17,8,1.52,7.84,1.0,3,False,False,False,False,False,False,False,12.833333333333334,22,2024-03-19,7.106493506493506,5.157894736842105,Bronx,Riverdale,Brooklyn,Bushwick,2024-03-19,1.1,11.7,True
2841,2024-03-10 17:40:00,2024-03-10 17:45:47,11,3,2.4,9.51,1.0,1,False,False,False,False,False,False,False,5.783333333333333,17,2024-03-10,24.89913544668588,3.9625,Queens,Astoria,Manhattan,Chelsea,2024-03-10,0.0,3.9,False
2842,2024-03-23 08:39:00,2024-03-23 08:40:46,9,15,3.21,11.66,2.0,2,False,False,False,False,False,False,False,1.7666666666666666,8,2024-03-23,109.01886792452831,3.632398753894081,Brooklyn,DUMBO,Queens,Forest Hills,2024-03-23,1.2,5.9,True
2843,2024-03-01 02:44:00,2024-03-01 03:06:49,10,15,3.94,14.12,1.0,1,False,False,False,False,False,False,False,22.816666666666666,2,2024-03-01,10.360847333820306,3.583756345177665,Brooklyn,Bed-Stuy,Queens,Forest Hills,2024-03-01,0.0,4.2,False
2844,2024-03-30 20:24:00,2024-03-30 20:38:32,12,19,6.22,17.53,1.0,1,False,False,False,False,False,False,False,14.533333333333333,20,2024-03-30,25.678899082568805,2.8183279742765275,Queens,Flushing,Staten Island,St. George,2024-03-30,1.9,18.9,True
2845,2024-03-23 09:15:00,2024-03-23 09:36:44,18,9,2.98,11.43,2.0,1,False,False,False,False,False,False,False,21.733333333333334,9,2024-03-23,8.226993865030675,3.8355704697986575,Bronx,Mott Haven,Brooklyn,DUMBO,2024-03-23,1.2,5.9,True
2846,2024-03-13 13:20:00,2024-03-13 13:30:52,16,13,6.2,22.07,1.0,1,False,False,False,False,False,False,False,10.866666666666667,13,2024-03-13,34.23312883435583,3.5596774193548386,Bronx,Fordham,Queens,Long Island City,2024-03-13,0.7,7.3,False
2847,2024-03-16 05:38:00,2024-03-16 06:16:44,11,11,4.37,16.65,2.0,1,False,False,False,False,False,False,False,38.733333333333334,5,2024-03-16,6.769363166953529,3.810068649885583,Queens,Astoria,Queens,Astoria,2024-03-16,0.5,14.7,False
2848,2024-03-28 04:22:00,2024-03-28 04:28:57,2,12,1.96,8.3,1.0,1,False,False,False,False,False,False,False,6.95,4,2024-03-28,16.92086330935252,4.234693877551021,Manhattan,Harlem,Queens,Flushing,2024-03-28,1.2,7.8,True
2849,2024-03-05 08:46:00,2024-03-05 08:51:33,20,16,5.62,18.79,1.0,1,False,False,False,False,False,False,False,5.55,8,2024-03-05,60.75675675675676,3.343416370106761,Staten Island,Tottenville,Bronx,Fordham,2024-03-05,2.7,10.6,True
2850,2024-03-20 02:23:00,2024-03-20 02:43:39,20,7,2.18,9.84,1.0,1,False,False,False,False,False,False,False,20.65,2,2024-03-20,6.334140435835352,4.513761467889908,Staten Island,Tottenville,Brooklyn,Park Slope,2024-03-20,1.4,11.9,True
2851,2024-03-09 06:40:00,2024-03-09 06:48:37,12,20,1.38,7.34,1.0,3,False,False,False,False,False,False,False,8.616666666666667,6,2024-03-09,9.609284332688588,5.3188405797101455,Queens,Flushing,Staten Island,Tottenville,2024-03-09,4.2,4.7,True
2852,2024-03-09 12:13:00,2024-03-09 12:14:00,11,2,5.84,17.53,1.0,1,False,False,False,False,False,False,False,1.0,12,2024-03-09,350.4,3.0017123287671237,Queens,Astoria,Manhattan,Harlem,2024-03-09,4.2,4.7,True
2853,2024-03-29 10:07:00,2024-03-29 10:26:04,20,13,2.77,10.33,0.0,1,False,False,False,True,True,False,False,19.066666666666666,10,2024-03-29,8.716783216783217,3.729241877256318,Staten Island,Tottenville,Queens,Long Island City,2024-03-29,1.1,4.2,True
2854,2024-03-25 00:21:00,2024-03-25 00:26:07,4,3,1.48,7.57,1.0,1,False,False,False,False,False,False,False,5.116666666666666,0,2024-03-25,17.355048859934854,5.114864864864865,Manhattan,SoHo,Manhattan,Chelsea,2024-03-25,0.0,7.3,False
2855,2024-03-10 17:35:00,2024-03-10 17:44:43,16,8,6.14,16.52,1.0,1,False,False,False,False,False,False,False,9.716666666666667,17,2024-03-10,37.914236706689536,2.6905537459283386,Bronx,Fordham,Brooklyn,Bushwick,2024-03-10,0.0,3.9,False
2856,2024-03-08 18:23:00,2024-03-08 18:26:01,2,1,2.84,11.34,1.0,1,False,False,False,False,False,False,False,3.0166666666666666,18,2024-03-08,56.48618784530387,3.9929577464788735,Manhattan,Harlem,Manhattan,Midtown,2024-03-08,2.8,5.6,True
2857,2024-03-03 16:52:00,2024-03-03 16:59:31,16,8,1.82,8.51,1.0,2,False,False,False,False,False,False,False,7.516666666666667,16,2024-03-03,14.527716186252773,4.675824175824175,Bronx,Fordham,Brooklyn,Bushwick,2024-03-03,1.4,7.4,True
2858,2024-03-07 00:56:00,2024-03-07 00:58:41,11,8,2.51,9.89,1.0,2,False,False,False,False,False,False,False,2.683333333333333,0,2024-03-07,56.12422360248447,3.9402390438247017,Queens,Astoria,Brooklyn,Bushwick,2024-03-07,0.0,3.3,False
2859,2024-03-03 13:17:00,2024-03-03 13:21:47,16,3,2.68,9.49,1.0,1,False,False,False,False,False,False,False,4.783333333333333,13,2024-03-03,33.61672473867596,3.541044776119403,Bronx,Fordham,Manhattan,Chelsea,2024-03-03,1.4,7.4,True
2860,2024-03-14 01:39:00,2024-03-14 02:09:55,10,12,0.45,4.26,1.0,1,False,False,False,False,False,False,False,30.916666666666668,1,2024-03-14,0.8733153638814015,9.466666666666667,Brooklyn,Bed-Stuy,Queens,Flushing,2024-03-14,1.5,5.8,True
2861,2024-03-01 20:40:00,2024-03-01 21:07:10,14,16,1.04,5.38,1.0,1,False,False,False,False,False,False,False,27.166666666666668,20,2024-03-01,2.2969325153374234,5.1730769230769225,Queens,Jamaica,Bronx,Fordham,2024-03-01,0.0,4.2,False
2862,2024-03-08 02:52:00,2024-03-08 03:05:01,16,1,3.22,12.75,1.0,1,False,False,False,False,False,False,False,13.016666666666667,2,2024-03-08,14.842509603072983,3.9596273291925463,Bronx,Fordham,Manhattan,Midtown,2024-03-08,2.8,5.6,True
2863,2024-03-25 04:43:00,2024-03-25 04:55:03,10,4,6.7,21.64,1.0,1,False,False,False,False,False,False,False,12.05,4,2024-03-25,33.36099585062241,3.2298507462686565,Brooklyn,Bed-Stuy,Manhattan,SoHo,2024-03-25,0.0,7.3,False
2864,2024-03-21 01:51:00,2024-03-21 02:20:46,9,8,1.38,6.68,1.0,2,False,False,False,False,False,False,False,29.766666666666666,1,2024-03-21,2.781634938409854,4.840579710144928,Brooklyn,DUMBO,Brooklyn,Bushwick,2024-03-21,0.0,8.6,False
2865,2024-03-03 09:39:00,2024-03-03 09:47:11,10,16,2.84,11.22,4.0,1,False,False,False,False,False,False,False,8.183333333333334,9,2024-03-03,20.822810590631363,3.950704225352113,Brooklyn,Bed-Stuy,Bronx,Fordham,2024-03-03,1.4,7.4,True
2866,2024-03-24 17:03:00,2024-03-24 17:16:22,6,3,2.51,9.22,3.0,2,False,False,False,False,False,False,False,13.366666666666667,17,2024-03-24,11.266832917705734,3.6733067729083673,Brooklyn,Williamsburg,Manhattan,Chelsea,2024-03-24,1.1,11.3,True
2867,2024-03-26 15:34:00,2024-03-26 15:55:25,7,9,0.53,4.66,1.0,1,False,False,False,False,False,False,False,21.416666666666668,15,2024-03-26,1.4848249027237355,8.79245283018868,Brooklyn,Park Slope,Brooklyn,DUMBO,2024-03-26,1.0,4.1,False
2868,2024-03-07 13:15:00,2024-03-07 13:40:08,1,13,5.18,17.21,1.0,1,False,False,False,False,False,False,False,25.133333333333333,13,2024-03-07,12.36604774535809,3.3223938223938227,Manhattan,Midtown,Queens,Long Island City,2024-03-07,0.0,3.3,False
2869,2024-03-05 07:17:00,2024-03-05 07:32:09,20,7,1.47,6.96,1.0,1,False,False,False,False,False,False,False,15.15,7,2024-03-05,5.821782178217822,4.73469387755102,Staten Island,Tottenville,Brooklyn,Park Slope,2024-03-05,2.7,10.6,True
2870,2024-03-19 03:55:00,2024-03-19 04:13:14,3,10,5.57,19.84,1.0,1,False,False,False,False,False,False,False,18.233333333333334,3,2024-03-19,18.3290676416819,3.5619389587073607,Manhattan,Chelsea,Brooklyn,Bed-Stuy,2024-03-19,1.1,11.7,True
2871,2024-03-29 16:09:00,2024-03-29 16:36:49,5,16,0.28,3.63,1.0,2,False,False,False,False,False,False,False,27.816666666666666,16,2024-03-29,0.603954463750749,12.964285714285714,Manhattan,Upper East Side,Bronx,Fordham,2024-03-29,1.1,4.2,True
2872,2024-03-16 05:55:00,2024-03-16 06:14:33,6,13,2.74,10.71,1.0,2,False,False,False,False,False,False,False,19.55,5,2024-03-16,8.40920716112532,3.908759124087591,Brooklyn,Williamsburg,Queens,Long Island City,2024-03-16,0.5,14.7,False
2873,2024-03-19 10:33:00,2024-03-19 10:42:06,7,15,0.39,3.86,1.0,1,False,False,False,False,False,False,False,9.1,10,2024-03-19,2.5714285714285716,9.897435897435896,Brooklyn,Park Slope,Queens,Forest Hills,2024-03-19,1.1,11.7,True
2874,2024-03-23 05:41:00,2024-03-23 06:01:03,2,17,2.15,8.72,1.0,2,False,False,False,False,False,False,False,20.05,5,2024-03-23,6.433915211970074,4.055813953488372,Manhattan,Harlem,Bronx,Riverdale,2024-03-23,1.2,5.9,True
2875,2024-03-24 16:23:00,2024-03-24 16:37:26,4,3,6.3,21.25,2.0,1,False,False,False,False,False,False,False,14.433333333333334,16,2024-03-24,26.189376443418013,3.373015873015873,Manhattan,SoHo,Manhattan,Chelsea,2024-03-24,1.1,11.3,True
2876,2024-03-17 18:55:00,2024-03-17 19:07:06,13,15,1.47,6.58,2.0,1,False,False,False,False,False,False,False,12.1,18,2024-03-17,7.289256198347108,4.476190476190476,Queens,Long Island City,Queens,Forest Hills,2024-03-17,1.8,12.0,True
2877,2024-03-23 08:47:00,2024-03-23 08:59:22,7,18,2.53,9.49,1.0,2,False,False,False,False,False,False,False,12.366666666666667,8,2024-03-23,12.274932614555256,3.7509881422924907,Brooklyn,Park Slope,Bronx,Mott Haven,2024-03-23,1.2,5.9,True
2878,2024-03-01 18:15:00,2024-03-01 18:29:22,1,5,3.91,13.64,1.0,1,False,False,False,False,False,False,False,14.366666666666667,18,2024-03-01,16.329466357308583,3.4884910485933505,Manhattan,Midtown,Manhattan,Upper East Side,2024-03-01,0.0,4.2,False
2879,2024-03-12 10:28:00,2024-03-12 10:36:35,7,17,6.71,21.95,2.0,1,False,False,False,False,False,False,False,8.583333333333334,10,2024-03-12,46.904854368932035,3.27123695976155,Brooklyn,Park Slope,Bronx,Riverdale,2024-03-12,0.7,10.8,False
2880,2024-03-30 09:19:00,2024-03-30 09:21:55,12,9,4.24,13.92,1.0,1,False,False,False,False,False,False,False,2.9166666666666665,9,2024-03-30,87.22285714285715,3.283018867924528,Queens,Flushing,Brooklyn,DUMBO,2024-03-30,1.9,18.9,True
2881,2024-03-26 21:03:00,2024-03-26 21:52:47,18,17,11.81,34.69,1.0,2,False,False,False,False,False,False,False,49.78333333333333,21,2024-03-26,14.233679276866424,2.937341236240474,Bronx,Mott Haven,Bronx,Riverdale,2024-03-26,1.0,4.1,False
2882,2024-03-30 06:40:00,2024-03-30 06:59:33,2,8,0.74,5.21,1.0,1,False,False,False,False,False,False,False,19.55,6,2024-03-30,2.271099744245524,7.04054054054054,Manhattan,Harlem,Brooklyn,Bushwick,2024-03-30,1.9,18.9,True
2883,2024-03-22 04:13:00,2024-03-22 04:29:50,9,8,0.79,5.25,1.0,1,False,False,False,False,False,False,False,16.833333333333332,4,2024-03-22,2.815841584158416,6.6455696202531644,Brooklyn,DUMBO,Brooklyn,Bushwick,2024-03-22,0.0,8.6,False
2884,2024-03-22 06:33:00,2024-03-22 06:37:46,2,19,2.26,8.25,1.0,1,False,False,False,False,False,False,False,4.766666666666667,6,2024-03-22,28.447552447552447,3.6504424778761067,Manhattan,Harlem,Staten Island,St. George,2024-03-22,0.0,8.6,False
2885,2024-03-29 06:22:00,2024-03-29 06:31:35,11,7,4.55,13.26,1.0,2,False,False,False,False,False,False,False,9.583333333333334,6,2024-03-29,28.486956521739128,2.914285714285714,Queens,Astoria,Brooklyn,Park Slope,2024-03-29,1.1,4.2,True
2886,2024-03-17 22:13:00,2024-03-17 22:37:48,2,2,4.03,13.3,1.0,2,False,False,False,False,False,False,False,24.8,22,2024-03-17,9.75,3.300248138957816,Manhattan,Harlem,Manhattan,Harlem,2024-03-17,1.8,12.0,True
2887,2024-03-03 08:50:00,2024-03-03 09:09:11,7,17,2.83,9.45,2.0,1,False,False,False,False,False,False,False,19.183333333333334,8,2024-03-03,8.851433536055604,3.339222614840989,Brooklyn,Park Slope,Bronx,Riverdale,2024-03-03,1.4,7.4,True
2888,2024-03-10 20:56:00,2024-03-10 20:59:57,11,16,0.78,4.72,1.0,1,False,False,False,False,False,False,False,3.95,20,2024-03-10,11.848101265822784,6.051282051282051,Queens,Astoria,Bronx,Fordham,2024-03-10,0.0,3.9,False
2889,2024-03-06 22:21:00,2024-03-06 22:36:27,4,8,2.04,8.59,1.0,1,False,False,False,False,False,False,False,15.45,22,2024-03-06,7.922330097087379,4.21078431372549,Manhattan,SoHo,Brooklyn,Bushwick,2024-03-06,0.0,9.2,False
2890,2024-03-14 21:05:00,2024-03-14 21:22:46,3,13,1.43,6.3,1.0,1,False,False,False,False,False,False,False,17.766666666666666,21,2024-03-14,4.829268292682927,4.405594405594406,Manhattan,Chelsea,Queens,Long Island City,2024-03-14,1.5,5.8,True
2891,2024-03-19 08:44:00,2024-03-19 09:06:25,9,6,0.84,5.25,1.0,2,False,False,False,False,False,False,False,22.416666666666668,8,2024-03-19,2.248327137546468,6.25,Brooklyn,DUMBO,Brooklyn,Williamsburg,2024-03-19,1.1,11.7,True
2892,2024-03-04 19:29:00,2024-03-04 19:37:49,17,3,5.63,17.26,1.0,2,False,False,False,False,False,False,False,8.816666666666666,19,2024-03-04,38.31379962192817,3.065719360568384,Bronx,Riverdale,Manhattan,Chelsea,2024-03-04,3.4,18.0,True
2893,2024-03-08 21:15:00,2024-03-08 21:24:16,13,1,2.05,8.78,1.0,2,False,False,False,False,False,False,False,9.266666666666667,21,2024-03-08,13.273381294964025,4.282926829268293,Queens,Long Island City,Manhattan,Midtown,2024-03-08,2.8,5.6,True
2894,2024-03-08 06:02:00,2024-03-08 06:23:12,14,12,2.42,9.86,1.0,2,False,False,False,False,False,False,False,21.2,6,2024-03-08,6.849056603773585,4.074380165289256,Queens,Jamaica,Queens,Flushing,2024-03-08,2.8,5.6,True
2895,2024-03-01 16:51:00,2024-03-01 17:03:32,12,14,4.27,15.24,1.0,3,False,False,False,False,False,False,False,12.533333333333333,16,2024-03-01,20.44148936170213,3.5690866510538646,Queens,Flushing,Queens,Jamaica,2024-03-01,0.0,4.2,False
2896,2024-03-22 00:31:00,2024-03-22 00:55:16,17,3,0.54,4.28,1.0,1,False,False,False,False,False,False,False,24.266666666666666,0,2024-03-22,1.3351648351648353,7.925925925925926,Bronx,Riverdale,Manhattan,Chelsea,2024-03-22,0.0,8.6,False
2897,2024-03-03 07:59:00,2024-03-03 08:07:04,20,1,3.69,14.21,2.0,1,False,False,False,False,False,False,False,8.066666666666666,7,2024-03-03,27.446280991735534,3.8509485094850953,Staten Island,Tottenville,Manhattan,Midtown,2024-03-03,1.4,7.4,True
2898,2024-03-30 22:53:00,2024-03-30 23:28:23,7,7,1.19,6.72,1.0,1,False,False,False,False,False,False,False,35.38333333333333,22,2024-03-30,2.017899199246349,5.647058823529412,Brooklyn,Park Slope,Brooklyn,Park Slope,2024-03-30,1.9,18.9,True
2899,2024-03-12 13:40:00,2024-03-12 13:51:12,19,20,1.83,7.26,2.0,2,False,False,False,False,False,False,False,11.2,13,2024-03-12,9.80357142857143,3.967213114754098,Staten Island,St. George,Staten Island,Tottenville,2024-03-12,0.7,10.8,False
2900,2024-03-05 07:09:00,2024-03-05 07:25:04,12,9,6.65,21.88,1.0,1,False,False,False,False,False,False,False,16.066666666666666,7,2024-03-05,24.83402489626556,3.290225563909774,Queens,Flushing,Brooklyn,DUMBO,2024-03-05,2.7,10.6,True
2901,2024-03-14 13:25:00,2024-03-14 14:10:20,12,1,7.29,25.97,1.0,1,False,False,False,False,False,False,False,45.333333333333336,13,2024-03-14,9.648529411764704,3.56241426611797,Queens,Flushing,Manhattan,Midtown,2024-03-14,1.5,5.8,True
2902,2024-03-03 14:44:00,2024-03-03 14:57:16,13,8,2.47,8.58,1.0,1,False,False,False,False,False,False,False,13.266666666666667,14,2024-03-03,11.170854271356784,3.4736842105263155,Queens,Long Island City,Brooklyn,Bushwick,2024-03-03,1.4,7.4,True
2903,2024-03-01 04:00:00,2024-03-01 04:29:59,7,14,3.61,12.94,1.0,2,False,False,False,False,False,False,False,29.983333333333334,4,2024-03-01,7.2240133407448575,3.5844875346260388,Brooklyn,Park Slope,Queens,Jamaica,2024-03-01,0.0,4.2,False
2904,2024-03-14 01:59:00,2024-03-14 02:49:55,10,9,2.81,10.31,2.0,2,False,False,False,False,False,False,False,50.916666666666664,1,2024-03-14,3.3112929623567924,3.6690391459074734,Brooklyn,Bed-Stuy,Brooklyn,DUMBO,2024-03-14,1.5,5.8,True
2905,2024-03-22 18:32:00,2024-03-22 18:54:38,9,18,2.04,9.02,1.0,1,False,False,False,False,False,False,False,22.633333333333333,18,2024-03-22,5.407952871870398,4.42156862745098,Brooklyn,DUMBO,Bronx,Mott Haven,2024-03-22,0.0,8.6,False
2906,2024-03-10 15:15:00,2024-03-10 15:20:10,9,13,4.03,14.08,1.0,1,False,False,False,False,False,False,False,5.166666666666667,15,2024-03-10,46.800000000000004,3.4937965260545902,Brooklyn,DUMBO,Queens,Long Island City,2024-03-10,0.0,3.9,False
2907,2024-03-07 12:32:00,2024-03-07 12:42:41,12,7,1.88,8.4,2.0,1,False,False,False,False,False,False,False,10.683333333333334,12,2024-03-07,10.558502340093604,4.468085106382979,Queens,Flushing,Brooklyn,Park Slope,2024-03-07,0.0,3.3,False
2908,2024-03-20 19:08:00,2024-03-20 19:17:50,6,17,1.09,5.61,1.0,1,False,False,False,False,False,False,False,9.833333333333334,19,2024-03-20,6.650847457627119,5.146788990825688,Brooklyn,Williamsburg,Bronx,Riverdale,2024-03-20,1.4,11.9,True
2909,2024-03-25 06:14:00,2024-03-25 07:02:18,16,4,0.78,5.15,1.0,1,False,False,False,False,False,False,False,48.3,6,2024-03-25,0.9689440993788822,6.602564102564103,Bronx,Fordham,Manhattan,SoHo,2024-03-25,0.0,7.3,False
2910,2024-03-25 05:44:00,2024-03-25 05:48:22,5,13,6.2,20.27,1.0,1,False,False,False,False,False,False,False,4.366666666666666,5,2024-03-25,85.19083969465649,3.269354838709677,Manhattan,Upper East Side,Queens,Long Island City,2024-03-25,0.0,7.3,False
2911,2024-03-01 04:56:00,2024-03-01 05:13:41,5,17,4.89,17.47,1.0,2,False,False,False,False,False,False,False,17.683333333333334,4,2024-03-01,16.591894439208293,3.572597137014315,Manhattan,Upper East Side,Bronx,Riverdale,2024-03-01,0.0,4.2,False
2912,2024-03-29 01:42:00,2024-03-29 02:14:11,15,12,2.32,9.9,1.0,2,False,False,False,False,False,False,False,32.18333333333333,1,2024-03-29,4.32522009321595,4.267241379310345,Queens,Forest Hills,Queens,Flushing,2024-03-29,1.1,4.2,True
2913,2024-03-13 11:49:00,2024-03-13 12:12:55,8,5,6.34,17.44,1.0,1,False,False,False,False,False,False,False,23.916666666666668,11,2024-03-13,15.905226480836236,2.7507886435331232,Brooklyn,Bushwick,Manhattan,Upper East Side,2024-03-13,0.7,7.3,False
2914,2024-03-29 17:28:00,2024-03-29 17:39:47,11,6,2.56,11.08,1.0,1,False,False,False,False,False,False,False,11.783333333333333,17,2024-03-29,13.035360678925036,4.328125,Queens,Astoria,Brooklyn,Williamsburg,2024-03-29,1.1,4.2,True
2915,2024-03-01 01:30:00,2024-03-01 01:55:18,3,17,1.63,6.91,1.0,1,False,False,False,False,False,False,False,25.3,1,2024-03-01,3.8656126482213433,4.2392638036809815,Manhattan,Chelsea,Bronx,Riverdale,2024-03-01,0.0,4.2,False
2916,2024-03-29 05:25:00,2024-03-29 05:50:40,19,5,0.33,3.98,1.0,3,False,False,False,False,False,False,False,25.666666666666668,5,2024-03-29,0.7714285714285714,12.06060606060606,Staten Island,St. George,Manhattan,Upper East Side,2024-03-29,1.1,4.2,True
2917,2024-03-09 22:15:00,2024-03-09 22:28:32,12,6,1.39,7.3,4.0,1,False,False,False,False,False,False,False,13.533333333333333,22,2024-03-09,6.162561576354679,5.251798561151079,Queens,Flushing,Brooklyn,Williamsburg,2024-03-09,4.2,4.7,True
2918,2024-03-30 10:32:00,2024-03-30 10:38:07,4,7,0.22,3.69,1.0,1,False,False,False,False,False,False,False,6.116666666666666,10,2024-03-30,2.158038147138965,16.772727272727273,Manhattan,SoHo,Brooklyn,Park Slope,2024-03-30,1.9,18.9,True
2919,2024-03-19 12:06:00,2024-03-19 12:56:47,14,1,1.98,8.42,4.0,3,False,False,False,False,False,False,False,50.78333333333333,12,2024-03-19,2.339350180505415,4.252525252525253,Queens,Jamaica,Manhattan,Midtown,2024-03-19,1.1,11.7,True
2920,2024-03-23 04:33:00,2024-03-23 05:04:36,3,8,0.35,3.88,1.0,1,False,False,False,False,False,False,False,31.6,4,2024-03-23,0.6645569620253163,11.085714285714285,Manhattan,Chelsea,Brooklyn,Bushwick,2024-03-23,1.2,5.9,True
2921,2024-03-26 05:47:00,2024-03-26 05:55:41,13,4,11.07,31.27,1.0,1,False,False,False,False,False,False,False,8.683333333333334,5,2024-03-26,76.49136276391555,2.8247515808491417,Queens,Long Island City,Manhattan,SoHo,2024-03-26,1.0,4.1,False
2922,2024-03-01 22:18:00,2024-03-01 22:32:31,2,1,9.92,28.35,1.0,1,False,False,False,False,False,False,False,14.516666666666667,22,2024-03-01,41.00114810562572,2.8578629032258065,Manhattan,Harlem,Manhattan,Midtown,2024-03-01,0.0,4.2,False
2923,2024-03-26 05:22:00,2024-03-26 05:32:32,14,9,5.02,18.55,1.0,2,False,False,False,False,False,False,False,10.533333333333333,5,2024-03-26,28.594936708860757,3.6952191235059764,Queens,Jamaica,Brooklyn,DUMBO,2024-03-26,1.0,4.1,False
2924,2024-03-28 16:10:00,2024-03-28 16:23:42,4,20,4.33,13.21,3.0,1,False,False,False,False,False,False,False,13.7,16,2024-03-28,18.963503649635037,3.0508083140877598,Manhattan,SoHo,Staten Island,Tottenville,2024-03-28,1.2,7.8,True
2925,2024-03-19 00:23:00,2024-03-19 00:45:43,9,7,3.83,14.76,1.0,2,False,False,False,False,False,False,False,22.716666666666665,0,2024-03-19,10.115920763022745,3.8537859007832895,Brooklyn,DUMBO,Brooklyn,Park Slope,2024-03-19,1.1,11.7,True
2926,2024-03-15 21:39:00,2024-03-15 21:50:16,8,5,2.51,10.23,1.0,1,False,False,False,False,False,False,False,11.266666666666667,21,2024-03-15,13.366863905325442,4.075697211155379,Brooklyn,Bushwick,Manhattan,Upper East Side,2024-03-15,2.5,10.9,True
2927,2024-03-01 05:18:00,2024-03-01 05:27:20,2,6,1.98,7.41,1.0,2,False,False,False,False,False,False,False,9.333333333333334,5,2024-03-01,12.728571428571428,3.7424242424242427,Manhattan,Harlem,Brooklyn,Williamsburg,2024-03-01,0.0,4.2,False
2928,2024-03-12 18:53:00,2024-03-12 19:01:30,3,12,1.53,7.85,4.0,2,False,False,False,False,False,False,False,8.5,18,2024-03-12,10.8,5.1307189542483655,Manhattan,Chelsea,Queens,Flushing,2024-03-12,0.7,10.8,False
2929,2024-03-12 07:12:00,2024-03-12 07:22:01,20,15,3.96,15.17,1.0,1,False,False,False,False,False,False,False,10.016666666666667,7,2024-03-12,23.72046589018303,3.830808080808081,Staten Island,Tottenville,Queens,Forest Hills,2024-03-12,0.7,10.8,False
2930,2024-03-10 21:35:00,2024-03-10 21:49:16,20,11,3.01,10.43,1.0,1,False,False,False,False,False,False,False,14.266666666666667,21,2024-03-10,12.658878504672897,3.4651162790697674,Staten Island,Tottenville,Queens,Astoria,2024-03-10,0.0,3.9,False
2931,2024-03-31 17:42:00,2024-03-31 17:52:56,11,12,2.71,11.48,1.0,1,False,False,False,False,False,False,False,10.933333333333334,17,2024-03-31,14.871951219512194,4.236162361623617,Queens,Astoria,Queens,Flushing,2024-03-31,0.3,10.0,False
2932,2024-03-05 00:26:00,2024-03-05 00:33:59,1,8,2.2,9.32,1.0,1,False,False,False,False,False,False,False,7.983333333333333,0,2024-03-05,16.534446764091857,4.236363636363636,Manhattan,Midtown,Brooklyn,Bushwick,2024-03-05,2.7,10.6,True
2933,2024-03-08 22:22:00,2024-03-08 22:26:45,8,2,3.62,-5.0,1.0,1,False,False,True,False,True,False,False,4.75,22,2024-03-08,45.72631578947369,-1.3812154696132597,Brooklyn,Bushwick,Manhattan,Harlem,2024-03-08,2.8,5.6,True
2934,2024-03-25 12:21:00,2024-03-25 12:44:30,20,19,5.47,16.29,2.0,1,False,False,False,False,False,False,False,23.5,12,2024-03-25,13.96595744680851,2.9780621572212067,Staten Island,Tottenville,Staten Island,St. George,2024-03-25,0.0,7.3,False
2935,2024-03-28 07:08:00,2024-03-28 07:16:22,14,7,1.14,6.42,1.0,1,False,False,False,False,False,False,False,8.366666666666667,7,2024-03-28,8.175298804780875,5.631578947368421,Queens,Jamaica,Brooklyn,Park Slope,2024-03-28,1.2,7.8,True
2936,2024-03-04 22:10:00,2024-03-04 22:12:11,17,12,2.23,8.85,1.0,1,False,False,False,False,False,False,False,2.183333333333333,22,2024-03-04,61.282442748091604,3.9686098654708517,Bronx,Riverdale,Queens,Flushing,2024-03-04,3.4,18.0,True
2937,2024-03-15 11:59:00,2024-03-15 12:02:52,9,10,4.55,16.03,2.0,1,False,False,False,False,False,False,False,3.8666666666666667,11,2024-03-15,70.60344827586206,3.5230769230769234,Brooklyn,DUMBO,Brooklyn,Bed-Stuy,2024-03-15,2.5,10.9,True
2938,2024-03-10 09:41:00,2024-03-10 10:11:46,17,14,6.67,21.73,2.0,1,False,False,False,False,False,False,False,30.766666666666666,9,2024-03-10,13.007583965330443,3.2578710644677664,Bronx,Riverdale,Queens,Jamaica,2024-03-10,0.0,3.9,False
2939,2024-03-03 16:12:00,2024-03-03 16:15:38,5,2,0.88,5.46,1.0,1,False,False,False,False,False,False,False,3.6333333333333333,16,2024-03-03,14.53211009174312,6.204545454545454,Manhattan,Upper East Side,Manhattan,Harlem,2024-03-03,1.4,7.4,True
2940,2024-03-18 19:52:00,2024-03-18 20:07:01,19,9,3.84,15.03,1.0,1,False,False,False,False,False,False,False,15.016666666666667,19,2024-03-18,15.342952275249722,3.9140625,Staten Island,St. George,Brooklyn,DUMBO,2024-03-18,1.5,8.4,True
2941,2024-03-06 04:56:00,2024-03-06 05:02:48,13,8,0.65,5.08,3.0,1,False,False,False,False,False,False,False,6.8,4,2024-03-06,5.735294117647059,7.815384615384615,Queens,Long Island City,Brooklyn,Bushwick,2024-03-06,0.0,9.2,False
2942,2024-03-21 04:56:00,2024-03-21 05:12:34,16,14,7.06,21.57,1.0,1,False,False,False,False,False,False,False,16.566666666666666,4,2024-03-21,25.569416498993967,3.055240793201133,Bronx,Fordham,Queens,Jamaica,2024-03-21,0.0,8.6,False
2943,2024-03-26 21:41:00,2024-03-26 21:55:35,1,3,5.79,17.28,1.0,1,False,False,False,False,False,False,False,14.583333333333334,21,2024-03-26,23.821714285714286,2.984455958549223,Manhattan,Midtown,Manhattan,Chelsea,2024-03-26,1.0,4.1,False
2944,2024-03-13 03:57:00,2024-03-13 04:33:59,1,15,2.76,10.16,2.0,2,False,False,False,False,False,False,False,36.983333333333334,3,2024-03-13,4.477692654348806,3.6811594202898554,Manhattan,Midtown,Queens,Forest Hills,2024-03-13,0.7,7.3,False
2945,2024-03-05 05:38:00,2024-03-05 05:52:42,10,14,1.5,6.57,1.0,1,False,False,False,False,False,False,False,14.7,5,2024-03-05,6.122448979591836,4.38,Brooklyn,Bed-Stuy,Queens,Jamaica,2024-03-05,2.7,10.6,True
2946,2024-03-10 07:52:00,2024-03-10 07:59:01,1,1,0.32,3.77,2.0,1,False,False,False,False,False,False,False,7.016666666666667,7,2024-03-10,2.736342042755344,11.78125,Manhattan,Midtown,Manhattan,Midtown,2024-03-10,0.0,3.9,False
2947,2024-03-25 07:19:00,2024-03-25 07:40:41,7,7,4.92,16.89,1.0,1,False,False,False,False,False,False,False,21.683333333333334,7,2024-03-25,13.614142966948501,3.432926829268293,Brooklyn,Park Slope,Brooklyn,Park Slope,2024-03-25,0.0,7.3,False
2948,2024-03-11 01:00:00,2024-03-11 01:15:01,18,6,4.51,15.89,1.0,1,False,False,False,False,False,False,False,15.016666666666667,1,2024-03-11,18.01997780244173,3.5232815964523283,Bronx,Mott Haven,Brooklyn,Williamsburg,2024-03-11,1.8,11.3,True
2949,2024-03-01 02:28:00,2024-03-01 02:31:47,12,4,0.83,5.42,1.0,2,False,False,False,False,False,False,False,3.783333333333333,2,2024-03-01,13.162995594713655,6.530120481927711,Queens,Flushing,Manhattan,SoHo,2024-03-01,0.0,4.2,False
2950,2024-03-02 00:11:00,2024-03-02 00:14:05,11,10,2.08,8.0,,1,False,False,False,True,True,False,False,3.0833333333333335,0,2024-03-02,40.475675675675674,3.846153846153846,Queens,Astoria,Brooklyn,Bed-Stuy,2024-03-02,0.7,3.3,False
2951,2024-03-23 03:17:00,2024-03-23 03:49:16,11,6,3.89,15.23,1.0,1,False,False,False,False,False,False,False,32.266666666666666,3,2024-03-23,7.233471074380165,3.9151670951156814,Queens,Astoria,Brooklyn,Williamsburg,2024-03-23,1.2,5.9,True
2952,2024-03-01 20:10:00,2024-03-01 20:14:41,3,5,1.51,6.49,1.0,1,False,False,False,False,False,False,False,4.683333333333334,20,2024-03-01,19.345195729537366,4.298013245033113,Manhattan,Chelsea,Manhattan,Upper East Side,2024-03-01,0.0,4.2,False
2953,2024-03-13 04:08:00,2024-03-13 04:24:16,19,20,5.18,15.24,1.0,2,False,False,False,False,False,False,False,16.266666666666666,4,2024-03-13,19.10655737704918,2.9420849420849424,Staten Island,St. George,Staten Island,Tottenville,2024-03-13,0.7,7.3,False
2954,2024-03-27 22:45:00,2024-03-27 23:03:02,6,5,3.58,14.23,3.0,1,False,False,False,False,False,False,False,18.033333333333335,22,2024-03-27,11.911275415896487,3.974860335195531,Brooklyn,Williamsburg,Manhattan,Upper East Side,2024-03-27,2.1,4.2,True
2955,2024-03-04 09:26:00,2024-03-04 09:53:38,3,10,0.97,5.22,1.0,1,False,False,False,False,False,False,False,27.633333333333333,9,2024-03-04,2.106151990349819,5.381443298969072,Manhattan,Chelsea,Brooklyn,Bed-Stuy,2024-03-04,3.4,18.0,True
2956,2024-03-15 18:25:00,2024-03-15 18:30:13,16,6,1.81,8.77,1.0,1,False,False,False,False,False,False,False,5.216666666666667,18,2024-03-15,20.817891373801917,4.845303867403315,Bronx,Fordham,Brooklyn,Williamsburg,2024-03-15,2.5,10.9,True
2957,2024-03-14 01:51:00,2024-03-14 01:56:32,11,20,3.87,13.06,2.0,1,False,False,False,False,False,False,False,5.533333333333333,1,2024-03-14,41.96385542168675,3.3746770025839794,Queens,Astoria,Staten Island,Tottenville,2024-03-14,1.5,5.8,True
2958,2024-03-28 20:01:00,2024-03-28 20:27:36,12,18,4.11,14.88,1.0,1,False,False,False,False,False,False,False,26.6,20,2024-03-28,9.270676691729324,3.6204379562043796,Queens,Flushing,Bronx,Mott Haven,2024-03-28,1.2,7.8,True
2959,2024-03-15 04:28:00,2024-03-15 05:15:23,2,7,2.7,10.61,1.0,1,False,False,False,False,False,False,False,47.38333333333333,4,2024-03-15,3.4189236721772778,3.929629629629629,Manhattan,Harlem,Brooklyn,Park Slope,2024-03-15,2.5,10.9,True
2960,2024-03-02 23:41:00,2024-03-02 23:53:32,13,17,2.12,8.85,2.0,1,False,False,False,False,False,False,False,12.533333333333333,23,2024-03-02,10.148936170212767,4.1745283018867925,Queens,Long Island City,Bronx,Riverdale,2024-03-02,0.7,3.3,False
2961,2024-03-07 16:41:00,2024-03-07 16:45:44,14,11,5.81,18.39,1.0,2,False,False,False,False,False,False,False,4.733333333333333,16,2024-03-07,73.64788732394366,3.1652323580034425,Queens,Jamaica,Queens,Astoria,2024-03-07,0.0,3.3,False
2962,2024-03-10 06:57:00,2024-03-10 07:19:07,2,20,1.45,6.44,1.0,1,False,False,False,False,False,False,False,22.116666666666667,6,2024-03-10,3.933685003767897,4.441379310344828,Manhattan,Harlem,Staten Island,Tottenville,2024-03-10,0.0,3.9,False
2963,2024-03-01 06:27:00,2024-03-01 06:46:15,15,8,2.52,10.64,2.0,1,False,False,False,False,False,False,False,19.25,6,2024-03-01,7.854545454545454,4.222222222222222,Queens,Forest Hills,Brooklyn,Bushwick,2024-03-01,0.0,4.2,False
2964,2024-03-06 16:30:00,2024-03-06 16:31:18,1,1,8.96,23.26,2.0,1,False,False,False,False,False,False,False,1.3,16,2024-03-06,413.53846153846155,2.595982142857143,Manhattan,Midtown,Manhattan,Midtown,2024-03-06,0.0,9.2,False
2965,2024-03-31 01:59:00,2024-03-31 02:20:42,14,6,2.31,8.84,1.0,2,False,False,False,False,False,False,False,21.7,1,2024-03-31,6.387096774193549,3.8268398268398265,Queens,Jamaica,Brooklyn,Williamsburg,2024-03-31,0.3,10.0,False
2966,2024-03-28 02:21:00,2024-03-28 02:23:32,16,4,2.54,9.82,1.0,1,False,False,False,False,False,False,False,2.533333333333333,2,2024-03-28,60.1578947368421,3.866141732283465,Bronx,Fordham,Manhattan,SoHo,2024-03-28,1.2,7.8,True
2967,2024-03-07 08:03:00,2024-03-07 08:08:06,19,5,7.24,20.99,2.0,1,False,False,False,False,False,False,False,5.1,8,2024-03-07,85.1764705882353,2.8991712707182318,Staten Island,St. George,Manhattan,Upper East Side,2024-03-07,0.0,3.3,False
2968,2024-03-10 21:43:00,2024-03-10 22:03:54,13,11,1.26,7.02,1.0,1,False,False,False,False,False,False,False,20.9,21,2024-03-10,3.6172248803827753,5.571428571428571,Queens,Long Island City,Queens,Astoria,2024-03-10,0.0,3.9,False
2969,2024-03-19 11:12:00,2024-03-19 11:36:27,19,8,6.6,19.58,2.0,1,False,False,False,False,False,False,False,24.45,11,2024-03-19,16.196319018404907,2.966666666666667,Staten Island,St. George,Brooklyn,Bushwick,2024-03-19,1.1,11.7,True
2970,2024-03-03 21:02:00,2024-03-03 21:13:41,3,19,0.72,4.74,1.0,2,False,False,False,False,False,False,False,11.683333333333334,21,2024-03-03,3.697574893009986,6.583333333333334,Manhattan,Chelsea,Staten Island,St. George,2024-03-03,1.4,7.4,True
2971,2024-03-29 13:00:44,2024-03-29 12:54:00,2,17,2.58,9.44,1.0,1,True,False,False,False,True,False,False,-6.733333333333333,13,2024-03-29,-22.99009900990099,3.6589147286821704,Manhattan,Harlem,Bronx,Riverdale,2024-03-29,1.1,4.2,True
2972,2024-03-22 14:20:00,2024-03-22 14:32:32,17,19,4.84,18.01,1.0,2,False,False,False,False,False,False,False,12.533333333333333,14,2024-03-22,23.170212765957448,3.7210743801652897,Bronx,Riverdale,Staten Island,St. George,2024-03-22,0.0,8.6,False
2973,2024-03-08 05:47:00,2024-03-08 05:55:16,20,7,9.13,29.13,4.0,1,False,False,False,False,False,False,False,8.266666666666667,5,2024-03-08,66.26612903225806,3.1905805038335155,Staten Island,Tottenville,Brooklyn,Park Slope,2024-03-08,2.8,5.6,True
2974,2024-03-24 18:32:00,2024-03-24 19:03:58,15,20,6.8,18.92,2.0,1,False,False,False,False,False,False,False,31.966666666666665,18,2024-03-24,12.763295099061521,2.782352941176471,Queens,Forest Hills,Staten Island,Tottenville,2024-03-24,1.1,11.3,True
2975,2024-03-15 12:32:00,2024-03-15 12:34:38,15,1,1.73,8.53,1.0,1,False,False,False,False,False,False,False,2.6333333333333333,12,2024-03-15,39.41772151898734,4.930635838150288,Queens,Forest Hills,Manhattan,Midtown,2024-03-15,2.5,10.9,True
2976,2024-03-01 17:29:00,2024-03-01 17:59:41,11,6,1.32,5.99,2.0,1,False,False,False,False,False,False,False,30.683333333333334,17,2024-03-01,2.581205866376969,4.537878787878788,Queens,Astoria,Brooklyn,Williamsburg,2024-03-01,0.0,4.2,False
2977,2024-03-18 06:49:00,2024-03-18 06:57:34,4,18,8.9,25.6,2.0,1,False,False,False,False,False,False,False,8.566666666666666,6,2024-03-18,62.33463035019455,2.8764044943820224,Manhattan,SoHo,Bronx,Mott Haven,2024-03-18,1.5,8.4,True
2978,2024-03-08 10:35:00,2024-03-08 11:34:47,16,14,3.41,12.64,2.0,1,False,False,False,False,False,False,False,59.78333333333333,10,2024-03-08,3.4223585168664625,3.7067448680351904,Bronx,Fordham,Queens,Jamaica,2024-03-08,2.8,5.6,True
2979,2024-03-19 14:42:00,2024-03-19 14:54:06,13,5,2.11,9.39,1.0,1,False,False,False,False,False,False,False,12.1,14,2024-03-19,10.462809917355372,4.450236966824645,Queens,Long Island City,Manhattan,Upper East Side,2024-03-19,1.1,11.7,True
2980,2024-03-20 20:30:00,2024-03-20 20:46:35,8,16,5.14,14.6,1.0,1,False,False,False,False,False,False,False,16.583333333333332,20,2024-03-20,18.59698492462312,2.840466926070039,Brooklyn,Bushwick,Bronx,Fordham,2024-03-20,1.4,11.9,True
2981,2024-03-03 21:16:00,2024-03-03 21:29:29,17,11,7.01,19.89,2.0,1,False,False,False,False,False,False,False,13.483333333333333,21,2024-03-03,31.19406674907293,2.8373751783166905,Bronx,Riverdale,Queens,Astoria,2024-03-03,1.4,7.4,True
2982,2024-03-07 15:37:00,2024-03-07 16:17:11,9,1,0.78,5.35,2.0,1,False,False,False,False,False,False,False,40.18333333333333,15,2024-03-07,1.1646619659892161,6.858974358974359,Brooklyn,DUMBO,Manhattan,Midtown,2024-03-07,0.0,3.3,False
2983,2024-03-07 03:51:00,2024-03-07 04:25:10,5,9,1.59,7.82,1.0,1,False,False,False,False,False,False,False,34.166666666666664,3,2024-03-07,2.7921951219512198,4.918238993710692,Manhattan,Upper East Side,Brooklyn,DUMBO,2024-03-07,0.0,3.3,False
2984,2024-03-18 15:06:00,2024-03-18 15:34:05,15,17,0.74,5.1,1.0,1,False,False,False,False,False,False,False,28.083333333333332,15,2024-03-18,1.5810089020771514,6.891891891891891,Queens,Forest Hills,Bronx,Riverdale,2024-03-18,1.5,8.4,True
2985,2024-03-28 19:01:00,2024-03-28 19:05:44,20,6,6.08,19.14,2.0,2,False,False,False,False,False,False,False,4.733333333333333,19,2024-03-28,77.07042253521128,3.148026315789474,Staten Island,Tottenville,Brooklyn,Williamsburg,2024-03-28,1.2,7.8,True
2986,2024-03-10 17:28:00,2024-03-10 17:32:11,15,15,7.87,27.39,1.0,1,False,False,False,False,False,False,False,4.183333333333334,17,2024-03-10,112.87649402390437,3.480304955527319,Queens,Forest Hills,Queens,Forest Hills,2024-03-10,0.0,3.9,False
2987,2024-03-08 06:28:00,2024-03-08 06:36:43,13,5,3.63,14.4,2.0,1,False,False,False,False,False,False,False,8.716666666666667,6,2024-03-08,24.98661567877629,3.9669421487603307,Queens,Long Island City,Manhattan,Upper East Side,2024-03-08,2.8,5.6,True
2988,2024-03-16 09:17:00,2024-03-16 09:27:11,1,10,0.98,5.72,1.0,2,False,False,False,False,False,False,False,10.183333333333334,9,2024-03-16,5.774140752864157,5.836734693877551,Manhattan,Midtown,Brooklyn,Bed-Stuy,2024-03-16,0.5,14.7,False
2989,2024-03-28 16:27:00,2024-03-28 16:43:53,10,6,2.7,9.3,1.0,1,False,False,False,False,False,False,False,16.883333333333333,16,2024-03-28,9.595261599210268,3.4444444444444446,Brooklyn,Bed-Stuy,Brooklyn,Williamsburg,2024-03-28,1.2,7.8,True
2990,2024-03-16 02:27:00,2024-03-16 02:50:36,2,1,0.99,5.34,1.0,2,False,False,False,False,False,False,False,23.6,2,2024-03-16,2.516949152542373,5.393939393939394,Manhattan,Harlem,Manhattan,Midtown,2024-03-16,0.5,14.7,False
2991,2024-03-03 19:17:00,2024-03-03 19:30:51,5,19,2.21,8.56,2.0,2,False,False,False,False,False,False,False,13.85,19,2024-03-03,9.574007220216606,3.873303167420815,Manhattan,Upper East Side,Staten Island,St. George,2024-03-03,1.4,7.4,True
2992,2024-03-28 18:19:00,2024-03-28 18:37:21,14,6,9.81,32.28,1.0,1,False,False,False,False,False,False,False,18.35,18,2024-03-28,32.07629427792916,3.290519877675841,Queens,Jamaica,Brooklyn,Williamsburg,2024-03-28,1.2,7.8,True
2993,2024-03-25 15:26:00,2024-03-25 15:30:36,8,10,2.15,8.85,2.0,1,False,False,False,False,False,False,False,4.6,15,2024-03-25,28.043478260869566,4.116279069767442,Brooklyn,Bushwick,Brooklyn,Bed-Stuy,2024-03-25,0.0,7.3,False
2994,2024-03-11 12:53:00,2024-03-11 13:34:05,9,15,8.45,25.44,1.0,1,False,False,False,False,False,False,False,41.083333333333336,12,2024-03-11,12.34077079107505,3.010650887573965,Brooklyn,DUMBO,Queens,Forest Hills,2024-03-11,1.8,11.3,True
2995,2024-03-31 03:10:00,2024-03-31 03:18:34,9,9,2.69,11.18,2.0,2,False,False,False,False,False,False,False,8.566666666666666,3,2024-03-31,18.84046692607004,4.156133828996283,Brooklyn,DUMBO,Brooklyn,DUMBO,2024-03-31,0.3,10.0,False
2996,2024-03-29 07:03:00,2024-03-29 07:16:08,8,20,7.65,26.74,1.0,2,False,False,False,False,False,False,False,13.133333333333333,7,2024-03-29,34.94923857868021,3.4954248366013068,Brooklyn,Bushwick,Staten Island,Tottenville,2024-03-29,1.1,4.2,True
2997,2024-03-08 21:42:00,2024-03-08 22:08:30,12,8,1.37,6.4,1.0,1,False,False,False,False,False,False,False,26.5,21,2024-03-08,3.1018867924528304,4.671532846715328,Queens,Flushing,Brooklyn,Bushwick,2024-03-08,2.8,5.6,True
2998,2024-03-11 02:57:00,2024-03-11 03:07:56,1,15,4.72,14.69,1.0,1,False,False,False,False,False,False,False,10.933333333333334,2,2024-03-11,25.90243902439024,3.1122881355932206,Manhattan,Midtown,Queens,Forest Hills,2024-03-11,1.8,11.3,True
2999,2024-03-20 07:31:00,2024-03-20 07:53:10,8,14,1.42,7.46,1.0,1,False,False,False,False,False,False,False,22.166666666666668,7,2024-03-20,3.8436090225563904,5.253521126760564,Brooklyn,Bushwick,Queens,Jamaica,2024-03-20,1.4,11.9,True
3000,2024-03-08 22:26:00,2024-03-08 23:09:48,17,7,1.66,6.88,1.0,1,False,False,False,False,False,False,False,43.8,22,2024-03-08,2.273972602739726,4.144578313253012,Bronx,Riverdale,Brooklyn,Park Slope,2024-03-08,2.8,5.6,True
