trip_id,tpep_pickup_datetime,tpep_dropoff_datetime,PULocationID,DOLocationID,trip_distance,fare_amount,passenger_count,payment_type
1,2024-03-11 23:15:00,2024-03-11 23:20:26,3,2,0.0,13.37,1.0,2
2,2024-03-02 16:33:00,2024-03-02 16:43:14,10,16,1.82,7.78,1.0,1
3,2024-03-14 06:38:00,2024-03-14 07:17:45,14,18,3.62,11.02,3.0,1
4,2024-03-17 14:17:00,2024-03-17 14:43:54,14,17,1.61,7.33,1.0,1
5,2024-03-03 17:43:00,2024-03-03 18:31:27,12,2,0.71,4.59,2.0,1
6,2024-03-24 10:43:00,2024-03-24 10:54:15,13,9,1.08,6.27,1.0,1
7,2024-03-29 07:34:00,2024-03-29 07:37:05,3,1,0.57,4.36,,1
8,2024-03-03 11:21:00,2024-03-03 11:28:31,3,12,0.61,4.52,1.0,1
9,2024-03-18 00:58:00,2024-03-18 01:29:44,14,7,3.4,12.93,1.0,1
10,2024-03-01 03:26:00,2024-03-01 03:40:04,7,13,2.85,10.72,3.0,1
11,2024-03-24 11:47:00,2024-03-24 11:58:47,6,12,7.62,24.52,1.0,1
12,2024-03-30 19:41:00,2024-03-30 20:07:45,9,3,1.46,6.84,2.0,1
13,2024-03-16 05:59:00,2024-03-16 06:10:30,9,20,9.04,25.1,1.0,1
14,2024-03-28 07:53:00,2024-03-28 08:06:17,17,2,2.63,9.53,1.0,1
15,2024-03-01 14:14:00,2024-03-01 14:16:44,4,11,2.29,9.16,4.0,1
16,2024-03-09 19:28:00,2024-03-09 19:46:47,1,9,6.74,21.44,1.0,1
17,2024-03-31 19:17:00,2024-03-31 19:20:53,20,7,1.9,8.52,2.0,1
18,2024-03-14 10:40:00,2024-03-14 11:07:19,10,3,6.17,21.1,1.0,1
19,2024-03-22 13:45:00,2024-03-22 14:00:46,9,9,2.92,11.05,2.0,1
20,2024-03-11 12:31:00,2024-03-11 12:47:17,4,6,2.89,11.82,,1
21,2024-03-02 18:37:00,2024-03-02 18:43:13,4,1,0.99,6.15,1.0,1
22,2024-03-15 18:55:00,2024-03-15 19:20:50,19,14,6.24,20.27,1.0,1
23,2024-03-03 09:16:00,2024-03-03 09:44:15,1,5,2.61,10.41,1.0,1
24,2024-03-07 06:07:00,2024-03-07 06:12:40,9,5,3.79,14.81,1.0,2
25,2024-03-22 16:16:00,2024-03-22 16:57:05,10,3,1.15,6.08,1.0,1
26,2024-03-26 10:31:00,2024-03-26 10:40:04,8,1,0.93,5.32,1.0,1
27,2024-03-09 16:53:00,2024-03-09 17:30:37,7,4,5.01,18.36,3.0,2
28,2024-03-02 15:28:00,2024-03-02 15:37:01,19,17,1.68,6.73,1.0,1
29,2024-03-21 15:49:00,2024-03-21 16:02:33,6,13,5.2,19.47,1.0,1
30,2024-03-23 06:53:00,2024-03-23 07:02:48,17,19,6.59,20.9,1.0,1
31,2024-03-19 00:25:00,2024-03-19 00:51:50,16,8,1.37,6.23,1.0,2
32,2024-03-03 07:43:00,2024-03-03 08:26:45,19,5,1.35,6.03,1.0,1
33,2024-03-20 09:32:00,2024-03-20 10:22:17,7,4,3.69,11.48,1.0,1
34,2024-03-26 20:20:00,2024-03-26 20:45:55,1,5,7.29,21.78,1.0,1
35,2024-03-20 05:03:00,2024-03-20 05:39:13,18,3,2.27,10.13,1.0,1
36,2024-03-03 18:40:00,2024-03-03 18:55:43,13,12,3.7,13.55,1.0,1
37,2024-03-09 10:41:00,2024-03-09 11:13:27,2,19,0.58,4.5,1.0,1
38,2024-03-03 06:27:00,2024-03-03 06:59:04,4,10,3.92,13.25,4.0,1
39,2024-03-25 19:35:00,2024-03-25 19:47:57,5,12,2.62,10.81,1.0,1
40,2024-03-04 22:04:00,2024-03-04 22:20:24,13,19,1.57,7.23,1.0,1
41,2024-03-12 15:39:00,2024-03-12 15:43:11,15,16,1.9,8.48,1.0,1
42,2024-03-26 20:59:00,2024-03-26 21:28:35,10,7,5.85,20.48,1.0,3
43,2024-03-27 00:57:00,2024-03-27 01:23:12,12,17,2.08,7.87,2.0,1
44,2024-03-02 01:42:00,2024-03-02 02:08:24,6,19,1.75,7.11,1.0,1
45,2024-03-30 09:48:00,2024-03-30 09:52:06,19,7,1.44,6.97,1.0,1
46,2024-03-15 08:12:00,2024-03-15 08:24:39,1,3,1.49,6.46,1.0,1
47,2024-03-01 08:24:00,2024-03-01 08:38:26,13,15,4.36,16.8,1.0,2
48,2024-03-20 02:29:00,2024-03-20 02:39:48,17,14,2.33,8.31,1.0,1
49,2024-03-30 09:56:00,2024-03-30 10:14:33,6,12,6.87,24.71,1.0,1
50,2024-03-21 15:03:00,2024-03-21 15:11:14,4,17,0.87,5.14,1.0,1
51,2024-03-25 16:27:00,2024-03-25 17:09:04,18,13,2.42,10.55,1.0,1
52,2024-03-01 16:55:00,2024-03-01 17:18:52,13,1,3.32,13.54,2.0,1
53,2024-03-28 19:14:00,2024-03-28 19:19:31,5,10,3.44,13.7,1.0,2
54,2024-03-10 08:16:00,2024-03-10 09:05:58,8,2,1.53,6.68,2.0,1
55,2024-03-06 00:39:00,2024-03-06 00:46:38,17,16,2.15,9.49,4.0,1
56,2024-03-11 14:14:00,2024-03-11 14:37:49,6,18,6.61,18.44,1.0,1
57,2024-03-05 19:41:00,2024-03-05 19:48:00,10,19,2.91,10.73,3.0,1
58,2024-03-27 03:40:00,2024-03-27 03:42:38,11,11,2.55,9.88,1.0,1
59,2024-03-05 08:14:00,2024-03-05 08:19:29,18,19,3.81,13.18,1.0,1
60,2024-03-15 22:28:00,2024-03-15 22:32:29,14,2,0.78,5.13,1.0,1
61,2024-03-19 06:49:00,2024-03-19 07:02:50,16,17,2.75,9.29,2.0,1
62,2024-03-10 10:08:00,2024-03-10 10:25:12,14,2,1.36,7.26,1.0,2
63,2024-03-04 05:01:00,2024-03-04 05:28:29,19,15,3.76,14.54,1.0,1
64,2024-03-27 17:58:00,2024-03-27 18:10:55,17,13,2.57,9.49,1.0,1
65,2024-03-30 13:23:00,2024-03-30 13:59:38,8,17,0.77,5.28,1.0,1
66,2024-03-12 01:13:00,2024-03-12 01:19:57,5,1,0.71,4.81,4.0,1
67,2024-03-19 16:20:00,2024-03-19 16:30:16,9,3,1.57,6.9,1.0,1
68,2024-03-04 00:04:00,2024-03-04 00:24:00,19,2,2.5,9.13,1.0,1
69,2024-03-10 12:23:00,2024-03-10 12:57:33,20,17,2.49,10.26,1.0,1
70,2024-03-02 10:08:00,2024-03-02 10:11:20,1,6,4.68,15.54,1.0,1
71,2024-03-01 00:09:00,2024-03-01 01:01:13,9,17,9.22,24.1,1.0,1
72,2024-03-20 02:54:00,2024-03-20 02:55:00,14,11,1.34,7.05,4.0,2
73,2024-03-14 04:59:00,2024-03-14 05:23:10,5,14,2.29,9.84,2.0,2
74,2024-03-15 17:24:00,2024-03-15 17:33:16,18,8,1.49,6.76,1.0,1
75,2024-03-21 08:07:00,2024-03-21 08:15:26,1,15,0.2,3.55,1.0,1
76,2024-03-13 18:21:00,2024-03-13 18:22:01,15,1,6.85,22.84,1.0,1
77,2024-03-07 13:26:00,2024-03-07 13:52:49,5,10,5.34,15.85,2.0,1
78,2024-03-17 11:10:00,2024-03-17 11:17:38,4,12,0.22,3.59,1.0,2
79,2024-03-12 10:38:00,2024-03-12 11:14:22,8,6,9.3,31.13,4.0,1
80,2024-03-01 13:34:00,2024-03-01 14:00:34,8,11,0.61,4.41,1.0,2
81,2024-03-26 20:19:00,2024-03-26 20:28:01,11,1,6.36,17.66,2.0,1
82,2024-03-26 04:04:00,2024-03-26 04:14:47,15,15,1.87,7.71,1.0,1
83,2024-03-23 03:20:00,2024-03-23 03:43:21,6,2,1.56,7.09,2.0,1
84,2024-03-07 00:26:00,2024-03-07 00:37:25,7,20,7.81,21.29,1.0,1
85,2024-03-16 12:39:00,2024-03-16 13:09:35,17,20,1.47,6.54,1.0,1
86,2024-03-26 16:51:00,2024-03-26 16:58:29,19,19,2.34,9.54,1.0,1
87,2024-03-02 21:17:00,2024-03-02 22:26:03,17,18,0.97,5.58,1.0,1
88,2024-03-18 17:22:00,2024-03-18 17:33:21,14,2,1.97,8.07,1.0,1
89,2024-03-12 09:58:00,2024-03-12 10:19:22,8,15,1.37,-5.0,1.0,1
90,2024-03-28 18:26:00,2024-03-28 18:30:48,11,16,4.43,15.94,2.0,1
91,2024-03-29 13:24:00,2024-03-29 13:36:01,19,16,1.02,5.9,2.0,1
92,2024-03-10 14:59:00,2024-03-10 15:36:09,3,12,5.18,16.13,2.0,2
93,2024-03-24 07:32:00,2024-03-24 08:06:38,17,10,0.23,3.71,2.0,1
94,2024-03-02 11:06:00,2024-03-02 11:22:22,13,7,2.99,10.38,1.0,1
95,2024-03-13 06:45:00,2024-03-13 06:49:27,4,9,2.88,11.97,1.0,1
96,2024-03-28 17:52:00,2024-03-28 18:06:12,6,8,0.1,3.23,1.0,1
97,2024-03-07 00:06:00,2024-03-07 00:39:26,11,1,3.23,11.48,1.0,1
98,2024-03-09 00:35:00,2024-03-09 00:47:32,15,5,6.02,19.92,3.0,1
99,2024-03-29 02:43:00,2024-03-29 02:47:45,9,2,2.98,12.4,1.0,1
100,2024-03-11 10:48:00,2024-03-11 10:53:50,18,5,0.42,4.12,1.0,1
101,2024-03-07 16:50:00,2024-03-07 17:13:26,10,17,0.56,4.75,1.0,1
102,2024-03-01 22:21:00,2024-03-01 22:56:25,12,15,4.36,16.86,3.0,1
103,2024-03-18 09:44:00,2024-03-18 10:04:33,7,9,3.12,12.72,1.0,1
104,2024-03-06 13:27:00,2024-03-06 13:59:18,3,12,2.5,10.58,1.0,1
105,2024-03-10 07:29:00,2024-03-10 07:44:56,4,13,5.36,17.85,2.0,1
106,2024-03-20 22:07:00,2024-03-20 22:37:03,13,13,2.28,10.28,1.0,1
107,2024-03-10 15:59:00,2024-03-10 16:33:10,15,10,1.49,7.21,2.0,1
108,2024-03-18 01:34:00,2024-03-18 02:15:51,4,18,1.73,7.41,1.0,1
109,2024-03-29 04:40:00,2024-03-29 05:01:00,5,5,2.18,8.66,1.0,1
110,2024-03-27 02:13:00,2024-03-27 02:39:53,19,13,3.12,10.06,1.0,1
111,2024-03-28 19:22:00,2024-03-28 19:31:45,15,17,1.61,7.11,1.0,1
112,2024-03-13 16:57:00,2024-03-13 16:59:39,3,6,3.05,12.75,2.0,1
113,2024-03-24 09:00:00,2024-03-24 10:02:26,9,3,5.11,18.73,1.0,3
114,2024-03-19 00:11:00,2024-03-19 00:25:12,6,8,2.3,8.7,1.0,1
115,2024-03-04 16:15:00,2024-03-04 16:22:11,8,13,2.65,9.03,2.0,1
116,2024-03-02 15:56:00,2024-03-02 16:12:49,19,16,4.88,17.94,2.0,1
117,2024-03-22 17:30:00,2024-03-22 17:50:13,6,7,4.43,15.77,1.0,2
118,2024-03-07 06:17:00,2024-03-07 06:47:37,18,4,2.48,9.01,0.0,1
119,2024-03-19 11:08:00,2024-03-19 11:15:37,2,13,1.59,7.38,1.0,2
120,2024-03-04 18:45:00,2024-03-04 19:18:26,20,4,2.21,9.52,2.0,1
121,2024-03-11 07:39:00,2024-03-11 07:55:35,15,12,1.47,6.29,2.0,2
122,2024-03-16 02:10:00,2024-03-16 02:12:37,11,2,6.66,20.14,2.0,1
123,2024-03-26 02:04:00,2024-03-26 02:20:03,20,11,5.87,20.85,2.0,1
124,2024-03-31 20:13:00,2024-03-31 20:25:33,5,3,0.93,5.64,1.0,1
125,2024-03-09 22:17:00,2024-03-09 22:29:22,15,12,3.46,12.87,1.0,1
126,2024-03-24 20:55:00,2024-03-24 21:05:38,7,3,1.79,7.75,,2
127,2024-03-27 23:07:00,2024-03-27 23:41:41,4,9,3.82,11.87,1.0,1
128,2024-03-07 09:28:00,2024-03-07 09:48:46,17,8,1.09,5.88,4.0,1
129,2024-03-19 11:09:00,2024-03-19 11:19:20,6,9,0.14,3.4,2.0,1
130,2024-03-23 21:41:00,2024-03-23 21:49:52,20,1,3.67,11.15,1.0,1
131,2024-03-16 13:51:00,2024-03-16 14:21:18,6,7,2.86,10.32,1.0,1
132,2024-03-08 04:41:00,2024-03-08 04:50:17,6,9,4.03,14.44,2.0,2
133,2024-03-19 01:35:00,2024-03-19 01:54:45,7,11,2.33,9.94,1.0,2
134,2024-03-01 14:59:00,2024-03-01 15:35:49,18,12,3.74,11.85,1.0,1
135,2024-03-02 02:00:00,2024-03-02 02:11:34,19,12,3.64,11.68,2.0,1
136,2024-03-28 15:45:00,2024-03-28 15:49:20,15,1,5.99,16.66,1.0,2
137,2024-03-05 20:45:00,2024-03-05 20:58:57,18,17,3.85,14.29,2.0,1
138,2024-03-05 13:23:00,2024-03-05 13:37:03,19,19,1.97,8.89,1.0,1
139,2024-03-15 15:56:00,2024-03-15 16:18:04,16,10,0.82,4.92,2.0,1
140,2024-03-16 21:01:00,2024-03-16 21:02:00,14,7,3.53,11.1,1.0,1
141,2024-03-29 12:49:00,2024-03-29 13:07:20,1,8,1.45,7.43,1.0,1
142,2024-03-23 12:19:00,2024-03-23 12:33:27,10,12,3.78,11.95,1.0,2
143,2024-03-30 08:00:00,2024-03-30 08:04:36,17,17,0.79,5.01,1.0,2
144,2024-03-10 19:35:00,2024-03-10 19:38:23,5,20,2.09,8.16,1.0,1
145,2024-03-11 16:00:00,2024-03-11 16:19:51,10,20,4.48,15.14,1.0,3
146,2024-03-01 20:39:00,2024-03-01 20:53:04,6,20,2.81,10.65,1.0,1
147,2024-03-27 18:05:00,2024-03-27 18:25:08,8,6,1.16,6.68,1.0,2
148,2024-03-27 09:26:00,2024-03-27 09:49:48,12,8,2.6,10.99,1.0,2
149,2024-03-22 06:59:00,2024-03-22 07:51:23,2,18,4.22,15.02,1.0,1
150,2024-03-04 23:04:00,2024-03-04 23:09:15,4,6,2.16,9.16,2.0,1
151,2024-03-26 05:21:00,2024-03-26 05:30:50,15,1,2.1,7.87,1.0,1
152,2024-03-27 02:14:00,2024-03-27 02:51:20,6,11,4.91,16.49,1.0,1
153,2024-03-18 17:37:00,2024-03-18 17:38:18,12,5,5.25,17.07,1.0,1
154,2024-03-09 00:36:00,2024-03-09 00:47:32,11,13,0.14,3.42,2.0,2
155,2024-03-30 03:34:00,2024-03-30 03:43:37,14,4,0.89,5.38,1.0,1
156,2024-03-20 14:11:00,2024-03-20 14:51:44,2,17,2.79,9.38,2.0,3
157,2024-03-25 05:45:00,2024-03-25 06:10:50,17,10,3.97,13.82,2.0,1
158,2024-03-18 02:11:00,2024-03-18 02:17:19,9,9,3.78,11.32,1.0,1
159,2024-03-08 08:57:00,2024-03-08 08:58:02,19,4,3.05,10.49,1.0,1
160,2024-03-26 00:41:00,2024-03-26 00:59:17,12,2,1.66,6.9,1.0,1
161,2024-03-11 09:56:00,2024-03-11 10:16:36,14,13,2.76,10.58,1.0,1
162,2024-03-06 03:41:00,2024-03-06 03:54:21,9,17,4.3,14.35,1.0,1
163,2024-03-31 18:31:00,2024-03-31 18:34:14,8,5,3.34,11.27,,2
164,2024-03-10 20:50:00,2024-03-10 20:59:36,5,12,0.66,4.75,2.0,1
165,2024-03-11 01:24:00,2024-03-11 01:28:48,2,12,7.9,23.99,1.0,1
166,2024-03-07 17:26:00,2024-03-07 17:53:33,16,10,2.87,9.82,1.0,1
167,2024-03-24 04:40:00,2024-03-24 04:48:23,5,20,2.63,9.09,4.0,2
168,2024-03-29 16:43:00,2024-03-29 17:02:54,16,12,1.54,7.6,2.0,2
169,2024-03-14 07:29:00,2024-03-14 07:47:24,9,1,2.11,8.45,1.0,1
170,2024-03-27 10:27:00,2024-03-27 10:37:44,12,15,3.71,13.25,1.0,1
171,2024-03-18 11:29:00,2024-03-18 11:38:38,14,9,3.51,11.23,1.0,1
172,2024-03-17 19:46:00,2024-03-17 20:38:21,1,4,1.05,5.98,2.0,1
173,2024-03-22 21:52:00,2024-03-22 22:28:00,2,8,1.54,6.99,1.0,1
174,2024-03-13 01:07:00,2024-03-13 01:29:02,14,20,2.79,10.33,1.0,1
175,2024-03-25 11:42:00,2024-03-25 12:04:02,19,2,3.95,12.28,1.0,1
176,2024-03-26 10:18:00,2024-03-26 10:22:29,14,19,0.62,4.46,1.0,1
177,2024-03-17 04:11:00,2024-03-17 04:38:45,4,6,0.81,4.95,1.0,1
178,2024-03-11 17:02:00,2024-03-11 17:25:30,7,5,8.01,24.82,1.0,1
179,2024-03-03 13:56:00,2024-03-03 14:01:45,7,5,1.64,7.04,2.0,1
180,2024-03-16 19:00:00,2024-03-16 19:04:57,11,20,3.87,12.96,1.0,1
181,2024-03-21 08:20:00,2024-03-21 08:24:58,20,6,2.58,9.92,1.0,1
182,2024-03-31 03:24:00,2024-03-31 03:45:04,8,11,3.03,10.5,3.0,1
183,2024-03-20 20:42:00,2024-03-20 20:45:24,12,1,2.14,9.59,1.0,1
184,2024-03-30 03:51:00,2024-03-30 04:02:08,14,4,3.07,12.68,2.0,1
185,2024-03-27 10:58:00,2024-03-27 11:03:49,10,6,3.94,14.26,2.0,1
186,2024-03-28 06:39:00,2024-03-28 07:02:13,14,9,6.4,17.85,1.0,1
187,2024-03-15 08:29:00,2024-03-15 08:40:41,16,2,4.35,13.07,1.0,1
188,2024-03-17 15:13:00,2024-03-17 15:22:05,20,12,0.8,5.25,3.0,1
189,2024-03-24 05:33:00,2024-03-24 05:37:51,8,14,5.77,18.82,1.0,2
190,2024-03-12 19:50:00,2024-03-12 20:22:13,15,20,1.33,6.9,1.0,2
191,2024-03-31 23:58:00,2024-04-01 00:02:57,3,19,2.59,10.65,2.0,1
192,2024-03-21 15:25:00,2024-03-21 15:44:09,1,12,4.99,16.29,1.0,2
193,2024-03-12 16:32:00,2024-03-12 16:39:05,14,7,1.58,6.96,2.0,1
194,2024-03-08 20:49:00,2024-03-08 21:22:38,17,14,1.6,7.72,1.0,1
195,2024-03-14 19:13:00,2024-03-14 19:38:54,4,15,5.72,18.28,1.0,1
196,2024-03-30 04:03:00,2024-03-30 04:11:25,10,6,4.31,12.49,1.0,1
197,2024-03-24 12:08:00,2024-03-24 12:11:41,20,4,0.5,4.45,1.0,1
198,2024-03-31 05:43:00,2024-03-31 06:13:19,13,12,4.09,14.03,1.0,2
199,2024-03-27 07:01:00,2024-03-27 07:23:23,1,18,1.77,7.11,2.0,1
200,2024-03-14 07:54:00,2024-03-14 08:17:22,20,16,4.38,-5.0,1.0,1
201,2024-03-24 23:01:00,2024-03-24 23:19:48,13,6,0.71,5.07,1.0,1
202,2024-03-13 16:44:00,2024-03-13 16:54:42,5,4,3.91,13.5,1.0,1
203,2024-03-14 16:35:00,2024-03-14 16:51:11,20,4,2.98,10.23,1.0,1
204,2024-03-01 23:51:00,2024-03-02 00:04:51,16,16,2.27,10.04,1.0,2
205,2024-03-07 19:53:00,2024-03-07 20:03:05,11,4,4.43,12.95,1.0,1
206,2024-03-22 07:22:00,2024-03-22 07:47:17,7,10,2.13,9.73,1.0,2
207,2024-03-26 12:07:00,2024-03-26 12:34:48,17,19,1.18,6.38,1.0,1
208,2024-03-21 04:15:00,2024-03-21 04:22:19,11,9,2.34,10.45,1.0,2
209,2024-03-15 14:08:00,2024-03-15 14:12:12,2,10,3.98,12.31,1.0,1
210,2024-03-22 05:35:00,2024-03-22 06:18:05,3,19,2.16,8.0,1.0,2
211,2024-03-27 06:23:00,2024-03-27 06:50:04,8,15,1.99,8.87,1.0,2
212,2024-03-11 08:59:00,2024-03-11 09:40:55,12,1,3.53,11.1,1.0,1
213,2024-03-13 22:58:00,2024-03-13 23:16:44,12,10,1.4,7.15,4.0,1
214,2024-03-24 02:03:00,2024-03-24 02:10:24,18,10,5.1,15.22,2.0,1
215,2024-03-14 19:49:00,2024-03-14 19:57:41,1,1,5.41,16.4,4.0,1
216,2024-03-24 04:20:00,2024-03-24 04:46:02,9,12,4.02,15.73,2.0,2
217,2024-03-28 17:51:00,2024-03-28 18:05:53,5,3,3.34,11.43,4.0,1
218,2024-03-26 10:32:00,2024-03-26 10:41:53,6,18,4.0,13.14,1.0,1
219,2024-03-12 07:39:00,2024-03-12 07:43:15,16,1,5.59,20.21,1.0,1
220,2024-03-13 13:39:00,2024-03-13 13:57:05,17,5,3.64,12.58,1.0,2
221,2024-03-08 17:01:00,2024-03-08 17:16:26,15,7,2.96,10.47,1.0,1
222,2024-03-27 18:27:00,2024-03-27 18:49:54,6,15,1.8,8.21,1.0,1
223,2024-03-05 10:10:00,2024-03-05 10:19:52,13,15,6.9,19.79,2.0,1
224,2024-03-15 16:05:00,2024-03-15 16:29:15,8,3,8.83,26.49,2.0,1
225,2024-03-05 06:22:00,2024-03-05 06:34:55,16,19,1.16,6.6,1.0,3
226,2024-03-14 10:10:00,2024-03-14 10:35:19,19,15,4.15,15.15,1.0,1
227,2024-03-24 18:28:00,2024-03-24 18:34:42,11,3,2.86,10.64,1.0,1
228,2024-03-19 17:17:00,2024-03-19 17:45:58,17,16,7.99,21.21,1.0,1
229,2024-03-01 12:58:00,2024-03-01 13:05:59,9,4,2.74,9.35,0.0,2
230,2024-03-15 13:21:00,2024-03-15 13:38:18,15,15,5.31,16.38,1.0,1
231,2024-03-19 12:09:00,2024-03-19 12:20:17,7,4,2.0,8.97,1.0,1
232,2024-03-07 02:10:00,2024-03-07 02:30:29,6,18,2.97,11.05,1.0,1
233,2024-03-15 18:19:00,2024-03-15 18:45:27,3,8,3.12,11.26,1.0,1
234,2024-03-13 09:19:00,2024-03-13 09:25:49,11,20,1.51,6.33,1.0,1
235,2024-03-27 00:25:00,2024-03-27 00:26:00,5,17,0.66,4.48,1.0,1
236,2024-03-24 08:23:00,2024-03-24 08:53:35,11,13,2.85,11.19,1.0,2
237,2024-03-31 16:39:00,2024-03-31 16:41:17,13,7,0.0,4.55,1.0,3
238,2024-03-11 23:32:00,2024-03-11 23:48:44,18,5,1.59,7.1,1.0,1
239,2024-03-08 09:31:00,2024-03-08 09:59:25,9,10,2.91,11.58,1.0,1
240,2024-03-07 23:38:00,2024-03-07 23:53:39,6,2,12.15,31.59,1.0,1
241,2024-03-24 00:34:00,2024-03-24 00:39:14,13,15,2.9,10.23,1.0,1
242,2024-03-07 13:08:00,2024-03-07 13:17:18,11,18,4.16,12.43,1.0,1
243,2024-03-26 04:28:00,2024-03-26 04:34:29,12,15,0.98,5.95,2.0,2
244,2024-03-12 15:03:00,2024-03-12 15:15:03,7,4,2.51,9.82,1.0,1
245,2024-03-15 19:12:00,2024-03-15 19:18:21,11,17,1.87,8.31,1.0,1
246,2024-03-07 02:07:00,2024-03-07 02:09:55,13,18,6.25,19.6,1.0,1
247,2024-03-30 09:59:00,2024-03-30 10:14:19,10,19,3.63,11.74,3.0,1
248,2024-03-10 19:38:00,2024-03-10 19:52:32,3,6,0.9,5.31,1.0,1
249,2024-03-05 06:19:00,2024-03-05 06:26:02,4,5,2.87,9.4,4.0,1
250,2024-03-02 15:12:00,2024-03-02 15:16:33,13,19,2.93,10.49,2.0,1
251,2024-03-01 05:40:00,2024-03-01 05:44:35,3,13,1.25,6.18,1.0,1
252,2024-03-19 14:02:00,2024-03-19 14:25:35,19,5,1.53,6.87,2.0,2
253,2024-03-14 03:51:00,2024-03-14 04:05:39,11,13,1.66,8.24,3.0,1
254,2024-03-08 06:45:00,2024-03-08 07:03:52,12,6,1.94,7.79,2.0,1
255,2024-03-27 01:29:00,2024-03-27 01:43:50,1,15,3.56,12.16,1.0,1
256,2024-03-10 00:31:00,2024-03-10 00:43:04,16,9,5.97,19.56,4.0,1
257,2024-03-28 16:12:00,2024-03-28 16:23:24,11,3,4.09,15.79,1.0,1
258,2024-03-16 11:53:00,2024-03-16 12:24:27,3,19,3.81,13.4,2.0,1
259,2024-03-14 08:25:00,2024-03-14 08:34:35,5,13,4.86,17.73,2.0,2
260,2024-03-06 14:28:00,2024-03-06 14:49:06,2,14,3.8,11.76,1.0,1
261,2024-03-06 23:25:00,2024-03-07 00:20:16,6,16,4.64,13.23,1.0,1
262,2024-03-05 00:16:00,2024-03-05 00:55:03,15,2,2.67,9.08,1.0,1
263,2024-03-03 01:11:00,2024-03-03 01:18:34,17,9,1.81,8.03,2.0,1
264,2024-03-25 17:16:00,2024-03-25 17:18:49,10,10,6.0,21.54,1.0,2
265,2024-03-02 02:29:00,2024-03-02 02:46:34,4,13,1.77,8.36,2.0,2
266,2024-03-04 21:05:00,2024-03-04 21:10:22,17,15,2.05,8.99,1.0,1
267,2024-03-17 08:25:00,2024-03-17 08:49:48,6,5,5.09,17.16,1.0,2
268,2024-03-04 15:56:00,2024-03-04 16:13:15,19,17,1.03,6.2,3.0,1
269,2024-03-31 20:52:00,2024-03-31 21:17:18,11,13,2.9,9.79,1.0,1
270,2024-03-17 23:07:00,2024-03-17 23:26:53,5,10,1.33,6.55,1.0,1
271,2024-03-16 06:45:00,2024-03-16 07:00:00,12,9,4.11,12.9,1.0,1
272,2024-03-15 04:56:00,2024-03-15 05:13:42,1,4,0.76,4.95,2.0,1
273,2024-03-30 06:36:00,2024-03-30 06:49:53,12,8,1.87,8.48,,1
274,2024-03-06 22:27:00,2024-03-06 22:56:54,13,5,3.88,11.93,1.0,2
275,2024-03-26 10:09:00,2024-03-26 10:21:36,11,4,0.1,3.28,1.0,1
276,2024-03-11 13:13:00,2024-03-11 13:18:02,10,15,5.69,18.5,4.0,2
277,2024-03-21 21:56:00,2024-03-21 22:25:31,11,4,1.41,6.62,1.0,1
278,2024-03-15 12:56:00,2024-03-15 13:30:57,8,3,3.06,10.35,1.0,2
279,2024-03-02 12:44:00,2024-03-02 12:57:49,9,5,0.51,4.15,4.0,1
280,2024-03-07 08:51:00,2024-03-07 09:13:08,10,10,2.77,9.73,1.0,1
281,2024-03-23 06:42:00,2024-03-23 07:01:06,17,15,1.97,8.67,1.0,2
282,2024-03-23 21:43:00,2024-03-23 22:01:46,20,20,8.14,26.52,3.0,1
283,2024-03-25 08:23:00,2024-03-25 08:26:00,18,14,3.07,9.98,1.0,1
284,2024-03-02 08:12:00,2024-03-02 09:12:24,17,16,0.57,4.77,1.0,3
285,2024-03-30 12:26:00,2024-03-30 13:08:42,12,11,0.98,5.64,1.0,1
286,2024-03-28 17:54:00,2024-03-28 18:03:51,2,17,1.65,8.0,2.0,3
287,2024-03-18 05:40:00,2024-03-18 06:10:48,17,20,2.06,8.02,1.0,1
288,2024-03-16 12:37:00,2024-03-16 12:55:50,11,10,5.49,17.15,1.0,1
289,2024-03-14 00:33:00,2024-03-14 01:10:35,13,10,2.81,10.3,2.0,2
290,2024-03-29 06:15:00,2024-03-29 07:58:18,3,17,0.64,4.47,1.0,1
291,2024-03-15 02:33:00,2024-03-15 03:06:32,18,1,1.62,7.15,1.0,1
292,2024-03-21 21:39:00,2024-03-21 21:54:09,2,13,1.14,5.55,1.0,1
293,2024-03-10 00:36:00,2024-03-10 00:57:28,7,15,7.95,27.18,1.0,2
294,2024-03-28 03:05:00,2024-03-28 03:17:54,8,9,5.06,16.65,1.0,1
295,2024-03-20 23:43:00,2024-03-20 23:54:08,3,15,3.69,14.6,1.0,2
296,2024-03-10 21:50:00,2024-03-10 22:24:25,20,13,1.01,5.37,2.0,1
297,2024-03-26 17:24:00,2024-03-26 17:48:32,15,4,1.42,6.46,1.0,3
298,2024-03-14 12:53:00,2024-03-14 12:58:58,5,16,1.0,5.8,2.0,2
299,2024-03-12 12:29:00,2024-03-12 13:16:28,16,10,0.71,4.96,1.0,2
300,2024-03-26 21:46:00,2024-03-26 21:56:13,16,20,0.44,4.18,1.0,1
301,2024-03-08 17:56:00,2024-03-08 18:12:36,2,8,4.43,17.05,1.0,1
302,2024-03-02 07:54:00,2024-03-02 08:23:08,6,6,1.89,7.26,1.0,1
303,2024-03-25 08:20:00,2024-03-25 08:48:49,3,15,5.5,20.32,1.0,1
304,2024-03-24 13:19:00,2024-03-24 13:47:44,19,6,3.23,12.83,1.0,1
305,2024-03-29 09:20:00,2024-03-29 09:31:32,3,19,0.42,3.98,4.0,1
306,2024-03-04 11:06:00,2024-03-04 11:14:36,5,8,4.05,13.2,2.0,1
307,2024-03-29 16:54:00,2024-03-29 17:24:04,17,6,2.81,10.05,1.0,1
308,2024-03-08 12:08:00,2024-03-08 12:16:43,5,2,0.67,4.53,1.0,1
309,2024-03-06 10:46:00,2024-03-06 11:09:03,20,18,6.68,19.03,1.0,2
310,2024-03-21 07:20:00,2024-03-21 07:52:39,9,5,3.59,12.87,4.0,1
311,2024-03-10 21:36:00,2024-03-10 21:50:30,10,6,0.62,4.65,1.0,3
312,2024-03-23 08:22:00,2024-03-23 08:30:38,2,3,1.69,7.77,1.0,1
313,2024-03-01 21:46:00,2024-03-01 21:58:03,4,1,4.74,14.71,1.0,1
314,2024-03-10 22:16:00,2024-03-10 22:56:54,1,17,2.25,9.52,1.0,1
315,2024-03-10 05:58:00,2024-03-10 06:16:27,6,16,4.03,15.25,1.0,1
316,2024-03-27 04:25:00,2024-03-27 04:39:17,15,4,1.25,6.89,1.0,1
317,2024-03-17 23:53:00,2024-03-18 00:06:25,7,17,3.25,12.43,1.0,2
318,2024-03-01 18:54:00,2024-03-01 18:57:20,3,1,1.47,6.32,1.0,1
319,2024-03-09 18:25:00,2024-03-09 18:31:59,14,3,4.59,15.36,1.0,1
320,2024-03-22 21:52:00,2024-03-22 22:03:27,1,5,1.93,8.8,1.0,1
321,2024-03-09 22:15:00,2024-03-09 22:54:22,18,11,5.31,19.11,1.0,2
322,2024-03-06 08:17:00,2024-03-06 08:29:24,11,4,1.79,7.49,1.0,1
323,2024-03-06 01:36:00,2024-03-06 01:38:23,5,17,8.16,22.25,1.0,1
324,2024-03-13 19:32:00,2024-03-13 19:38:00,12,10,4.71,17.16,1.0,1
325,2024-03-23 19:08:00,2024-03-23 19:30:17,4,14,3.79,14.8,4.0,1
326,2024-03-11 22:01:00,2024-03-11 22:23:17,7,9,1.41,6.22,2.0,2
327,2024-03-23 19:34:00,2024-03-23 19:39:33,5,13,3.63,13.21,1.0,2
328,2024-03-23 07:15:00,2024-03-23 07:38:12,11,10,2.9,9.63,1.0,2
329,2024-03-15 15:53:00,2024-03-15 16:38:46,15,19,2.24,9.3,1.0,1
330,2024-03-03 09:33:00,2024-03-03 09:44:41,10,8,5.38,17.15,1.0,2
331,2024-03-07 00:00:00,2024-03-07 00:54:42,16,17,3.92,11.71,3.0,1
332,2024-03-20 10:04:00,2024-03-20 10:05:48,7,17,3.67,12.5,2.0,3
333,2024-03-01 03:12:00,2024-03-01 03:19:26,9,1,12.57,39.31,1.0,1
334,2024-03-30 13:41:00,2024-03-30 13:46:26,2,9,0.26,3.69,1.0,2
335,2024-03-04 11:14:00,2024-03-04 11:26:55,8,6,8.19,23.33,1.0,1
336,2024-03-27 21:59:00,2024-03-27 22:04:39,15,20,3.08,10.94,2.0,3
337,2024-03-24 04:42:00,2024-03-24 04:51:23,4,20,1.4,6.92,2.0,1
338,2024-03-31 07:06:00,2024-03-31 07:19:56,2,15,5.68,17.62,1.0,1
339,2024-03-19 10:11:00,2024-03-19 10:21:46,17,3,6.72,23.17,1.0,1
340,2024-03-17 20:15:00,2024-03-17 20:35:21,16,3,7.43,22.26,1.0,1
341,2024-03-01 08:09:00,2024-03-01 08:14:29,8,8,1.05,6.07,1.0,1
342,2024-03-28 21:32:00,2024-03-28 21:52:06,2,18,4.84,14.55,1.0,1
343,2024-03-24 08:25:00,2024-03-24 08:38:15,3,1,2.5,9.84,1.0,1
344,2024-03-16 14:55:00,2024-03-16 15:17:14,15,15,1.07,5.65,1.0,2
345,2024-03-07 22:46:00,2024-03-07 23:10:42,5,6,4.29,13.09,1.0,1
346,2024-03-18 11:43:00,2024-03-18 12:07:38,8,7,1.7,7.3,2.0,3
347,2024-03-21 01:41:00,2024-03-21 01:56:47,12,11,4.52,17.31,2.0,2
348,2024-03-07 11:06:00,2024-03-07 11:28:57,11,16,1.07,5.74,2.0,1
349,2024-03-23 20:53:00,2024-03-23 21:05:20,3,3,3.19,10.45,1.0,1
350,2024-03-23 15:16:00,2024-03-23 15:37:21,11,20,1.51,7.44,1.0,1
351,2024-03-08 16:54:00,2024-03-08 17:07:07,12,18,2.26,8.46,4.0,1
352,2024-03-04 15:12:00,2024-03-04 15:34:30,18,11,2.68,11.13,1.0,1
353,2024-03-26 08:04:00,2024-03-26 08:28:56,7,4,3.05,11.4,2.0,1
354,2024-03-12 19:19:00,2024-03-12 19:34:38,16,1,9.24,24.89,1.0,1
355,2024-03-27 08:10:00,2024-03-27 08:19:38,13,13,8.86,28.15,4.0,1
356,2024-03-18 17:20:00,2024-03-18 17:30:14,8,8,2.99,10.64,1.0,1
357,2024-03-23 13:04:00,2024-03-23 13:29:45,9,3,0.95,5.92,1.0,1
358,2024-03-30 17:08:00,2024-03-30 17:31:27,20,7,3.31,13.08,1.0,1
359,2024-03-10 04:32:00,2024-03-10 04:47:53,2,20,2.05,9.13,1.0,1
360,2024-03-02 22:15:00,2024-03-02 22:38:59,8,12,2.17,9.43,4.0,1
361,2024-03-18 03:25:00,2024-03-18 03:37:21,4,18,1.84,7.61,4.0,1
362,2024-03-14 01:34:00,2024-03-14 02:05:34,5,6,1.78,8.17,1.0,2
363,2024-03-14 14:23:00,2024-03-14 14:34:59,10,10,0.67,4.53,1.0,1
364,2024-03-29 14:25:00,2024-03-29 14:51:02,15,15,3.95,14.76,2.0,1
365,2024-03-15 16:38:00,2024-03-15 17:21:17,6,19,2.7,10.71,1.0,1
366,2024-03-22 20:40:00,2024-03-22 20:51:16,13,13,0.47,4.39,1.0,3
367,2024-03-01 20:52:00,2024-03-01 20:58:37,8,13,2.87,10.46,4.0,1
368,2024-03-11 07:01:00,2024-03-11 07:46:21,16,6,2.24,9.04,1.0,3
369,2024-03-06 17:43:00,2024-03-06 18:00:49,5,20,1.48,7.57,1.0,1
370,2024-03-19 16:30:00,2024-03-19 16:56:21,18,17,1.99,7.38,2.0,1
371,2024-03-19 23:40:00,2024-03-20 00:02:10,13,14,3.55,11.84,1.0,1
372,2024-03-23 23:22:00,2024-03-23 23:24:46,2,18,2.53,10.48,1.0,1
373,2024-03-01 14:30:00,2024-03-01 14:57:53,16,17,6.97,23.03,2.0,1
374,2024-03-05 16:51:00,2024-03-05 16:57:58,20,9,7.26,23.51,1.0,2
375,2024-03-14 12:16:00,2024-03-14 12:29:01,8,8,1.36,6.63,2.0,2
376,2024-03-21 19:23:00,2024-03-21 19:47:35,8,6,1.84,7.28,2.0,1
377,2024-03-18 00:04:00,2024-03-18 00:38:51,19,2,1.29,6.37,1.0,1
378,2024-03-25 01:22:00,2024-03-25 01:35:26,5,19,7.94,22.82,1.0,1
379,2024-03-09 06:59:00,2024-03-09 07:30:20,8,1,4.92,15.35,1.0,1
380,2024-03-23 14:31:00,2024-03-23 15:10:26,14,13,0.7,4.72,2.0,1
381,2024-03-22 21:21:00,2024-03-22 21:33:36,3,16,3.25,10.73,1.0,2
382,2024-03-13 04:50:00,2024-03-13 05:15:06,4,16,1.15,6.54,2.0,1
383,2024-03-30 07:49:00,2024-03-30 08:34:50,1,20,1.72,8.2,1.0,1
384,2024-03-20 07:10:00,2024-03-20 07:15:46,6,17,3.62,13.07,1.0,1
385,2024-03-29 18:30:00,2024-03-29 18:38:41,17,8,8.87,26.07,1.0,2
386,2024-03-04 05:48:00,2024-03-04 06:14:30,2,1,1.42,6.45,2.0,1
387,2024-03-02 23:46:00,2024-03-02 23:58:17,9,7,1.14,6.17,1.0,3
388,2024-03-16 14:44:00,2024-03-16 14:59:55,10,10,2.72,11.66,1.0,2
389,2024-03-07 13:04:00,2024-03-07 13:14:11,13,17,2.97,9.68,1.0,2
390,2024-03-01 09:49:00,2024-03-01 10:06:18,13,17,0.79,5.2,2.0,1
391,2024-03-24 11:03:00,2024-03-24 11:21:19,6,18,3.42,12.16,1.0,3
392,2024-03-28 13:36:00,2024-03-28 14:27:10,15,12,1.86,8.04,2.0,1
393,2024-03-19 09:54:00,2024-03-19 10:16:20,7,11,3.6,12.08,1.0,3
394,2024-03-25 10:10:00,2024-03-25 10:27:02,4,8,8.1,21.38,1.0,1
395,2024-03-04 08:27:00,2024-03-04 08:34:05,8,15,1.86,8.41,1.0,2
396,2024-03-11 02:16:00,2024-03-11 02:25:34,6,18,0.19,3.48,1.0,1
397,2024-03-12 06:44:00,2024-03-12 06:52:32,14,12,4.61,16.98,1.0,1
398,2024-03-20 03:02:00,2024-03-20 03:24:23,6,16,0.56,4.39,3.0,2
399,2024-03-09 20:14:00,2024-03-09 20:24:40,6,3,2.48,9.3,1.0,2
400,2024-03-15 04:35:00,2024-03-15 04:55:25,14,1,1.29,7.12,1.0,1
401,2024-03-11 03:06:00,2024-03-11 03:26:45,2,13,0.92,5.54,1.0,1
402,2024-03-21 06:06:00,2024-03-21 06:25:59,14,3,3.22,10.41,,1
403,2024-03-29 05:53:00,2024-03-29 06:07:32,2,12,2.54,9.36,1.0,1
404,2024-03-18 17:53:00,2024-03-18 17:54:57,15,15,6.42,17.2,2.0,1
405,2024-03-12 10:19:00,2024-03-12 10:48:06,8,7,0.32,3.87,1.0,1
406,2024-03-09 11:25:00,2024-03-09 11:30:08,16,4,2.08,8.11,1.0,1
407,2024-03-19 09:00:00,2024-03-19 09:03:42,5,3,4.86,16.91,2.0,1
408,2024-03-11 23:10:00,2024-03-11 23:14:43,20,6,2.9,11.58,1.0,1
409,2024-03-03 18:09:00,2024-03-03 18:53:38,13,11,1.25,6.24,1.0,1
410,2024-03-05 10:04:00,2024-03-05 10:08:25,20,15,0.84,4.95,1.0,2
411,2024-03-29 13:07:00,2024-03-29 13:36:28,4,12,3.9,14.45,1.0,1
412,2024-03-28 11:20:00,2024-03-28 11:47:57,20,10,8.51,25.71,1.0,1
413,2024-03-25 09:31:00,2024-03-25 09:46:06,11,4,9.8,28.77,1.0,1
414,2024-03-18 06:41:00,2024-03-18 06:53:50,7,2,0.5,4.41,2.0,1
415,2024-03-08 11:30:00,2024-03-08 11:58:04,16,2,3.71,13.37,1.0,1
416,2024-03-02 10:37:00,2024-03-02 10:43:04,9,10,2.02,9.34,1.0,1
417,2024-03-13 06:13:00,2024-03-13 06:31:32,2,12,1.1,6.23,1.0,1
418,2024-03-15 15:07:00,2024-03-15 15:22:56,19,4,2.09,8.6,2.0,1
419,2024-03-10 04:10:00,2024-03-10 04:43:03,7,10,3.86,13.79,1.0,1
420,2024-03-22 05:24:00,2024-03-22 05:26:45,4,14,5.51,15.9,2.0,2
421,2024-03-02 22:16:00,2024-03-02 22:43:36,16,5,1.77,7.33,2.0,1
422,2024-03-04 21:01:00,2024-03-04 21:10:21,14,15,2.52,10.66,1.0,1
423,2024-03-18 12:56:00,2024-03-18 13:10:03,3,17,0.74,5.28,1.0,1
424,2024-03-27 09:17:00,2024-03-27 09:45:28,6,2,5.89,19.28,1.0,1
425,2024-03-26 22:51:00,2024-03-26 23:07:36,11,16,1.86,7.25,2.0,3
426,2024-03-25 03:14:00,2024-03-25 03:18:53,19,1,1.01,5.9,1.0,1
427,2024-03-19 23:32:00,2024-03-20 00:17:27,6,13,4.4,16.51,1.0,2
428,2024-03-28 03:39:00,2024-03-28 03:46:49,8,10,5.47,16.31,1.0,1
429,2024-03-17 01:54:00,2024-03-17 03:02:34,12,15,1.55,6.49,1.0,1
430,2024-03-20 21:01:00,2024-03-20 21:15:09,20,6,2.34,8.79,1.0,1
431,2024-03-13 05:47:00,2024-03-13 06:29:05,6,14,4.04,13.76,1.0,1
432,2024-03-09 05:06:00,2024-03-09 05:17:03,11,17,2.36,8.97,1.0,1
433,2024-03-10 16:25:00,2024-03-10 16:49:21,19,1,2.39,9.67,4.0,1
434,2024-03-26 06:26:00,2024-03-26 06:27:31,10,15,1.49,7.58,1.0,1
435,2024-03-29 14:43:00,2024-03-29 14:49:18,10,10,0.2,3.46,1.0,1
436,2024-03-16 06:39:00,2024-03-16 06:41:18,17,4,7.08,21.35,1.0,1
437,2024-03-07 04:41:00,2024-03-07 04:48:43,11,14,2.16,8.4,1.0,1
438,2024-03-01 08:27:00,2024-03-01 08:43:53,14,16,5.38,18.13,1.0,1
439,2024-03-26 08:03:00,2024-03-26 08:11:51,7,1,1.08,5.76,1.0,1
440,2024-03-07 23:53:00,2024-03-08 00:13:39,9,12,2.23,10.04,1.0,2
441,2024-03-01 19:44:00,2024-03-01 20:37:33,7,11,5.96,16.8,1.0,1
442,2024-03-24 01:09:00,2024-03-24 01:12:01,17,2,1.6,7.84,1.0,2
443,2024-03-13 09:37:00,2024-03-13 09:51:07,14,7,6.14,19.05,4.0,1
444,2024-03-09 15:46:00,2024-03-09 16:08:42,10,7,0.79,5.22,2.0,1
445,2024-03-29 09:42:00,2024-03-29 10:00:39,15,6,1.94,8.03,1.0,1
446,2024-03-08 22:10:00,2024-03-08 22:20:41,8,16,1.29,5.86,1.0,1
447,2024-03-05 11:57:00,2024-03-05 12:05:52,17,18,9.8,33.83,2.0,1
448,2024-03-20 12:32:00,2024-03-20 12:55:03,5,11,4.64,13.48,1.0,1
449,2024-03-19 22:41:00,2024-03-19 23:13:04,4,14,5.81,19.57,1.0,3
450,2024-03-02 09:51:00,2024-03-02 09:59:01,20,18,7.24,21.78,1.0,2
451,2024-03-30 04:49:00,2024-03-30 05:13:07,11,19,2.05,8.4,1.0,3
452,2024-03-27 12:36:00,2024-03-27 12:43:50,19,18,10.83,33.47,1.0,2
453,2024-03-20 16:59:00,2024-03-20 17:12:01,3,2,6.0,21.39,1.0,1
454,2024-03-13 04:55:00,2024-03-13 05:13:32,13,14,3.85,11.98,1.0,1
455,2024-03-30 11:02:00,2024-03-30 11:39:10,15,1,0.91,5.32,1.0,1
456,2024-03-22 18:14:00,2024-03-22 19:08:54,18,16,7.5,19.69,1.0,1
457,2024-03-25 15:01:00,2024-03-25 15:34:23,17,20,1.31,6.54,1.0,1
458,2024-03-05 16:52:00,2024-03-05 17:08:58,6,6,1.97,8.16,3.0,1
459,2024-03-13 13:01:00,2024-03-13 13:09:28,3,1,2.91,10.45,1.0,1
460,2024-03-04 04:43:00,2024-03-04 05:00:48,19,9,1.11,6.35,1.0,1
461,2024-03-26 22:24:00,2024-03-26 22:31:15,6,9,1.55,7.28,1.0,1
462,2024-03-14 04:22:00,2024-03-14 04:50:21,15,4,4.53,13.04,1.0,1
463,2024-03-23 09:44:00,2024-03-23 09:49:25,5,20,1.05,5.91,2.0,2
464,2024-03-12 19:26:00,2024-03-12 19:47:17,16,14,3.1,10.71,2.0,1
465,2024-03-27 17:38:00,2024-03-27 17:48:52,7,8,0.73,4.63,1.0,2
466,2024-03-13 04:38:00,2024-03-13 04:41:16,17,13,0.7,4.65,1.0,1
467,2024-03-03 03:24:00,2024-03-03 04:14:21,20,5,1.04,5.43,1.0,1
468,2024-03-19 08:26:00,2024-03-19 08:41:07,12,3,2.23,9.75,2.0,2
469,2024-03-04 21:06:00,2024-03-04 21:19:36,8,18,3.73,13.02,1.0,1
470,2024-03-12 00:19:00,2024-03-12 00:25:41,17,14,1.47,6.37,2.0,1
471,2024-03-31 20:14:00,2024-03-31 20:41:46,7,8,5.28,15.34,4.0,2
472,2024-03-23 13:19:00,2024-03-23 13:27:55,13,8,1.38,6.91,1.0,2
473,2024-03-01 07:43:00,2024-03-01 08:00:09,4,5,0.96,5.63,1.0,1
474,2024-03-12 15:26:00,2024-03-12 15:36:52,20,18,1.38,7.3,1.0,1
475,2024-03-04 18:54:00,2024-03-04 18:55:00,13,9,5.02,17.54,1.0,1
476,2024-03-16 06:31:00,2024-03-16 06:42:01,2,18,3.64,12.31,1.0,1
477,2024-03-04 21:16:00,2024-03-04 21:31:27,5,14,2.24,8.81,1.0,2
478,2024-03-08 21:17:00,2024-03-08 21:23:12,17,11,6.73,23.32,1.0,1
479,2024-03-29 18:01:00,2024-03-29 18:11:59,5,20,3.11,10.8,2.0,1
480,2024-03-20 07:32:00,2024-03-20 07:54:13,2,6,0.69,5.14,2.0,2
481,2024-03-07 19:44:00,2024-03-07 19:54:44,11,1,2.43,9.58,1.0,2
482,2024-03-24 12:56:00,2024-03-24 13:21:21,13,17,4.57,15.92,1.0,1
483,2024-03-12 13:58:00,2024-03-12 14:05:23,4,3,3.36,10.51,1.0,2
484,2024-03-01 02:25:00,2024-03-01 02:45:34,11,14,1.32,7.2,2.0,2
485,2024-03-25 01:15:00,2024-03-25 01:41:44,3,11,2.91,10.65,1.0,2
486,2024-03-20 11:40:00,2024-03-20 11:45:24,6,14,6.08,20.69,4.0,1
487,2024-03-01 20:30:00,2024-03-01 20:46:36,1,20,3.37,10.66,3.0,2
488,2024-03-25 16:05:00,2024-03-25 16:11:53,1,4,2.27,8.02,1.0,2
489,2024-03-22 10:50:00,2024-03-22 11:07:42,16,7,2.85,11.99,2.0,1
490,2024-03-23 18:09:00,2024-03-23 19:15:30,15,6,2.74,11.05,1.0,2
491,2024-03-13 00:05:00,2024-03-13 00:06:47,2,1,1.95,8.06,3.0,1
492,2024-03-07 05:57:00,2024-03-07 06:10:36,9,9,1.51,6.61,1.0,2
493,2024-03-08 11:14:00,2024-03-08 11:47:08,6,7,3.76,13.39,1.0,1
494,2024-03-25 22:49:00,2024-03-25 23:06:40,10,19,1.85,7.44,1.0,1
495,2024-03-26 15:19:00,2024-03-26 15:52:20,2,4,7.55,21.07,1.0,1
496,2024-03-19 11:56:00,2024-03-19 12:12:57,6,9,0.97,5.72,1.0,1
497,2024-03-23 08:07:00,2024-03-23 08:39:39,9,4,0.58,4.51,1.0,2
498,2024-03-17 05:05:00,2024-03-17 05:23:07,13,17,4.28,16.21,1.0,1
499,2024-03-01 08:15:00,2024-03-01 08:22:26,20,15,0.79,4.83,1.0,2
500,2024-03-08 23:08:00,2024-03-08 23:28:33,14,17,0.59,4.84,1.0,1
501,2024-03-13 13:40:00,2024-03-13 13:52:49,3,11,2.89,10.61,1.0,2
502,2024-03-18 12:41:00,2024-03-18 13:07:46,17,10,6.7,23.42,1.0,1
503,2024-03-01 02:23:00,2024-03-01 02:47:51,11,14,1.41,6.36,2.0,1
504,2024-03-12 21:07:00,2024-03-12 21:42:34,13,14,2.49,10.71,1.0,1
505,2024-03-31 06:57:00,2024-03-31 07:19:18,13,17,0.1,3.22,1.0,2
506,2024-03-04 19:39:00,2024-03-04 19:59:28,12,14,8.87,26.22,1.0,1
507,2024-03-31 19:47:00,2024-03-31 20:01:10,16,19,5.34,16.84,1.0,1
508,2024-03-17 11:06:00,2024-03-17 11:15:28,5,5,2.21,8.47,2.0,1
509,2024-03-16 14:29:00,2024-03-16 14:37:26,3,14,2.48,10.58,1.0,1
510,2024-03-31 09:45:00,2024-03-31 09:57:23,19,1,0.48,4.4,1.0,1
511,2024-03-22 09:45:00,2024-03-22 10:02:21,6,8,3.07,10.12,2.0,1
512,2024-03-20 02:38:00,2024-03-20 03:05:53,16,8,0.55,4.61,2.0,2
513,2024-03-30 01:13:00,2024-03-30 01:21:32,7,20,1.38,6.82,1.0,2
514,2024-03-21 00:06:00,2024-03-21 00:56:31,6,17,4.58,14.53,2.0,1
515,2024-03-07 07:51:00,2024-03-07 08:12:45,1,18,0.89,5.22,1.0,1
516,2024-03-15 19:04:00,2024-03-15 19:38:51,2,20,4.44,17.13,1.0,1
517,2024-03-29 16:22:00,2024-03-29 16:31:35,2,20,2.51,9.17,1.0,1
518,2024-03-21 12:33:00,2024-03-21 12:42:13,20,17,0.8,5.46,1.0,3
519,2024-03-11 19:37:00,2024-03-11 20:13:06,19,16,7.52,24.28,1.0,1
520,2024-03-15 18:31:00,2024-03-15 18:57:23,8,12,0.84,5.12,1.0,2
521,2024-03-04 07:23:00,2024-03-04 07:40:07,12,16,3.64,12.45,2.0,1
522,2024-03-29 14:53:00,2024-03-29 15:19:04,14,18,5.19,19.08,1.0,2
523,2024-03-12 21:43:00,2024-03-12 21:55:24,1,4,4.58,13.91,2.0,1
524,2024-03-31 12:44:00,2024-03-31 13:16:16,16,4,1.98,9.32,1.0,2
525,2024-03-22 19:10:00,2024-03-22 19:11:40,12,5,2.55,10.86,1.0,2
526,2024-03-09 07:17:00,2024-03-09 07:26:51,6,4,2.22,9.68,1.0,1
527,2024-03-20 23:02:00,2024-03-20 23:06:15,19,10,4.1,12.27,1.0,1
528,2024-03-19 11:47:00,2024-03-19 11:56:08,9,18,2.4,8.86,1.0,2
529,2024-03-04 21:49:00,2024-03-04 22:00:04,15,10,5.8,19.3,1.0,2
530,2024-03-29 04:03:00,2024-03-29 04:10:39,3,14,0.81,5.1,1.0,2
531,2024-03-29 09:10:00,2024-03-29 09:23:53,2,17,5.66,17.05,1.0,1
532,2024-03-02 16:29:00,2024-03-02 16:38:02,16,15,3.0,11.1,3.0,2
533,2024-03-17 17:30:00,2024-03-17 17:44:30,17,12,1.74,6.97,2.0,1
534,2024-03-13 15:51:00,2024-03-13 16:14:29,16,5,3.53,10.98,2.0,1
535,2024-03-11 18:24:00,2024-03-11 18:56:38,20,19,2.47,8.75,1.0,1
536,2024-03-11 16:38:33,2024-03-11 16:06:00,10,10,1.85,7.69,1.0,2
537,2024-03-24 18:35:00,2024-03-24 18:52:23,20,8,6.28,17.1,1.0,1
538,2024-03-22 00:30:00,2024-03-22 00:53:56,4,12,1.12,6.11,2.0,1
539,2024-03-12 13:25:00,2024-03-12 13:41:52,20,20,2.53,8.72,3.0,1
540,2024-03-29 13:15:00,2024-03-29 13:54:57,10,3,2.06,9.0,1.0,1
541,2024-03-31 19:14:00,2024-03-31 19:21:18,16,6,6.48,18.0,2.0,1
542,2024-03-23 00:12:00,2024-03-23 00:44:29,10,10,1.62,7.67,1.0,2
543,2024-03-25 09:44:00,2024-03-25 10:32:33,17,7,1.79,7.45,1.0,1
544,2024-03-09 19:56:00,2024-03-09 20:10:07,18,17,2.37,8.44,1.0,2
545,2024-03-20 16:42:00,2024-03-20 16:52:51,3,19,0.95,5.82,1.0,1
546,2024-03-26 02:40:00,2024-03-26 03:02:56,18,16,1.42,6.38,1.0,3
547,2024-03-05 23:54:00,2024-03-06 00:23:22,2,7,6.37,19.87,3.0,1
548,2024-03-12 00:27:00,2024-03-12 00:33:46,12,2,1.4,7.43,1.0,1
549,2024-03-30 06:13:00,2024-03-30 06:17:40,7,12,2.08,9.3,1.0,2
550,2024-03-27 17:47:00,2024-03-27 17:57:31,9,19,0.76,5.43,1.0,1
551,2024-03-04 04:38:00,2024-03-04 04:39:22,15,14,2.66,9.59,1.0,2
552,2024-03-09 01:40:00,2024-03-09 01:52:17,16,17,1.85,7.21,1.0,1
553,2024-03-04 19:35:00,2024-03-04 19:46:22,9,13,3.23,12.56,2.0,1
554,2024-03-08 11:35:00,2024-03-08 11:45:01,3,12,2.23,8.58,2.0,1
555,2024-03-03 08:35:00,2024-03-03 09:05:16,2,20,1.67,8.34,2.0,1
556,2024-03-20 21:46:00,2024-03-20 21:54:33,20,7,5.11,16.52,2.0,3
557,2024-03-07 23:04:00,2024-03-07 23:13:08,13,3,5.78,18.02,1.0,1
558,2024-03-18 10:12:00,2024-03-18 11:18:47,11,13,1.33,6.86,1.0,1
559,2024-03-27 08:33:00,2024-03-27 08:55:19,7,17,3.45,12.12,1.0,1
560,2024-03-31 02:13:00,2024-03-31 02:20:08,17,8,3.16,12.39,1.0,1
561,2024-03-27 12:16:00,2024-03-27 12:27:32,10,15,1.72,6.93,1.0,1
562,2024-03-25 15:43:00,2024-03-25 15:58:22,13,9,2.13,8.72,1.0,1
563,2024-03-16 12:20:00,2024-03-16 12:32:48,7,10,3.0,9.84,1.0,2
564,2024-03-14 15:22:00,2024-03-14 15:39:08,9,19,2.98,11.67,1.0,1
565,2024-03-05 23:30:00,2024-03-05 23:52:52,6,14,5.66,16.72,1.0,1
566,2024-03-03 19:22:00,2024-03-03 19:47:32,11,6,3.48,11.54,2.0,1
567,2024-03-08 14:22:00,2024-03-08 14:53:24,6,10,1.83,7.13,1.0,1
568,2024-03-12 17:25:00,2024-03-12 17:37:47,13,6,3.93,14.25,2.0,1
569,2024-03-30 13:27:00,2024-03-30 14:02:28,13,16,0.87,5.03,2.0,1
570,2024-03-12 11:32:00,2024-03-12 11:52:00,8,8,0.0,12.66,3.0,1
571,2024-03-11 12:47:00,2024-03-11 12:51:56,14,18,1.32,6.86,1.0,1
572,2024-03-27 18:33:00,2024-03-27 18:59:50,9,8,5.06,16.17,3.0,1
573,2024-03-27 00:37:00,2024-03-27 00:53:08,13,19,1.62,7.13,,1
574,2024-03-17 07:55:00,2024-03-17 08:36:20,14,2,3.89,12.94,1.0,1
575,2024-03-10 20:36:00,2024-03-10 20:44:18,6,2,3.09,10.82,1.0,1
576,2024-03-10 07:13:00,2024-03-10 07:36:41,20,13,3.71,12.32,4.0,1
577,2024-03-06 12:18:00,2024-03-06 12:25:10,10,3,3.98,15.4,1.0,3
578,2024-03-24 19:15:00,2024-03-24 19:19:43,19,4,4.32,15.07,2.0,1
579,2024-03-14 01:45:00,2024-03-14 01:58:13,2,9,6.18,17.81,3.0,1
580,2024-03-09 11:11:00,2024-03-09 11:25:26,16,4,3.81,12.53,1.0,1
581,2024-03-02 05:12:00,2024-03-02 06:15:41,5,4,12.88,37.17,2.0,1
582,2024-03-31 01:39:00,2024-03-31 01:47:48,12,7,1.77,7.3,1.0,1
583,2024-03-01 21:48:00,2024-03-01 22:02:23,5,2,1.68,8.1,4.0,1
584,2024-03-23 22:05:00,2024-03-23 22:55:50,9,19,2.01,9.22,1.0,2
585,2024-03-17 19:27:00,2024-03-17 19:35:57,10,11,0.1,3.28,1.0,1
586,2024-03-10 02:20:00,2024-03-10 02:43:41,18,14,0.75,4.85,1.0,1
587,2024-03-05 12:53:00,2024-03-05 13:31:56,19,18,0.67,4.64,1.0,1
588,2024-03-25 05:57:00,2024-03-25 06:06:17,12,5,4.84,18.09,1.0,1
589,2024-03-18 17:02:00,2024-03-18 17:06:46,9,2,2.82,9.81,2.0,3
590,2024-03-15 14:59:00,2024-03-15 15:12:27,12,15,1.66,6.74,1.0,2
591,2024-03-27 06:41:00,2024-03-27 07:07:53,2,5,1.42,7.53,1.0,1
592,2024-03-13 14:54:00,2024-03-13 15:08:40,11,17,2.97,11.97,1.0,2
593,2024-03-25 04:00:00,2024-03-25 04:15:07,12,18,3.42,12.67,1.0,1
594,2024-03-27 05:15:00,2024-03-27 05:27:44,19,8,4.15,13.55,1.0,1
595,2024-03-16 15:54:00,2024-03-16 16:00:59,19,1,2.2,9.42,1.0,1
596,2024-03-04 09:26:00,2024-03-04 09:41:06,5,15,1.78,7.03,1.0,2
597,2024-03-08 13:52:00,2024-03-08 13:57:43,1,16,2.91,12.06,2.0,1
598,2024-03-31 03:49:00,2024-03-31 04:01:13,14,6,4.67,14.28,1.0,1
599,2024-03-07 20:27:00,2024-03-07 21:06:18,9,10,1.01,5.31,1.0,2
600,2024-03-19 03:20:00,2024-03-19 03:36:29,10,6,4.44,14.64,1.0,1
601,2024-03-25 12:32:00,2024-03-25 12:45:14,1,18,1.55,6.85,1.0,1
602,2024-03-09 00:40:00,2024-03-09 00:47:34,10,9,4.98,15.15,1.0,1
603,2024-03-10 09:03:00,2024-03-10 09:35:20,14,16,1.18,6.09,4.0,1
604,2024-03-11 21:22:00,2024-03-11 21:48:09,6,12,3.25,10.52,2.0,1
605,2024-03-31 21:00:00,2024-03-31 21:33:54,14,5,5.65,20.04,1.0,1
606,2024-03-15 09:46:00,2024-03-15 10:04:24,19,11,0.79,4.96,1.0,1
607,2024-03-21 17:05:00,2024-03-21 17:21:27,6,20,1.68,8.21,2.0,1
608,2024-03-03 09:37:00,2024-03-03 09:45:04,19,12,4.28,14.72,2.0,1
609,2024-03-15 19:04:00,2024-03-15 19:19:15,3,20,3.99,12.79,2.0,1
610,2024-03-03 11:03:00,2024-03-03 11:26:31,13,13,3.59,13.81,1.0,1
611,2024-03-16 08:24:00,2024-03-16 08:46:52,18,15,1.97,7.54,1.0,1
612,2024-03-28 23:00:00,2024-03-28 23:26:01,16,3,1.13,6.46,1.0,1
613,2024-03-16 07:24:00,2024-03-16 07:34:46,17,14,3.25,13.2,1.0,1
614,2024-03-06 11:00:00,2024-03-06 11:07:21,6,3,2.03,8.45,1.0,1
615,2024-03-19 20:49:00,2024-03-19 21:22:03,17,16,2.15,8.4,1.0,1
616,2024-03-17 20:50:00,2024-03-17 21:00:49,17,9,0.28,3.88,1.0,1
617,2024-03-27 12:10:00,2024-03-27 12:35:19,1,1,4.28,14.21,2.0,2
618,2024-03-25 17:48:00,2024-03-25 17:54:34,10,17,3.35,12.8,1.0,1
619,2024-03-31 20:51:00,2024-03-31 21:03:18,9,3,2.54,9.97,1.0,3
620,2024-03-07 07:47:00,2024-03-07 08:04:58,17,16,0.67,4.74,2.0,1
621,2024-03-09 22:46:00,2024-03-09 23:02:36,12,2,8.14,28.08,1.0,1
622,2024-03-21 04:19:00,2024-03-21 04:47:27,18,14,11.08,28.68,2.0,1
623,2024-03-07 07:36:00,2024-03-07 07:52:19,7,10,4.15,12.4,1.0,2
624,2024-03-27 10:58:00,2024-03-27 11:12:03,14,8,9.78,31.66,2.0,1
625,2024-03-16 05:22:00,2024-03-16 05:38:46,3,12,1.73,-5.0,1.0,1
626,2024-03-25 01:05:00,2024-03-25 01:32:31,17,14,0.48,4.53,1.0,1
627,2024-03-27 13:11:00,2024-03-27 13:40:45,1,18,6.63,22.17,1.0,2
628,2024-03-04 18:32:00,2024-03-04 18:48:27,20,10,3.83,13.42,1.0,1
629,2024-03-26 09:21:00,2024-03-26 09:51:32,4,5,1.52,7.4,1.0,1
630,2024-03-04 01:01:00,2024-03-04 02:14:04,7,7,4.77,15.21,1.0,1
631,2024-03-07 17:17:00,2024-03-07 17:29:47,15,10,1.62,6.57,1.0,3
632,2024-03-30 13:38:00,2024-03-30 14:14:48,10,19,6.33,22.74,1.0,2
633,2024-03-30 05:38:00,2024-03-30 05:43:16,15,16,3.49,10.98,1.0,1
634,2024-03-15 23:37:00,2024-03-16 00:08:41,10,19,0.22,3.66,1.0,2
635,2024-03-27 21:56:00,2024-03-27 22:15:59,9,15,2.67,10.57,1.0,1
636,2024-03-12 12:48:00,2024-03-12 13:10:45,1,11,6.37,20.45,2.0,1
637,2024-03-02 06:23:00,2024-03-02 06:35:50,7,15,5.51,15.91,1.0,1
638,2024-03-31 23:47:00,2024-03-31 23:52:38,16,8,5.43,16.96,1.0,1
639,2024-03-25 15:30:00,2024-03-25 15:39:26,12,17,6.39,19.4,1.0,2
640,2024-03-27 22:05:00,2024-03-27 22:09:56,5,10,4.95,17.47,1.0,1
641,2024-03-15 07:14:00,2024-03-15 08:38:22,3,11,4.18,13.01,4.0,1
642,2024-03-18 16:56:00,2024-03-18 16:59:38,4,12,1.45,6.37,1.0,1
643,2024-03-14 09:16:00,2024-03-14 09:48:13,1,7,6.84,23.98,1.0,1
644,2024-03-22 18:39:00,2024-03-22 18:59:21,13,4,1.72,8.42,3.0,2
645,2024-03-05 08:33:00,2024-03-05 08:34:00,20,10,0.49,4.15,1.0,1
646,2024-03-13 14:00:00,2024-03-13 14:20:33,5,16,0.84,5.45,1.0,1
647,2024-03-30 10:12:00,2024-03-30 10:34:05,13,7,1.19,6.48,1.0,1
648,2024-03-07 02:29:00,2024-03-07 02:42:06,16,8,1.32,7.2,1.0,1
649,2024-03-04 19:21:00,2024-03-04 20:06:27,8,6,0.25,3.79,1.0,1
650,2024-03-25 18:36:00,2024-03-25 19:04:47,7,18,1.94,8.09,1.0,2
651,2024-03-26 23:01:00,2024-03-26 23:15:45,18,16,3.31,11.72,1.0,2
652,2024-03-22 09:35:00,2024-03-22 09:39:11,6,20,2.61,10.01,1.0,1
653,2024-03-03 08:25:00,2024-03-03 08:41:00,7,5,1.01,5.96,1.0,1
654,2024-03-11 21:30:00,2024-03-11 21:35:27,14,7,9.12,23.52,1.0,1
655,2024-03-08 14:20:00,2024-03-08 14:29:54,10,3,2.46,10.1,3.0,2
656,2024-03-03 18:25:00,2024-03-03 18:35:51,11,6,5.21,18.26,1.0,2
657,2024-03-15 13:28:00,2024-03-15 13:48:08,19,3,3.11,11.47,1.0,1
658,2024-03-05 14:42:00,2024-03-05 15:02:07,17,17,2.51,9.75,2.0,1
659,2024-03-20 07:05:00,2024-03-20 07:11:06,7,10,4.65,17.37,1.0,2
660,2024-03-11 00:29:00,2024-03-11 00:46:19,13,19,2.76,10.88,1.0,1
661,2024-03-26 20:07:00,2024-03-26 20:28:53,2,7,3.65,11.87,2.0,3
662,2024-03-22 09:14:00,2024-03-22 09:39:24,12,19,6.68,22.21,3.0,1
663,2024-03-06 00:44:00,2024-03-06 00:54:49,19,6,3.93,12.52,3.0,1
664,2024-03-11 13:30:00,2024-03-11 14:30:01,7,9,1.27,7.01,1.0,1
665,2024-03-27 09:34:00,2024-03-27 09:39:13,1,20,4.57,14.5,1.0,1
666,2024-03-06 16:08:00,2024-03-06 16:14:54,2,5,6.75,24.28,1.0,1
667,2024-03-18 18:45:00,2024-03-18 19:07:20,14,4,8.39,26.17,1.0,1
668,2024-03-24 11:57:00,2024-03-24 12:18:00,1,2,3.16,11.76,2.0,2
669,2024-03-14 15:37:00,2024-03-14 15:43:39,14,3,8.08,22.32,2.0,1
670,2024-03-19 04:45:00,2024-03-19 05:11:07,20,11,2.25,9.99,1.0,1
671,2024-03-15 17:37:00,2024-03-15 18:02:05,6,1,2.79,11.28,1.0,1
672,2024-03-27 07:49:00,2024-03-27 08:18:12,6,3,8.11,23.33,1.0,1
673,2024-03-04 18:35:00,2024-03-04 18:47:43,13,18,1.65,7.98,1.0,2
674,2024-03-05 00:23:00,2024-03-05 01:21:47,11,6,1.22,6.52,1.0,2
675,2024-03-04 16:42:00,2024-03-04 17:09:40,18,18,2.28,9.98,1.0,1
676,2024-03-07 02:31:00,2024-03-07 03:20:18,1,2,0.56,4.28,,1
677,2024-03-25 12:02:00,2024-03-25 12:36:46,18,1,1.36,6.44,2.0,1
678,2024-03-01 14:24:00,2024-03-01 14:51:37,13,2,3.44,12.53,1.0,1
679,2024-03-30 16:13:00,2024-03-30 16:32:28,10,11,3.9,13.65,1.0,1
680,2024-03-03 06:18:00,2024-03-03 06:29:07,1,10,6.39,20.15,2.0,1
681,2024-03-01 11:09:00,2024-03-01 11:19:04,8,13,0.69,4.71,1.0,1
682,2024-03-23 19:52:00,2024-03-23 19:55:40,15,7,2.07,7.86,2.0,1
683,2024-03-24 07:11:00,2024-03-24 07:23:03,1,2,6.11,18.51,1.0,2
684,2024-03-23 09:55:00,2024-03-23 10:00:16,2,16,2.14,8.08,2.0,1
685,2024-03-24 18:58:00,2024-03-24 19:20:43,15,15,5.98,21.44,1.0,3
686,2024-03-05 03:16:00,2024-03-05 03:37:13,9,6,0.44,3.97,1.0,1
687,2024-03-03 06:22:00,2024-03-03 06:30:03,14,4,0.0,8.77,4.0,1
688,2024-03-07 18:15:00,2024-03-07 18:22:54,8,6,2.04,7.83,1.0,2
689,2024-03-04 22:20:00,2024-03-04 22:46:20,20,10,0.47,4.3,1.0,2
690,2024-03-21 06:57:00,2024-03-21 07:17:15,1,5,3.47,11.69,1.0,1
691,2024-03-24 03:07:00,2024-03-24 03:21:28,10,3,2.91,9.57,1.0,1
692,2024-03-26 02:39:00,2024-03-26 03:02:46,17,11,4.7,14.82,2.0,2
693,2024-03-13 01:12:00,2024-03-13 01:20:24,12,10,2.69,10.54,2.0,2
694,2024-03-14 16:53:00,2024-03-14 17:16:14,16,18,1.67,7.81,1.0,1
695,2024-03-16 16:20:00,2024-03-16 16:41:03,11,20,2.3,8.3,1.0,1
696,2024-03-12 05:44:00,2024-03-12 06:13:14,6,14,4.87,17.81,1.0,2
697,2024-03-10 16:14:00,2024-03-10 16:45:36,19,10,0.63,4.79,1.0,1
698,2024-03-13 19:34:00,2024-03-13 19:40:14,2,8,5.79,17.26,1.0,1
699,2024-03-10 09:41:00,2024-03-10 10:03:54,3,10,1.5,6.61,1.0,1
700,2024-03-02 14:37:00,2024-03-02 14:46:18,18,20,0.9,5.39,3.0,1
701,2024-03-25 11:13:00,2024-03-25 11:19:06,19,8,2.58,10.04,1.0,1
702,2024-03-01 00:02:00,2024-03-01 00:26:29,11,20,1.59,7.16,4.0,1
703,2024-03-20 06:37:00,2024-03-20 06:47:40,16,20,0.95,5.48,3.0,1
704,2024-03-17 02:18:00,2024-03-17 02:31:51,13,7,1.79,8.08,1.0,1
705,2024-03-03 07:46:00,2024-03-03 08:00:06,13,9,1.54,6.99,2.0,2
706,2024-03-12 23:56:00,2024-03-13 00:19:52,17,11,2.0,9.34,2.0,1
707,2024-03-04 13:22:00,2024-03-04 13:51:52,17,19,2.5,9.23,1.0,1
708,2024-03-13 15:25:00,2024-03-13 15:41:36,15,7,3.65,14.11,1.0,1
709,2024-03-24 06:33:00,2024-03-24 06:41:50,20,19,2.98,10.85,2.0,1
710,2024-03-05 23:47:00,2024-03-05 23:53:54,8,16,6.44,22.82,1.0,1
711,2024-03-15 05:00:00,2024-03-15 05:12:30,17,7,2.38,9.84,3.0,1
712,2024-03-12 01:28:00,2024-03-12 01:48:44,5,12,1.89,7.88,1.0,1
713,2024-03-22 06:28:00,2024-03-22 06:53:34,9,13,1.59,7.29,2.0,1
714,2024-03-16 12:02:00,2024-03-16 12:14:25,13,15,3.44,13.52,2.0,1
715,2024-03-24 21:33:00,2024-03-24 21:58:38,16,5,0.75,5.33,4.0,2
716,2024-03-18 06:03:00,2024-03-18 06:20:00,8,5,3.17,12.5,1.0,1
717,2024-03-18 04:02:00,2024-03-18 04:11:46,16,15,1.04,5.54,2.0,1
718,2024-03-01 19:55:00,2024-03-01 20:09:41,10,3,1.35,6.5,1.0,1
719,2024-03-10 05:15:00,2024-03-10 06:09:56,2,19,2.32,9.05,1.0,1
720,2024-03-08 12:39:00,2024-03-08 12:54:17,10,5,2.65,10.03,1.0,2
721,2024-03-17 12:01:00,2024-03-17 12:18:28,5,3,0.0,9.48,4.0,1
722,2024-03-26 05:02:00,2024-03-26 05:03:46,13,8,1.51,6.33,2.0,1
723,2024-03-22 06:15:00,2024-03-22 06:45:16,18,7,2.9,10.76,1.0,2
724,2024-03-10 15:35:00,2024-03-10 15:48:06,7,9,2.56,10.86,1.0,1
725,2024-03-19 13:54:00,2024-03-19 13:58:39,6,13,12.13,37.24,1.0,1
726,2024-03-15 23:46:00,2024-03-15 23:52:04,5,20,4.64,15.36,1.0,2
727,2024-03-27 10:57:00,2024-03-27 11:06:23,13,11,5.55,19.98,1.0,2
728,2024-03-18 14:42:00,2024-03-18 15:12:06,4,10,1.38,6.94,1.0,1
729,2024-03-07 19:15:00,2024-03-07 19:27:01,17,6,4.37,16.65,1.0,1
730,2024-03-02 19:06:00,2024-03-02 19:30:57,19,15,0.76,5.1,1.0,2
731,2024-03-11 15:21:00,2024-03-11 15:36:14,7,2,2.5,10.39,1.0,1
732,2024-03-12 13:59:00,2024-03-12 14:01:03,15,15,2.14,7.93,1.0,1
733,2024-03-13 00:10:00,2024-03-13 00:27:21,1,7,2.98,10.58,1.0,1
734,2024-03-27 12:56:00,2024-03-27 13:28:19,2,14,1.11,5.63,2.0,2
735,2024-03-27 19:18:00,2024-03-27 19:29:10,1,4,4.99,16.38,1.0,2
736,2024-03-10 18:40:00,2024-03-10 19:02:11,16,13,3.08,10.55,4.0,2
737,2024-03-14 02:50:00,2024-03-14 03:13:37,4,2,1.84,7.71,1.0,1
738,2024-03-01 09:19:00,2024-03-01 09:23:50,13,1,1.32,7.22,1.0,1
739,2024-03-25 00:40:00,2024-03-25 01:29:24,1,1,3.5,-5.0,1.0,1
740,2024-03-28 12:57:00,2024-03-28 13:15:39,14,4,4.55,16.66,1.0,1
741,2024-03-07 18:56:00,2024-03-07 19:05:44,16,11,4.85,18.35,1.0,1
742,2024-03-07 05:43:00,2024-03-07 05:51:01,15,19,9.18,28.07,1.0,1
743,2024-03-02 11:08:00,2024-03-02 11:15:36,14,10,4.11,15.59,3.0,2
744,2024-03-17 21:23:00,2024-03-17 21:50:11,17,13,0.81,5.09,1.0,1
745,2024-03-30 18:16:00,2024-03-30 18:56:42,16,16,5.45,18.51,1.0,3
746,2024-03-15 03:04:00,2024-03-15 03:23:50,6,9,4.38,16.35,1.0,1
747,2024-03-18 21:48:00,2024-03-18 22:06:59,17,7,1.54,7.05,1.0,1
748,2024-03-14 23:25:00,2024-03-15 00:06:21,2,18,0.47,4.11,4.0,1
749,2024-03-10 14:54:00,2024-03-10 15:03:04,11,16,0.49,4.47,1.0,1
750,2024-03-29 01:29:00,2024-03-29 01:34:29,5,11,4.75,16.16,1.0,1
751,2024-03-30 06:27:00,2024-03-30 06:28:27,1,19,2.56,9.73,1.0,1
752,2024-03-30 09:21:00,2024-03-30 09:31:40,4,20,4.54,15.78,1.0,1
753,2024-03-07 13:55:00,2024-03-07 14:40:13,12,1,3.1,12.0,1.0,2
754,2024-03-05 14:10:00,2024-03-05 14:17:51,1,16,1.17,5.67,1.0,2
755,2024-03-18 15:48:00,2024-03-18 15:56:39,6,11,3.86,14.95,1.0,2
756,2024-03-10 22:38:00,2024-03-10 22:52:07,12,16,3.09,11.7,1.0,1
757,2024-03-21 14:29:00,2024-03-21 14:49:52,16,16,5.33,19.1,1.0,1
758,2024-03-17 03:24:00,2024-03-17 03:36:35,13,13,2.71,10.92,1.0,1
759,2024-03-28 04:39:00,2024-03-28 04:55:12,18,7,3.76,12.76,1.0,1
760,2024-03-16 14:51:00,2024-03-16 15:04:42,1,4,3.96,12.81,2.0,1
761,2024-03-16 23:59:00,2024-03-17 00:23:14,18,20,0.0,9.73,1.0,1
762,2024-03-27 04:16:00,2024-03-27 04:32:13,1,18,0.17,3.44,1.0,1
763,2024-03-01 14:57:00,2024-03-01 15:08:17,7,20,2.27,9.13,2.0,2
764,2024-03-08 19:16:00,2024-03-08 19:20:43,6,17,1.88,8.99,1.0,2
765,2024-03-22 16:05:00,2024-03-22 16:21:42,17,5,4.12,14.14,2.0,1
766,2024-03-10 05:20:00,2024-03-10 05:23:14,7,1,3.21,10.15,1.0,1
767,2024-03-29 17:00:00,2024-03-29 17:13:46,4,11,1.96,8.77,1.0,2
768,2024-03-20 12:03:00,2024-03-20 12:10:46,13,8,6.68,22.4,1.0,1
769,2024-03-10 14:24:00,2024-03-10 14:48:04,8,3,2.5,10.99,2.0,1
770,2024-03-08 11:05:00,2024-03-08 11:33:45,7,16,0.85,5.65,1.0,2
771,2024-03-21 06:06:00,2024-03-21 06:11:25,16,20,1.56,7.85,1.0,1
772,2024-03-12 20:00:00,2024-03-12 20:22:41,12,9,1.08,5.75,1.0,1
773,2024-03-27 06:09:00,2024-03-27 06:26:18,3,7,1.14,6.53,2.0,1
774,2024-03-25 08:12:00,2024-03-25 08:28:57,5,17,1.02,5.3,1.0,1
775,2024-03-14 22:27:00,2024-03-14 23:18:46,8,1,2.32,10.17,1.0,2
776,2024-03-05 10:43:00,2024-03-05 11:02:07,5,17,1.65,7.82,2.0,1
777,2024-03-09 00:05:00,2024-03-09 00:32:24,13,15,0.74,4.89,2.0,2
778,2024-03-01 03:29:00,2024-03-01 04:40:23,3,3,4.1,12.33,1.0,1
779,2024-03-13 21:54:00,2024-03-13 22:37:17,8,1,3.53,11.37,1.0,1
780,2024-03-27 19:39:00,2024-03-27 19:50:22,16,4,3.93,14.31,1.0,1
781,2024-03-24 12:28:00,2024-03-24 12:32:12,19,9,6.49,20.88,2.0,1
782,2024-03-22 02:53:00,2024-03-22 02:55:39,2,13,1.79,7.19,1.0,1
783,2024-03-10 07:55:00,2024-03-10 08:15:07,11,8,3.21,11.42,3.0,1
784,2024-03-01 19:20:00,2024-03-01 19:44:47,5,19,3.17,10.21,1.0,1
785,2024-03-13 17:44:00,2024-03-13 17:53:05,4,9,2.52,8.87,1.0,2
786,2024-03-12 05:25:00,2024-03-12 05:51:43,15,16,1.28,6.97,1.0,1
787,2024-03-21 11:22:00,2024-03-21 11:50:58,15,1,6.25,19.11,1.0,1
788,2024-03-20 13:24:00,2024-03-20 13:55:33,12,15,1.65,7.39,1.0,2
789,2024-03-13 13:33:00,2024-03-13 14:04:13,1,4,2.08,8.4,1.0,1
790,2024-03-20 19:06:00,2024-03-20 19:13:41,12,5,1.24,6.96,1.0,1
791,2024-03-25 01:31:00,2024-03-25 01:46:29,18,1,0.5,4.31,1.0,1
792,2024-03-20 22:22:00,2024-03-20 22:38:17,3,12,0.33,3.87,2.0,2
793,2024-03-26 19:40:00,2024-03-26 20:07:53,15,1,0.63,4.9,1.0,1
794,2024-03-08 07:59:00,2024-03-08 08:01:43,15,13,3.09,10.01,1.0,1
795,2024-03-28 05:38:00,2024-03-28 06:08:51,5,2,3.39,13.28,1.0,1
796,2024-03-31 10:52:00,2024-03-31 10:59:12,6,12,2.22,7.93,1.0,1
797,2024-03-11 01:21:00,2024-03-11 01:50:06,17,2,4.65,16.72,1.0,2
798,2024-03-17 12:12:00,2024-03-17 12:15:01,17,3,7.44,19.77,1.0,1
799,2024-03-03 11:33:00,2024-03-03 11:37:51,3,20,4.0,14.08,2.0,2
800,2024-03-31 05:54:00,2024-03-31 06:07:21,19,19,2.49,10.68,1.0,1
801,2024-03-06 22:04:00,2024-03-06 22:53:09,16,11,2.49,10.5,1.0,1
802,2024-03-13 21:30:00,2024-03-13 21:42:41,1,7,4.66,13.78,1.0,2
803,2024-03-02 07:49:00,2024-03-02 07:54:23,15,6,1.6,7.76,1.0,1
804,2024-03-22 16:50:00,2024-03-22 17:11:33,9,9,0.0,4.04,1.0,1
805,2024-03-01 08:16:00,2024-03-01 08:47:37,15,6,4.18,12.92,1.0,2
806,2024-03-26 18:38:00,2024-03-26 19:09:58,12,5,4.67,14.5,4.0,1
807,2024-03-21 06:21:00,2024-03-21 06:28:40,11,7,5.02,17.25,1.0,1
808,2024-03-13 16:56:00,2024-03-13 17:08:58,10,13,3.74,12.91,1.0,2
809,2024-03-16 16:28:00,2024-03-16 17:02:10,9,2,3.71,12.18,1.0,1
810,2024-03-03 08:47:00,2024-03-03 09:16:39,17,20,5.41,16.56,1.0,2
811,2024-03-24 09:30:00,2024-03-24 09:35:51,8,2,5.04,16.73,1.0,2
812,2024-03-08 20:04:00,2024-03-08 20:25:02,2,5,1.35,6.59,2.0,1
813,2024-03-22 10:04:00,2024-03-22 10:08:55,14,3,1.7,7.17,1.0,1
814,2024-03-21 12:30:00,2024-03-21 13:02:11,19,1,1.53,7.79,2.0,1
815,2024-03-10 19:26:00,2024-03-10 19:41:34,12,13,8.52,22.71,2.0,2
816,2024-03-30 10:58:00,2024-03-30 11:10:18,15,5,2.44,9.9,1.0,1
817,2024-03-15 14:57:00,2024-03-15 15:00:05,2,9,1.61,7.24,1.0,1
818,2024-03-03 17:37:00,2024-03-03 17:38:47,18,4,4.57,14.7,2.0,2
819,2024-03-20 18:26:41,2024-03-20 18:11:00,3,20,2.33,10.39,1.0,1
820,2024-03-12 03:39:00,2024-03-12 04:10:43,4,7,6.2,19.04,1.0,3
821,2024-03-04 13:13:00,2024-03-04 13:32:15,14,4,7.03,24.01,1.0,1
822,2024-03-26 17:10:00,2024-03-26 17:40:07,7,9,3.45,13.99,1.0,1
823,2024-03-16 14:22:00,2024-03-16 14:55:32,5,20,1.98,8.56,4.0,1
824,2024-03-22 04:51:00,2024-03-22 05:12:39,10,6,1.3,6.39,1.0,1
825,2024-03-05 21:24:00,2024-03-05 22:07:27,4,8,3.82,12.36,1.0,2
826,2024-03-23 14:23:00,2024-03-23 14:35:29,19,2,4.03,13.49,2.0,1
827,2024-03-22 22:40:00,2024-03-22 22:47:03,1,4,0.63,4.81,1.0,1
828,2024-03-26 19:05:00,2024-03-26 19:09:11,15,11,5.17,15.6,2.0,1
829,2024-03-07 16:09:00,2024-03-07 16:12:55,6,17,1.86,8.05,1.0,1
830,2024-03-22 06:53:00,2024-03-22 07:02:05,6,3,6.16,20.79,1.0,2
831,2024-03-13 04:52:00,2024-03-13 05:00:04,10,20,0.87,4.96,1.0,3
832,2024-03-11 17:19:00,2024-03-11 17:45:30,12,10,0.27,3.74,1.0,2
833,2024-03-02 08:53:00,2024-03-02 09:22:45,15,6,1.37,6.81,4.0,1
834,2024-03-05 19:08:00,2024-03-05 19:12:48,18,3,2.9,11.67,1.0,2
835,2024-03-13 12:33:00,2024-03-13 12:39:44,3,3,2.01,8.16,1.0,2
836,2024-03-30 18:35:00,2024-03-30 19:19:45,17,8,1.21,6.85,1.0,1
837,2024-03-09 21:27:00,2024-03-09 21:51:01,14,11,0.85,5.47,1.0,1
838,2024-03-24 06:01:00,2024-03-24 06:39:23,2,13,1.08,5.52,1.0,1
839,2024-03-26 08:06:00,2024-03-26 08:26:50,13,12,4.98,16.15,1.0,1
840,2024-03-09 03:21:00,2024-03-09 03:23:30,8,2,2.39,10.25,2.0,1
841,2024-03-05 02:52:00,2024-03-05 03:08:10,6,19,4.92,14.03,1.0,1
842,2024-03-24 01:02:00,2024-03-24 01:08:01,3,12,2.77,11.47,3.0,1
843,2024-03-14 08:51:00,2024-03-14 09:06:08,16,12,1.11,5.52,2.0,1
844,2024-03-23 18:47:00,2024-03-23 19:10:57,4,8,4.35,14.44,2.0,1
845,2024-03-10 20:33:00,2024-03-10 21:10:53,1,16,0.89,4.98,1.0,2
846,2024-03-12 10:51:00,2024-03-12 11:09:20,17,12,2.38,10.23,1.0,2
847,2024-03-14 10:26:00,2024-03-14 10:32:48,20,16,1.53,7.62,1.0,1
848,2024-03-02 13:40:00,2024-03-02 13:55:31,20,15,3.21,11.51,1.0,1
849,2024-03-24 15:13:00,2024-03-24 15:28:56,13,19,1.75,7.6,1.0,1
850,2024-03-08 14:08:00,2024-03-08 14:16:59,7,13,3.7,13.35,1.0,1
851,2024-03-21 15:14:00,2024-03-21 15:28:54,10,13,0.37,4.12,1.0,2
852,2024-03-29 21:48:00,2024-03-29 22:18:12,20,8,0.15,3.49,1.0,1
853,2024-03-26 00:47:00,2024-03-26 01:04:21,4,8,1.75,8.44,1.0,1
854,2024-03-10 23:00:00,2024-03-10 23:01:00,20,15,2.62,9.28,1.0,1
855,2024-03-05 02:34:00,2024-03-05 02:36:29,8,16,1.11,6.22,1.0,1
856,2024-03-21 07:43:00,2024-03-21 08:30:06,15,3,3.27,13.2,3.0,2
857,2024-03-31 07:43:00,2024-03-31 08:09:14,15,16,4.78,14.73,1.0,3
858,2024-03-26 19:34:00,2024-03-26 19:42:48,1,7,1.85,8.67,2.0,3
859,2024-03-23 19:24:00,2024-03-23 19:26:32,9,14,0.44,4.02,2.0,2
860,2024-03-02 16:19:00,2024-03-02 16:26:43,1,9,1.91,8.03,1.0,2
861,2024-03-18 06:42:00,2024-03-18 07:06:42,17,19,3.77,13.54,3.0,1
862,2024-03-03 01:59:00,2024-03-03 02:07:13,12,5,1.76,7.5,1.0,1
863,2024-03-08 03:05:00,2024-03-08 03:06:00,15,3,3.3,-5.0,4.0,1
864,2024-03-06 21:24:00,2024-03-06 22:13:30,20,5,1.29,6.45,2.0,1
865,2024-03-11 17:27:00,2024-03-11 17:37:47,12,16,3.42,11.79,1.0,2
866,2024-03-08 02:20:00,2024-03-08 02:21:00,9,20,2.71,9.74,1.0,2
867,2024-03-09 16:04:54,2024-03-09 15:48:00,9,16,1.51,7.06,1.0,1
868,2024-03-05 21:23:00,2024-03-05 21:51:49,18,19,1.23,6.07,1.0,1
869,2024-03-14 05:23:00,2024-03-14 05:27:57,15,3,0.33,3.98,1.0,2
870,2024-03-07 13:54:00,2024-03-07 14:37:55,1,3,5.6,15.7,1.0,1
871,2024-03-12 03:32:00,2024-03-12 03:56:59,9,10,3.65,12.51,1.0,2
872,2024-03-31 14:38:00,2024-03-31 14:45:24,15,14,0.4,4.05,4.0,1
873,2024-03-26 15:23:00,2024-03-26 15:38:07,7,8,0.75,5.1,1.0,1
874,2024-03-30 22:38:00,2024-03-30 22:58:06,19,10,2.16,9.51,1.0,1
875,2024-03-19 18:18:00,2024-03-19 18:51:04,2,5,3.51,11.66,1.0,2
876,2024-03-27 07:28:00,2024-03-27 07:34:42,2,4,4.38,13.62,1.0,1
877,2024-03-31 04:41:00,2024-03-31 04:42:47,6,15,0.63,4.73,1.0,1
878,2024-03-18 05:05:00,2024-03-18 05:19:54,17,19,0.95,5.4,1.0,1
879,2024-03-30 21:07:00,2024-03-30 21:19:12,7,2,5.09,17.5,1.0,1
880,2024-03-16 09:45:00,2024-03-16 09:49:40,12,8,4.79,16.45,4.0,1
881,2024-03-21 10:10:00,2024-03-21 10:11:28,13,15,1.66,7.74,2.0,1
882,2024-03-24 08:42:00,2024-03-24 09:09:12,8,7,4.17,13.94,2.0,1
883,2024-03-24 02:36:00,2024-03-24 02:56:44,12,12,2.15,9.25,2.0,2
884,2024-03-08 04:40:00,2024-03-08 04:45:25,8,20,4.23,12.95,2.0,1
885,2024-03-20 05:58:00,2024-03-20 05:59:00,14,15,1.05,5.61,1.0,1
886,2024-03-18 20:34:00,2024-03-18 20:50:03,12,5,2.0,9.27,2.0,1
887,2024-03-11 04:29:00,2024-03-11 04:39:25,7,15,5.5,19.18,1.0,1
888,2024-03-10 08:30:00,2024-03-10 08:52:40,7,12,4.1,12.71,1.0,1
889,2024-03-23 01:09:00,2024-03-23 01:34:14,13,19,1.43,7.38,1.0,1
890,2024-03-31 09:58:00,2024-03-31 10:43:55,6,20,2.6,11.06,1.0,1
891,2024-03-12 03:45:00,2024-03-12 04:00:53,20,14,0.24,3.67,2.0,2
892,2024-03-27 08:01:00,2024-03-27 08:14:54,12,20,1.87,7.77,1.0,1
893,2024-03-10 12:51:00,2024-03-10 12:55:23,6,10,0.56,4.4,4.0,1
894,2024-03-20 01:32:00,2024-03-20 01:44:22,13,7,1.3,6.79,1.0,1
895,2024-03-22 05:00:00,2024-03-22 05:04:39,18,5,5.7,20.54,1.0,2
896,2024-03-05 19:29:00,2024-03-05 19:46:51,12,14,1.74,7.7,1.0,1
897,2024-03-24 13:10:00,2024-03-24 13:27:10,14,14,1.25,6.06,2.0,2
898,2024-03-24 08:07:00,2024-03-24 08:24:54,5,7,0.77,4.79,1.0,2
899,2024-03-04 05:46:00,2024-03-04 06:21:56,15,16,3.6,14.31,3.0,1
900,2024-03-29 16:55:00,2024-03-29 17:05:34,12,7,1.01,5.5,2.0,1
901,2024-03-15 17:02:00,2024-03-15 17:34:11,4,20,1.4,6.58,3.0,1
902,2024-03-22 00:31:40,2024-03-22 00:15:00,8,14,6.53,23.8,2.0,2
903,2024-03-20 15:27:00,2024-03-20 16:05:48,16,5,10.51,30.77,1.0,1
904,2024-03-04 21:44:00,2024-03-04 21:45:00,12,13,7.61,20.69,4.0,1
905,2024-03-05 04:21:00,2024-03-05 05:04:07,2,12,7.55,26.35,1.0,1
906,2024-03-17 20:11:00,2024-03-17 20:45:11,13,20,5.24,15.65,2.0,1
907,2024-03-20 01:33:00,2024-03-20 01:42:10,5,18,2.69,9.79,1.0,1
908,2024-03-29 23:23:00,2024-03-29 23:36:56,9,16,6.72,23.0,2.0,1
909,2024-03-25 18:50:00,2024-03-25 19:24:44,12,4,5.2,15.83,1.0,1
910,2024-03-30 05:00:00,2024-03-30 05:42:22,12,14,5.91,19.77,1.0,2
911,2024-03-03 13:19:00,2024-03-03 13:26:42,16,12,0.6,4.54,1.0,3
912,2024-03-05 16:44:00,2024-03-05 17:06:06,17,16,2.78,10.32,1.0,1
913,2024-03-23 00:08:00,2024-03-23 00:35:28,13,14,0.5,4.13,1.0,1
914,2024-03-04 10:40:00,2024-03-04 11:03:24,19,10,5.37,15.43,1.0,2
915,2024-03-22 20:17:00,2024-03-22 20:22:12,20,10,0.37,3.95,2.0,2
916,2024-03-03 10:55:00,2024-03-03 11:01:40,18,2,5.11,14.96,1.0,1
917,2024-03-19 10:42:00,2024-03-19 11:20:13,14,8,4.39,14.01,1.0,1
918,2024-03-06 17:52:00,2024-03-06 18:13:53,16,16,2.34,9.49,3.0,1
919,2024-03-15 02:13:00,2024-03-15 02:28:24,5,11,0.48,4.49,2.0,1
920,2024-03-12 05:51:00,2024-03-12 06:12:46,6,13,4.65,17.57,2.0,1
921,2024-03-24 07:53:00,2024-03-24 08:18:32,18,10,6.75,18.13,1.0,2
922,2024-03-18 11:58:00,2024-03-18 12:11:31,6,3,1.06,5.89,2.0,1
923,2024-03-02 09:19:00,2024-03-02 09:26:48,12,7,1.85,8.39,3.0,1
924,2024-03-25 09:36:00,2024-03-25 10:06:14,17,7,9.4,28.86,1.0,2
925,2024-03-20 03:44:00,2024-03-20 04:02:58,4,5,4.02,15.61,1.0,1
926,2024-03-06 23:41:00,2024-03-07 00:08:39,18,8,1.42,6.58,1.0,1
927,2024-03-25 16:57:00,2024-03-25 17:07:42,5,2,2.84,10.45,1.0,1
928,2024-03-17 07:05:00,2024-03-17 07:10:22,5,17,2.65,9.16,3.0,1
929,2024-03-30 06:25:00,2024-03-30 06:43:01,17,11,4.47,17.12,2.0,1
930,2024-03-06 22:36:00,2024-03-06 22:42:08,3,5,1.17,5.66,1.0,1
931,2024-03-01 05:06:00,2024-03-01 05:16:51,9,13,1.9,9.07,1.0,3
932,2024-03-05 14:55:00,2024-03-05 15:20:00,3,17,8.47,26.71,1.0,1
933,2024-03-18 07:45:00,2024-03-18 08:05:40,3,19,3.11,11.58,2.0,1
934,2024-03-30 14:07:00,2024-03-30 14:16:49,4,1,0.0,3.98,1.0,1
935,2024-03-26 08:53:00,2024-03-26 09:09:04,3,10,1.7,8.03,1.0,2
936,2024-03-27 14:31:00,2024-03-27 14:42:19,3,15,2.65,9.71,1.0,2
937,2024-03-23 20:46:00,2024-03-23 20:52:27,15,15,0.7,4.58,1.0,2
938,2024-03-06 00:57:00,2024-03-06 01:09:29,3,10,3.83,13.16,1.0,1
939,2024-03-18 17:51:00,2024-03-18 18:00:04,8,5,3.41,11.58,1.0,2
940,2024-03-20 22:07:00,2024-03-20 22:45:16,6,16,1.17,6.21,1.0,1
941,2024-03-12 15:00:00,2024-03-12 15:34:34,13,13,4.4,14.45,1.0,1
942,2024-03-31 18:28:00,2024-03-31 19:07:23,1,4,5.74,18.75,1.0,2
943,2024-03-23 01:30:00,2024-03-23 02:09:15,5,6,2.59,9.72,1.0,2
944,2024-03-11 14:16:00,2024-03-11 14:58:05,20,18,2.33,10.33,1.0,1
945,2024-03-06 21:03:00,2024-03-06 22:10:13,14,6,0.8,5.37,1.0,2
946,2024-03-19 16:46:00,2024-03-19 16:57:54,6,2,8.07,22.45,1.0,1
947,2024-03-17 02:11:00,2024-03-17 02:21:10,1,16,2.52,9.17,1.0,1
948,2024-03-19 02:18:00,2024-03-19 02:48:13,12,8,2.18,9.53,2.0,2
949,2024-03-20 18:17:00,2024-03-20 18:35:57,15,2,2.1,8.22,1.0,2
950,2024-03-05 04:47:00,2024-03-05 05:20:50,15,12,9.53,24.74,2.0,1
951,2024-03-27 09:17:00,2024-03-27 09:23:56,13,10,4.68,17.4,2.0,1
952,2024-03-28 21:08:00,2024-03-28 21:47:57,16,19,1.37,6.03,1.0,1
953,2024-03-27 03:14:00,2024-03-27 03:52:36,6,12,1.25,6.04,1.0,1
954,2024-03-03 17:52:00,2024-03-03 18:01:45,6,13,4.2,15.46,1.0,1
955,2024-03-11 06:57:00,2024-03-11 07:08:40,20,2,4.02,12.98,2.0,1
956,2024-03-05 18:00:00,2024-03-05 18:13:36,16,16,1.03,5.49,1.0,1
957,2024-03-17 06:57:00,2024-03-17 07:02:48,4,8,2.74,9.4,1.0,1
958,2024-03-19 11:59:00,2024-03-19 12:12:05,18,10,1.89,8.8,1.0,1
959,2024-03-04 05:23:00,2024-03-04 05:46:26,13,16,6.6,23.63,3.0,1
960,2024-03-02 02:47:00,2024-03-02 03:01:21,1,9,1.74,7.96,,1
961,2024-03-04 02:33:00,2024-03-04 02:39:38,17,14,4.77,17.77,1.0,1
962,2024-03-30 21:03:00,2024-03-30 21:06:23,5,17,0.7,4.65,2.0,1
963,2024-03-10 12:17:00,2024-03-10 12:45:49,17,5,10.69,36.68,4.0,3
964,2024-03-06 14:38:00,2024-03-06 14:46:17,18,17,0.59,4.62,1.0,1
965,2024-03-20 20:58:00,2024-03-20 21:24:08,15,7,0.74,4.82,1.0,2
966,2024-03-10 22:45:00,2024-03-10 23:12:16,20,13,5.24,19.7,3.0,1
967,2024-03-06 17:46:00,2024-03-06 17:59:53,19,4,9.43,24.06,1.0,1
968,2024-03-22 14:14:00,2024-03-22 14:20:49,1,3,0.68,5.06,1.0,1
969,2024-03-06 12:45:00,2024-03-06 13:10:10,20,8,0.79,5.37,2.0,1
970,2024-03-20 09:15:00,2024-03-20 09:16:04,15,18,4.21,16.02,1.0,2
971,2024-03-28 01:36:00,2024-03-28 01:49:25,16,6,1.72,8.07,1.0,1
972,2024-03-18 00:44:00,2024-03-18 00:55:12,16,18,0.85,5.31,1.0,1
973,2024-03-01 03:56:00,2024-03-01 04:35:34,4,19,2.88,10.38,2.0,1
974,2024-03-05 17:42:00,2024-03-05 18:09:54,17,5,5.5,15.68,4.0,1
975,2024-03-18 12:08:00,2024-03-18 12:21:25,3,19,4.6,17.36,1.0,1
976,2024-03-19 00:16:00,2024-03-19 00:29:33,10,3,1.75,7.03,1.0,2
977,2024-03-02 05:00:00,2024-03-02 05:35:00,6,2,3.66,13.49,1.0,1
978,2024-03-05 04:07:00,2024-03-05 04:26:22,7,3,8.84,25.75,3.0,2
979,2024-03-13 02:43:00,2024-03-13 02:55:44,13,4,4.42,14.75,1.0,1
980,2024-03-29 05:02:00,2024-03-29 05:08:19,14,20,1.49,7.36,1.0,1
981,2024-03-27 07:30:00,2024-03-27 08:37:39,14,3,1.09,6.31,4.0,1
982,2024-03-26 02:25:00,2024-03-26 02:30:45,15,1,2.97,9.88,1.0,1
983,2024-03-21 08:19:00,2024-03-21 08:32:48,10,14,1.65,6.63,1.0,1
984,2024-03-02 20:56:00,2024-03-02 21:28:04,7,4,0.97,5.14,,1
985,2024-03-26 06:05:00,2024-03-26 06:17:19,8,6,7.2,20.02,1.0,1
986,2024-03-11 13:23:00,2024-03-11 13:39:12,11,5,2.27,9.69,1.0,1
987,2024-03-04 19:46:00,2024-03-04 20:29:33,13,9,3.7,13.67,2.0,2
988,2024-03-04 17:21:00,2024-03-04 17:48:12,1,17,7.43,21.34,1.0,1
989,2024-03-14 07:52:00,2024-03-14 08:06:27,20,7,6.21,21.75,1.0,1
990,2024-03-13 10:25:00,2024-03-13 10:52:14,14,7,1.32,6.6,1.0,1
991,2024-03-19 03:07:00,2024-03-19 03:16:08,20,9,0.8,5.49,1.0,1
992,2024-03-21 15:22:00,2024-03-21 15:24:58,1,5,3.76,13.12,2.0,1
993,2024-03-23 12:19:00,2024-03-23 12:58:18,13,4,0.35,3.88,1.0,1
994,2024-03-01 18:00:00,2024-03-01 18:11:30,12,3,1.71,8.4,1.0,1
995,2024-03-24 14:59:00,2024-03-24 15:23:45,19,18,4.35,16.91,4.0,1
996,2024-03-08 19:59:00,2024-03-08 20:19:25,16,9,4.47,13.07,1.0,2
997,2024-03-18 07:11:00,2024-03-18 07:51:56,19,18,1.56,7.74,1.0,1
998,2024-03-11 15:04:00,2024-03-11 15:23:25,8,13,2.89,10.75,1.0,1
999,2024-03-22 07:32:00,2024-03-22 07:40:44,14,5,4.54,16.14,1.0,1
1000,2024-03-03 08:44:00,2024-03-03 08:59:26,13,11,1.46,7.06,1.0,2
1001,2024-03-15 07:57:00,2024-03-15 08:20:44,20,7,5.2,17.93,2.0,1
1002,2024-03-01 05:03:00,2024-03-01 05:13:22,9,9,3.18,12.32,0.0,1
1003,2024-03-27 10:11:00,2024-03-27 10:18:41,17,16,3.29,12.31,1.0,1
1004,2024-03-31 13:06:00,2024-03-31 13:19:55,16,13,1.83,7.69,3.0,2
1005,2024-03-19 05:59:00,2024-03-19 06:07:23,16,4,0.8,5.29,1.0,2
1006,2024-03-03 05:19:00,2024-03-03 05:43:00,16,13,2.41,9.8,1.0,1
1007,2024-03-12 07:07:00,2024-03-12 07:28:43,2,15,1.09,5.69,1.0,2
1008,2024-03-16 01:22:00,2024-03-16 01:29:05,5,9,1.48,7.37,2.0,1
1009,2024-03-01 05:37:00,2024-03-01 05:46:48,7,2,14.04,41.84,2.0,2
1010,2024-03-20 18:44:00,2024-03-20 18:50:46,2,3,6.08,20.93,2.0,1
1011,2024-03-25 20:37:00,2024-03-25 20:55:06,19,16,0.68,-5.0,3.0,1
1012,2024-03-27 15:41:00,2024-03-27 16:16:45,6,17,1.67,8.25,1.0,2
1013,2024-03-07 07:51:00,2024-03-07 08:03:25,16,14,0.56,4.64,1.0,2
1014,2024-03-27 10:06:00,2024-03-27 10:16:45,17,8,2.33,9.91,2.0,1
1015,2024-03-16 02:50:00,2024-03-16 03:12:32,8,7,7.02,25.24,1.0,2
1016,2024-03-25 01:58:00,2024-03-25 01:59:35,2,13,3.34,10.36,4.0,2
1017,2024-03-08 04:26:00,2024-03-08 04:51:48,14,8,3.82,15.19,,1
1018,2024-03-06 19:51:00,2024-03-06 20:10:36,5,20,2.78,11.58,1.0,1
1019,2024-03-09 00:33:00,2024-03-09 00:45:59,18,8,3.77,13.33,2.0,2
1020,2024-03-28 20:28:00,2024-03-28 20:38:14,5,6,5.72,20.69,3.0,1
1021,2024-03-13 16:21:00,2024-03-13 16:47:26,16,15,10.56,28.97,3.0,2
1022,2024-03-21 16:30:00,2024-03-21 16:50:01,8,7,7.14,24.11,1.0,1
1023,2024-03-03 05:15:00,2024-03-03 05:41:02,2,8,0.56,4.38,1.0,3
1024,2024-03-09 00:56:00,2024-03-09 01:05:22,14,17,0.25,3.71,1.0,1
1025,2024-03-16 02:05:00,2024-03-16 02:17:26,8,2,1.19,5.74,1.0,1
1026,2024-03-31 10:31:00,2024-03-31 10:45:47,9,4,1.24,5.87,1.0,1
1027,2024-03-11 06:16:00,2024-03-11 07:06:58,5,12,4.89,13.92,1.0,1
1028,2024-03-11 12:03:00,2024-03-11 12:53:23,15,6,2.88,10.47,2.0,1
1029,2024-03-08 14:47:00,2024-03-08 15:27:00,20,7,0.66,5.05,2.0,2
1030,2024-03-12 01:54:00,2024-03-12 02:04:26,19,9,0.4,4.07,1.0,1
1031,2024-03-08 05:57:00,2024-03-08 06:03:26,2,19,2.95,10.87,1.0,1
1032,2024-03-28 08:09:00,2024-03-28 08:41:14,9,13,7.06,24.52,2.0,1
1033,2024-03-06 22:39:00,2024-03-06 22:43:19,19,19,1.63,7.8,4.0,2
1034,2024-03-22 18:15:00,2024-03-22 18:33:09,20,17,1.2,6.57,1.0,1
1035,2024-03-11 00:07:00,2024-03-11 00:17:07,10,3,2.71,10.88,1.0,1
1036,2024-03-19 06:04:00,2024-03-19 06:54:01,20,20,1.82,8.1,1.0,1
1037,2024-03-21 07:35:00,2024-03-21 08:34:15,1,7,6.81,23.24,1.0,1
1038,2024-03-08 18:04:00,2024-03-08 18:17:36,13,9,6.13,17.27,2.0,1
1039,2024-03-21 23:13:00,2024-03-21 23:19:49,11,17,3.16,12.79,1.0,1
1040,2024-03-31 10:46:00,2024-03-31 11:08:46,12,10,3.56,14.22,3.0,2
1041,2024-03-26 21:45:00,2024-03-26 22:02:23,16,15,2.59,10.84,1.0,1
1042,2024-03-08 03:05:00,2024-03-08 03:31:39,6,11,1.22,5.86,1.0,1
1043,2024-03-17 21:31:00,2024-03-17 21:44:13,15,11,3.9,12.18,1.0,2
1044,2024-03-15 21:22:00,2024-03-15 21:45:00,13,12,3.13,10.03,1.0,3
1045,2024-03-30 20:56:00,2024-03-30 21:06:38,1,13,1.85,7.87,1.0,1
1046,2024-03-28 10:21:00,2024-03-28 10:25:46,2,19,3.75,13.54,1.0,1
1047,2024-03-17 23:10:00,2024-03-17 23:18:03,8,14,6.23,22.15,1.0,1
1048,2024-03-12 23:43:00,2024-03-12 23:56:05,6,8,1.51,6.99,1.0,1
1049,2024-03-16 14:27:00,2024-03-16 14:46:02,10,14,1.59,7.12,1.0,1
1050,2024-03-09 02:23:00,2024-03-09 02:39:38,15,3,4.56,15.14,4.0,1
1051,2024-03-24 13:48:00,2024-03-24 14:00:15,16,12,3.6,12.17,1.0,2
1052,2024-03-26 14:28:00,2024-03-26 14:56:22,8,1,2.41,10.33,1.0,3
1053,2024-03-26 22:47:00,2024-03-26 23:24:16,8,15,0.89,5.46,1.0,2
1054,2024-03-10 05:26:00,2024-03-10 06:09:22,15,4,1.35,7.08,1.0,1
1055,2024-03-09 11:14:00,2024-03-09 11:20:15,11,7,7.84,22.55,1.0,1
1056,2024-03-19 20:20:00,2024-03-19 20:33:27,16,6,6.15,19.2,1.0,1
1057,2024-03-13 06:29:00,2024-03-13 06:56:15,18,12,5.04,17.49,1.0,3
1058,2024-03-26 16:12:00,2024-03-26 16:18:12,13,9,0.87,5.04,1.0,1
1059,2024-03-13 00:36:00,2024-03-13 00:42:11,2,14,1.91,7.88,2.0,1
1060,2024-03-05 09:18:00,2024-03-05 09:23:46,19,16,1.05,6.26,1.0,1
1061,2024-03-08 05:06:00,2024-03-08 05:29:52,8,10,1.72,7.84,1.0,2
1062,2024-03-16 15:40:00,2024-03-16 15:43:21,13,8,1.71,7.05,1.0,1
1063,2024-03-29 18:05:00,2024-03-29 18:15:55,16,17,5.4,17.33,1.0,1
1064,2024-03-06 00:40:00,2024-03-06 00:48:47,8,15,0.86,5.63,1.0,1
1065,2024-03-28 09:41:00,2024-03-28 09:46:07,6,6,2.91,10.71,2.0,2
1066,2024-03-22 23:13:00,2024-03-22 23:26:30,5,6,0.67,4.54,1.0,2
1067,2024-03-13 10:23:00,2024-03-13 11:12:58,19,13,3.3,13.41,2.0,1
1068,2024-03-16 12:13:00,2024-03-16 12:30:17,18,20,1.61,7.7,1.0,1
1069,2024-03-26 00:25:00,2024-03-26 00:42:33,16,2,2.96,11.12,1.0,1
1070,2024-03-05 11:17:00,2024-03-05 11:32:04,6,20,1.41,7.03,2.0,1
1071,2024-03-07 16:43:00,2024-03-07 16:49:50,6,3,12.35,34.16,1.0,2
1072,2024-03-02 05:26:00,2024-03-02 05:30:14,20,4,9.41,28.36,1.0,1
1073,2024-03-20 01:43:00,2024-03-20 02:20:03,14,15,4.15,13.82,1.0,1
1074,2024-03-29 07:18:00,2024-03-29 07:23:25,4,20,1.63,7.21,1.0,1
1075,2024-03-04 20:18:00,2024-03-04 20:38:19,12,18,4.77,18.07,1.0,1
1076,2024-03-19 19:26:00,2024-03-19 19:29:24,9,4,0.68,4.8,2.0,1
1077,2024-03-03 08:32:00,2024-03-03 08:36:02,12,19,0.48,4.19,1.0,1
1078,2024-03-13 02:02:00,2024-03-13 02:15:49,20,15,3.41,11.8,3.0,1
1079,2024-03-25 21:45:00,2024-03-25 22:03:55,9,7,3.9,13.59,,1
1080,2024-03-16 02:31:00,2024-03-16 02:57:32,7,11,1.04,6.05,1.0,2
1081,2024-03-18 03:07:00,2024-03-18 03:11:55,17,17,3.68,14.62,1.0,1
1082,2024-03-29 23:35:00,2024-03-30 00:01:35,12,14,1.17,5.81,2.0,1
1083,2024-03-20 07:45:00,2024-03-20 07:58:01,18,15,1.62,7.74,1.0,1
1084,2024-03-18 05:25:00,2024-03-18 05:33:07,1,10,0.82,5.11,3.0,1
1085,2024-03-03 04:25:00,2024-03-03 04:49:33,7,9,1.83,7.98,4.0,1
1086,2024-03-20 19:39:00,2024-03-20 19:58:30,17,5,1.89,8.63,1.0,1
1087,2024-03-14 11:38:00,2024-03-14 11:46:12,7,16,4.45,15.37,2.0,1
1088,2024-03-02 22:48:00,2024-03-02 23:15:55,14,19,1.14,5.83,2.0,1
1089,2024-03-24 09:56:00,2024-03-24 10:03:08,16,5,1.23,6.88,1.0,1
1090,2024-03-08 23:07:00,2024-03-08 23:18:32,14,2,3.97,12.38,1.0,1
1091,2024-03-06 10:10:00,2024-03-06 10:15:40,10,9,0.69,4.68,2.0,1
1092,2024-03-24 05:27:00,2024-03-24 05:40:14,17,6,2.32,8.9,2.0,1
1093,2024-03-31 22:34:00,2024-03-31 22:46:12,3,3,1.75,7.9,1.0,2
1094,2024-03-23 17:25:00,2024-03-23 17:41:46,4,18,3.8,14.11,1.0,1
1095,2024-03-18 10:27:00,2024-03-18 10:47:00,19,14,1.42,7.44,2.0,1
1096,2024-03-14 03:46:00,2024-03-14 04:01:40,15,20,3.95,13.93,1.0,1
1097,2024-03-09 18:47:00,2024-03-09 19:18:40,18,18,2.49,10.62,1.0,2
1098,2024-03-27 20:29:00,2024-03-27 20:43:19,5,17,8.61,25.81,1.0,2
1099,2024-03-13 02:43:00,2024-03-13 03:03:17,18,19,6.04,16.95,1.0,1
1100,2024-03-23 17:35:00,2024-03-23 17:36:05,10,5,3.66,13.19,1.0,1
1101,2024-03-10 07:14:00,2024-03-10 07:25:28,6,16,5.86,18.46,1.0,1
1102,2024-03-05 05:54:00,2024-03-05 06:05:36,2,19,2.96,9.76,2.0,1
1103,2024-03-14 07:39:00,2024-03-14 07:49:44,20,4,2.07,8.78,2.0,1
1104,2024-03-25 21:24:00,2024-03-25 21:44:40,8,18,1.08,5.58,1.0,1
1105,2024-03-03 07:07:00,2024-03-03 07:21:51,18,12,1.11,6.25,1.0,1
1106,2024-03-12 20:03:00,2024-03-12 20:25:16,3,8,1.82,8.58,2.0,1
1107,2024-03-18 20:47:00,2024-03-18 20:51:15,10,14,2.11,7.71,1.0,1
1108,2024-03-19 21:42:00,2024-03-19 21:47:17,11,20,0.81,5.52,1.0,1
1109,2024-03-29 16:10:00,2024-03-29 16:21:37,2,11,0.92,5.4,2.0,2
1110,2024-03-22 12:47:00,2024-03-22 13:05:03,19,17,0.95,5.47,3.0,1
1111,2024-03-20 14:55:00,2024-03-20 15:06:19,12,8,4.47,16.22,1.0,2
1112,2024-03-14 08:30:00,2024-03-14 09:02:38,8,15,6.26,19.77,2.0,2
1113,2024-03-24 05:24:00,2024-03-24 05:44:28,11,15,0.54,4.5,1.0,1
1114,2024-03-01 18:30:00,2024-03-01 18:49:37,15,7,4.62,16.27,4.0,2
1115,2024-03-17 12:38:00,2024-03-17 12:41:56,4,20,2.88,11.9,1.0,1
1116,2024-03-18 00:34:00,2024-03-18 01:36:05,1,7,0.69,5.1,1.0,1
1117,2024-03-15 03:33:00,2024-03-15 03:45:12,10,20,1.84,7.19,4.0,1
1118,2024-03-27 10:36:00,2024-03-27 10:42:56,8,1,6.79,20.56,1.0,1
1119,2024-03-13 10:04:00,2024-03-13 10:35:46,8,5,2.92,10.73,1.0,1
1120,2024-03-14 01:02:00,2024-03-14 01:09:08,6,2,1.18,6.35,1.0,1
1121,2024-03-01 21:40:00,2024-03-01 21:52:27,9,7,4.47,15.2,1.0,1
1122,2024-03-18 01:15:00,2024-03-18 01:27:47,3,2,0.89,5.36,1.0,1
1123,2024-03-16 17:11:00,2024-03-16 17:42:48,20,14,4.87,14.74,1.0,2
1124,2024-03-20 16:29:00,2024-03-20 16:47:02,18,1,2.51,10.12,1.0,1
1125,2024-03-27 12:16:00,2024-03-27 12:30:15,13,5,1.83,8.73,1.0,1
1126,2024-03-05 11:30:00,2024-03-05 11:41:45,14,6,2.87,11.15,3.0,1
1127,2024-03-28 22:25:00,2024-03-28 22:31:12,10,6,0.89,5.1,1.0,2
1128,2024-03-07 02:56:00,2024-03-07 03:01:57,16,20,3.46,13.31,2.0,2
1129,2024-03-05 02:26:00,2024-03-05 02:35:47,16,15,4.98,17.27,1.0,2
1130,2024-03-08 18:42:00,2024-03-08 18:49:52,15,1,5.81,16.99,1.0,2
1131,2024-03-03 03:21:00,2024-03-03 04:14:24,14,19,6.55,19.2,1.0,1
1132,2024-03-07 16:52:00,2024-03-07 16:53:47,9,12,5.84,18.97,3.0,1
1133,2024-03-29 12:51:00,2024-03-29 12:57:30,15,18,3.36,11.48,1.0,1
1134,2024-03-25 03:24:00,2024-03-25 03:46:24,16,12,4.33,14.41,1.0,2
1135,2024-03-24 05:51:00,2024-03-24 06:00:54,17,18,4.3,14.31,1.0,1
1136,2024-03-06 00:22:00,2024-03-06 01:06:58,17,1,1.54,7.07,2.0,1
1137,2024-03-05 05:14:00,2024-03-05 05:24:09,6,3,2.79,10.65,1.0,1
1138,2024-03-16 09:12:00,2024-03-16 09:24:01,14,6,0.85,5.28,1.0,1
1139,2024-03-09 12:30:00,2024-03-09 12:45:33,8,5,3.3,12.15,1.0,1
1140,2024-03-30 18:24:00,2024-03-30 18:25:40,5,16,4.02,12.69,1.0,1
1141,2024-03-22 11:58:00,2024-03-22 12:24:05,3,15,4.6,17.11,1.0,1
1142,2024-03-09 06:05:00,2024-03-09 06:25:50,20,18,1.31,6.18,1.0,1
1143,2024-03-17 00:51:00,2024-03-17 01:15:38,9,9,7.72,25.62,1.0,1
1144,2024-03-22 06:32:00,2024-03-22 06:34:26,14,20,1.05,6.07,1.0,1
1145,2024-03-01 16:27:00,2024-03-01 16:38:08,8,9,3.05,11.12,4.0,2
1146,2024-03-16 17:20:00,2024-03-16 17:27:11,5,9,3.52,13.77,1.0,2
1147,2024-03-04 17:22:00,2024-03-04 17:28:11,4,1,2.37,10.2,1.0,1
1148,2024-03-21 09:21:00,2024-03-21 09:25:51,12,16,2.41,10.5,2.0,2
1149,2024-03-01 03:31:00,2024-03-01 03:36:58,10,17,2.63,10.36,2.0,3
1150,2024-03-10 17:22:00,2024-03-10 17:40:56,4,15,1.9,7.25,1.0,1
1151,2024-03-01 06:26:00,2024-03-01 06:52:38,18,16,1.19,6.03,3.0,1
1152,2024-03-11 03:53:00,2024-03-11 03:58:38,18,12,2.29,10.05,2.0,1
1153,2024-03-05 10:56:00,2024-03-05 11:09:04,2,19,2.58,9.48,1.0,1
1154,2024-03-17 16:09:00,2024-03-17 16:42:03,20,13,7.48,25.16,1.0,2
1155,2024-03-06 21:26:00,2024-03-06 21:56:13,9,7,2.41,9.73,1.0,2
1156,2024-03-28 00:41:00,2024-03-28 00:53:38,7,9,1.11,5.92,1.0,1
1157,2024-03-03 16:11:00,2024-03-03 16:59:41,8,1,3.28,11.95,2.0,1
1158,2024-03-28 21:46:00,2024-03-28 22:00:51,1,15,2.2,10.0,1.0,1
1159,2024-03-11 23:11:00,2024-03-11 23:28:39,3,13,3.33,11.06,1.0,1
1160,2024-03-05 19:03:00,2024-03-05 19:23:27,20,14,0.95,6.02,1.0,1
1161,2024-03-04 08:30:00,2024-03-04 08:47:10,13,10,0.95,5.37,3.0,1
1162,2024-03-11 19:22:00,2024-03-11 19:28:48,15,4,4.04,13.15,2.0,1
1163,2024-03-30 16:13:00,2024-03-30 16:28:53,20,18,1.38,6.37,1.0,2
1164,2024-03-13 04:25:00,2024-03-13 04:43:27,17,11,2.48,9.6,1.0,1
1165,2024-03-09 23:42:00,2024-03-10 00:04:25,6,19,1.83,7.1,1.0,1
1166,2024-03-20 06:37:00,2024-03-20 06:43:20,13,16,1.1,6.36,1.0,1
1167,2024-03-21 00:33:00,2024-03-21 00:44:21,17,12,0.65,4.82,4.0,1
1168,2024-03-02 19:49:00,2024-03-02 19:54:05,20,4,2.14,9.64,1.0,1
1169,2024-03-17 08:43:00,2024-03-17 08:49:21,7,9,3.41,12.36,4.0,2
1170,2024-03-18 14:37:00,2024-03-18 14:40:20,9,19,2.96,10.44,1.0,1
1171,2024-03-07 06:54:00,2024-03-07 07:30:14,14,7,2.11,8.68,1.0,2
1172,2024-03-23 18:46:00,2024-03-23 18:48:26,5,3,4.25,12.45,1.0,1
1173,2024-03-03 04:30:29,2024-03-03 04:03:00,15,17,1.93,9.11,1.0,2
1174,2024-03-04 07:59:00,2024-03-04 08:14:51,8,9,6.88,22.66,1.0,2
1175,2024-03-11 01:37:00,2024-03-11 02:00:33,3,6,3.4,10.92,1.0,2
1176,2024-03-01 07:05:00,2024-03-01 07:18:05,4,7,2.53,9.97,1.0,1
1177,2024-03-09 23:37:00,2024-03-09 23:50:59,11,6,7.57,26.68,3.0,1
1178,2024-03-18 07:56:00,2024-03-18 08:16:40,8,11,4.69,13.89,2.0,2
1179,2024-03-25 05:29:00,2024-03-25 05:41:00,14,13,1.4,7.22,1.0,1
1180,2024-03-27 22:25:00,2024-03-27 22:35:45,12,9,7.16,22.01,2.0,1
1181,2024-03-02 16:27:00,2024-03-02 16:56:17,9,1,0.36,3.8,1.0,3
1182,2024-03-10 22:39:00,2024-03-10 23:07:46,9,20,0.59,4.4,1.0,1
1183,2024-03-25 04:10:00,2024-03-25 04:18:16,16,5,2.55,10.28,1.0,2
1184,2024-03-09 04:35:00,2024-03-09 04:42:12,12,3,0.86,5.68,1.0,1
1185,2024-03-19 05:41:00,2024-03-19 06:32:04,1,2,4.36,15.19,1.0,1
1186,2024-03-27 19:46:00,2024-03-27 20:05:29,2,5,1.45,6.77,1.0,1
1187,2024-03-09 08:57:00,2024-03-09 09:23:31,10,1,4.64,17.74,1.0,1
1188,2024-03-03 22:57:00,2024-03-03 23:10:56,19,17,1.57,7.78,3.0,1
1189,2024-03-02 08:51:00,2024-03-02 09:18:06,7,9,2.85,11.37,1.0,1
1190,2024-03-30 14:41:00,2024-03-30 14:47:04,16,3,1.33,7.09,1.0,1
1191,2024-03-28 20:10:00,2024-03-28 20:25:22,5,20,2.12,9.77,1.0,1
1192,2024-03-05 13:13:00,2024-03-05 13:23:36,5,12,1.46,7.25,2.0,2
1193,2024-03-09 11:39:00,2024-03-09 11:45:02,3,1,1.9,8.46,2.0,2
1194,2024-03-12 06:38:00,2024-03-12 06:41:39,6,19,1.44,7.14,2.0,1
1195,2024-03-09 12:39:00,2024-03-09 13:08:06,20,16,1.78,7.94,1.0,1
1196,2024-03-31 01:55:00,2024-03-31 02:03:46,7,14,6.77,19.86,1.0,1
1197,2024-03-17 19:50:00,2024-03-17 20:01:40,7,7,2.28,9.94,2.0,1
1198,2024-03-28 01:17:00,2024-03-28 01:56:17,20,15,5.08,19.17,1.0,2
1199,2024-03-07 00:29:00,2024-03-07 00:46:46,18,13,2.31,10.29,3.0,1
1200,2024-03-25 08:45:00,2024-03-25 09:07:49,13,1,4.28,12.47,2.0,2
1201,2024-03-20 07:19:00,2024-03-20 07:44:28,17,5,4.39,15.79,1.0,1
1202,2024-03-18 00:11:00,2024-03-18 00:38:43,13,4,8.87,26.88,1.0,1
1203,2024-03-21 06:18:00,2024-03-21 06:23:53,9,17,9.32,26.77,1.0,1
1204,2024-03-06 10:20:00,2024-03-06 10:27:27,13,12,3.37,10.62,4.0,1
1205,2024-03-11 20:34:00,2024-03-11 20:57:48,5,16,0.1,3.31,1.0,1
1206,2024-03-10 01:53:00,2024-03-10 02:00:15,4,13,4.21,13.24,1.0,2
1207,2024-03-22 17:20:00,2024-03-22 17:30:07,7,13,0.0,12.68,2.0,1
1208,2024-03-04 19:15:00,2024-03-04 19:46:08,20,20,4.19,13.38,1.0,2
1209,2024-03-04 20:23:00,2024-03-04 20:42:09,14,3,1.28,6.69,1.0,2
1210,2024-03-14 03:46:00,2024-03-14 03:56:49,5,1,3.32,13.33,4.0,1
1211,2024-03-28 03:43:00,2024-03-28 03:59:22,18,2,0.2,3.53,1.0,2
1212,2024-03-20 13:44:00,2024-03-20 14:20:35,9,8,2.91,12.07,1.0,1
1213,2024-03-29 06:31:00,2024-03-29 06:44:46,7,5,3.75,12.78,1.0,1
1214,2024-03-03 03:26:00,2024-03-03 03:40:11,5,1,3.53,13.07,1.0,2
1215,2024-03-16 18:15:00,2024-03-16 18:28:08,15,18,5.46,20.36,4.0,2
1216,2024-03-23 13:30:00,2024-03-23 13:42:46,16,12,3.6,12.12,2.0,1
1217,2024-03-21 10:42:00,2024-03-21 10:54:25,1,12,2.52,9.18,0.0,1
1218,2024-03-05 08:58:00,2024-03-05 09:09:57,7,11,5.16,15.43,1.0,1
1219,2024-03-03 18:10:00,2024-03-03 18:18:19,10,20,0.98,5.77,,2
1220,2024-03-05 20:06:00,2024-03-05 20:31:16,3,2,0.7,4.94,1.0,1
1221,2024-03-16 00:18:00,2024-03-16 00:28:01,19,7,1.35,6.41,1.0,3
1222,2024-03-01 20:50:00,2024-03-01 21:07:31,17,7,3.55,13.2,1.0,1
1223,2024-03-20 11:09:00,2024-03-20 11:36:32,6,19,0.66,4.82,1.0,1
1224,2024-03-30 12:50:00,2024-03-30 12:54:59,18,18,3.69,13.85,1.0,3
1225,2024-03-06 15:29:00,2024-03-06 15:55:41,20,15,1.81,7.76,1.0,2
1226,2024-03-12 07:25:00,2024-03-12 07:39:24,6,1,1.32,6.91,1.0,3
1227,2024-03-07 06:47:00,2024-03-07 06:50:14,4,10,2.88,9.94,2.0,1
1228,2024-03-19 05:14:00,2024-03-19 05:24:03,10,10,4.11,14.57,1.0,1
1229,2024-03-12 20:04:00,2024-03-12 20:16:28,6,17,0.66,4.98,2.0,1
1230,2024-03-11 18:14:00,2024-03-11 18:34:12,18,18,1.27,5.82,1.0,1
1231,2024-03-16 04:33:00,2024-03-16 04:59:08,5,20,9.97,31.05,2.0,1
1232,2024-03-11 15:33:00,2024-03-11 16:06:19,1,8,0.56,4.47,1.0,1
1233,2024-03-18 03:00:00,2024-03-18 03:16:29,1,20,5.22,18.2,2.0,1
1234,2024-03-28 23:02:00,2024-03-28 23:11:03,5,5,1.38,7.21,3.0,1
1235,2024-03-11 19:37:00,2024-03-11 19:52:01,13,9,3.84,15.21,2.0,1
1236,2024-03-15 21:51:00,2024-03-15 22:16:15,10,14,5.08,16.84,2.0,1
1237,2024-03-05 05:45:00,2024-03-05 05:56:47,3,17,1.48,6.54,1.0,1
1238,2024-03-21 20:11:00,2024-03-21 20:27:11,11,4,1.3,7.13,1.0,2
1239,2024-03-16 20:21:00,2024-03-16 21:03:03,9,4,3.05,10.01,1.0,2
1240,2024-03-05 20:07:00,2024-03-05 20:39:12,14,4,4.32,15.96,1.0,1
1241,2024-03-11 11:04:00,2024-03-11 11:18:24,1,10,3.29,12.8,1.0,1
1242,2024-03-04 18:41:00,2024-03-04 19:09:03,6,14,8.88,31.07,1.0,2
1243,2024-03-01 11:03:00,2024-03-01 11:25:25,7,12,2.98,11.74,1.0,2
1244,2024-03-16 01:45:00,2024-03-16 01:53:34,10,10,5.8,18.11,1.0,1
1245,2024-03-28 21:13:00,2024-03-28 21:27:34,12,2,1.54,6.84,1.0,2
1246,2024-03-23 21:19:00,2024-03-23 21:25:04,5,16,3.95,14.38,1.0,1
1247,2024-03-23 10:42:00,2024-03-23 10:49:25,8,8,4.97,18.73,2.0,2
1248,2024-03-20 10:30:00,2024-03-20 10:44:00,7,19,3.72,14.47,4.0,1
1249,2024-03-23 19:10:00,2024-03-23 19:14:46,1,1,1.11,5.84,2.0,2
1250,2024-03-16 17:21:00,2024-03-16 17:44:33,1,19,3.63,11.69,1.0,1
1251,2024-03-07 01:34:00,2024-03-07 01:43:56,9,20,4.03,13.74,2.0,1
1252,2024-03-11 20:24:00,2024-03-11 20:47:54,5,3,3.29,11.17,2.0,1
1253,2024-03-31 20:00:00,2024-03-31 20:11:48,15,6,3.61,10.99,2.0,1
1254,2024-03-07 01:52:00,2024-03-07 02:17:55,17,10,2.85,10.8,4.0,2
1255,2024-03-27 10:39:00,2024-03-27 10:54:51,3,1,0.97,5.35,2.0,1
1256,2024-03-06 16:17:00,2024-03-06 16:36:04,11,2,2.15,8.04,1.0,1
1257,2024-03-07 03:29:00,2024-03-07 03:48:32,1,10,2.56,9.83,1.0,1
1258,2024-03-29 01:36:00,2024-03-29 01:55:47,15,4,3.55,11.04,1.0,3
1259,2024-03-05 21:34:00,2024-03-05 22:02:25,9,1,1.59,6.75,1.0,2
1260,2024-03-12 02:30:00,2024-03-12 02:40:56,20,4,6.91,22.12,2.0,1
1261,2024-03-07 13:37:00,2024-03-07 13:49:51,1,19,4.0,13.52,1.0,1
1262,2024-03-26 02:51:00,2024-03-26 03:23:55,4,1,5.39,16.65,1.0,1
1263,2024-03-23 11:58:00,2024-03-23 12:31:05,20,16,6.8,20.57,1.0,1
1264,2024-03-20 03:09:00,2024-03-20 03:21:37,20,18,4.09,13.36,1.0,1
1265,2024-03-23 20:40:00,2024-03-23 21:02:38,2,16,4.12,12.14,1.0,3
1266,2024-03-05 22:02:00,2024-03-05 22:23:11,7,11,3.53,14.26,1.0,1
1267,2024-03-17 06:12:00,2024-03-17 06:23:39,5,4,3.4,11.64,1.0,1
1268,2024-03-28 15:45:00,2024-03-28 16:13:16,13,4,1.42,6.59,1.0,1
1269,2024-03-21 01:56:00,2024-03-21 02:01:12,5,13,3.38,12.56,1.0,1
1270,2024-03-07 18:32:00,2024-03-07 18:57:33,10,11,4.63,17.77,1.0,1
1271,2024-03-24 02:50:00,2024-03-24 02:51:00,14,20,1.56,7.49,2.0,2
1272,2024-03-09 07:17:00,2024-03-09 07:54:21,19,9,1.06,6.18,1.0,1
1273,2024-03-07 22:36:00,2024-03-07 22:53:47,20,3,1.29,7.01,2.0,1
1274,2024-03-03 18:15:00,2024-03-03 18:27:26,18,18,9.46,28.45,1.0,1
1275,2024-03-20 21:25:00,2024-03-20 21:45:18,4,4,9.4,28.16,1.0,2
1276,2024-03-23 00:39:00,2024-03-23 01:26:55,8,10,4.26,13.01,1.0,3
1277,2024-03-15 20:55:00,2024-03-15 21:11:47,10,4,6.64,23.86,1.0,1
1278,2024-03-14 14:45:00,2024-03-14 15:10:43,4,11,7.48,19.67,1.0,2
1279,2024-03-03 23:58:00,2024-03-04 00:19:36,14,17,5.29,19.81,1.0,1
1280,2024-03-13 06:44:00,2024-03-13 06:50:07,1,20,4.23,13.98,1.0,1
1281,2024-03-22 19:30:00,2024-03-22 19:36:12,11,20,0.5,4.47,2.0,1
1282,2024-03-30 04:26:00,2024-03-30 04:41:24,5,4,1.5,6.43,1.0,1
1283,2024-03-19 06:29:00,2024-03-19 06:40:43,17,4,1.86,8.74,1.0,2
1284,2024-03-07 11:38:00,2024-03-07 11:49:30,9,2,1.45,7.24,1.0,1
1285,2024-03-17 07:25:00,2024-03-17 08:12:00,1,10,0.6,4.38,2.0,1
1286,2024-03-10 21:22:00,2024-03-10 21:29:41,14,7,3.85,12.73,1.0,1
1287,2024-03-01 06:54:00,2024-03-01 07:03:32,5,4,2.75,11.35,1.0,1
1288,2024-03-19 02:00:00,2024-03-19 02:08:21,3,2,1.64,7.16,1.0,3
1289,2024-03-08 18:41:00,2024-03-08 19:00:32,8,14,7.22,22.82,1.0,1
1290,2024-03-27 05:20:00,2024-03-27 05:39:41,20,14,3.72,13.88,2.0,2
1291,2024-03-15 00:33:00,2024-03-15 00:53:33,19,12,3.48,12.79,2.0,1
1292,2024-03-22 18:56:00,2024-03-22 19:01:52,18,18,3.4,13.28,1.0,1
1293,2024-03-21 11:48:00,2024-03-21 12:22:12,1,15,1.86,8.25,1.0,1
1294,2024-03-05 13:50:00,2024-03-05 14:01:08,5,7,0.25,3.6,2.0,1
1295,2024-03-17 23:17:00,2024-03-17 23:25:27,13,14,9.47,29.14,1.0,1
1296,2024-03-22 19:35:00,2024-03-22 19:47:34,13,18,4.94,16.21,2.0,1
1297,2024-03-30 02:56:00,2024-03-30 03:13:32,16,17,2.6,9.81,1.0,1
1298,2024-03-26 10:51:00,2024-03-26 11:07:26,12,13,4.13,13.64,1.0,1
1299,2024-03-17 06:04:00,2024-03-17 06:12:14,10,17,5.37,16.97,1.0,1
1300,2024-03-28 10:16:00,2024-03-28 10:20:25,12,16,3.14,10.4,1.0,1
1301,2024-03-13 23:22:00,2024-03-14 00:01:12,11,17,2.83,9.81,2.0,1
1302,2024-03-08 17:57:00,2024-03-08 18:27:54,9,1,7.21,24.85,1.0,1
1303,2024-03-08 10:35:00,2024-03-08 10:43:32,4,8,9.3,28.53,1.0,2
1304,2024-03-18 09:18:00,2024-03-18 09:23:46,10,18,0.8,5.4,1.0,1
1305,2024-03-07 04:53:00,2024-03-07 04:58:36,5,15,0.43,4.12,1.0,1
1306,2024-03-05 05:34:00,2024-03-05 05:36:24,8,20,2.16,9.47,1.0,1
1307,2024-03-22 18:49:00,2024-03-22 19:10:30,6,15,1.37,6.54,1.0,1
1308,2024-03-15 03:56:00,2024-03-15 04:22:15,20,15,4.3,14.01,1.0,1
1309,2024-03-10 06:15:00,2024-03-10 06:28:44,5,12,3.21,10.29,1.0,1
1310,2024-03-13 08:28:00,2024-03-13 08:47:03,19,2,5.11,15.3,1.0,1
1311,2024-03-02 22:27:00,2024-03-02 22:50:52,17,10,2.0,7.63,1.0,1
1312,2024-03-15 07:01:00,2024-03-15 07:09:04,3,14,1.8,7.38,1.0,1
1313,2024-03-16 02:40:00,2024-03-16 03:01:49,17,2,6.72,22.02,1.0,1
1314,2024-03-25 07:50:00,2024-03-25 08:17:05,15,20,2.22,9.99,1.0,1
1315,2024-03-05 01:13:00,2024-03-05 01:36:21,20,10,2.65,10.45,2.0,1
1316,2024-03-11 06:21:00,2024-03-11 06:39:31,13,12,1.98,8.61,2.0,3
1317,2024-03-19 22:16:00,2024-03-19 22:26:54,20,18,3.56,13.49,1.0,1
1318,2024-03-09 12:42:00,2024-03-09 12:45:11,6,7,1.69,7.23,1.0,1
1319,2024-03-11 13:18:00,2024-03-11 13:27:43,11,20,1.47,6.89,1.0,3
1320,2024-03-29 17:11:00,2024-03-29 17:47:08,8,3,2.16,8.08,3.0,1
1321,2024-03-07 10:01:00,2024-03-07 10:19:05,13,4,1.27,6.52,1.0,2
1322,2024-03-05 10:16:00,2024-03-05 10:56:23,17,17,7.59,26.64,1.0,1
1323,2024-03-05 13:47:00,2024-03-05 14:26:48,15,14,5.05,15.92,1.0,1
1324,2024-03-28 02:42:00,2024-03-28 02:47:31,3,13,3.95,12.68,4.0,1
1325,2024-03-19 09:12:00,2024-03-19 09:50:51,10,1,1.19,6.52,1.0,1
1326,2024-03-25 17:54:00,2024-03-25 18:03:49,13,4,1.61,7.24,1.0,1
1327,2024-03-29 08:54:00,2024-03-29 09:17:02,7,20,0.95,5.6,1.0,1
1328,2024-03-16 00:55:00,2024-03-16 01:01:28,1,4,4.24,14.92,1.0,2
1329,2024-03-28 17:16:00,2024-03-28 17:25:06,15,20,4.37,14.1,4.0,2
1330,2024-03-29 14:49:00,2024-03-29 15:29:20,6,10,4.61,13.36,1.0,1
1331,2024-03-01 20:42:00,2024-03-01 20:55:05,7,19,2.38,9.5,1.0,1
1332,2024-03-17 15:59:00,2024-03-17 16:12:32,11,13,1.67,7.84,1.0,1
1333,2024-03-06 01:59:00,2024-03-06 02:07:25,14,6,5.09,17.01,4.0,1
1334,2024-03-04 23:04:00,2024-03-04 23:18:16,6,14,2.51,9.11,3.0,3
1335,2024-03-24 06:34:00,2024-03-24 06:40:12,15,2,0.68,4.54,1.0,1
1336,2024-03-06 11:14:00,2024-03-06 11:35:16,9,9,3.14,10.38,2.0,1
1337,2024-03-13 04:49:50,2024-03-13 04:25:00,8,10,0.34,4.03,1.0,2
1338,2024-03-08 17:45:00,2024-03-08 17:55:56,20,6,0.62,4.52,1.0,1
1339,2024-03-21 11:21:00,2024-03-21 11:28:51,17,7,5.49,16.93,1.0,2
1340,2024-03-05 03:43:00,2024-03-05 04:11:51,6,3,2.5,8.95,1.0,1
1341,2024-03-30 00:10:00,2024-03-30 00:20:15,11,10,1.77,7.95,2.0,1
1342,2024-03-10 16:27:00,2024-03-10 16:33:25,14,13,3.61,13.18,1.0,3
1343,2024-03-10 10:55:00,2024-03-10 11:17:07,14,9,7.46,26.45,2.0,1
1344,2024-03-16 03:34:00,2024-03-16 03:54:21,16,15,1.46,6.52,1.0,1
1345,2024-03-02 09:07:00,2024-03-02 09:19:10,19,2,0.33,3.79,1.0,1
1346,2024-03-29 18:00:00,2024-03-29 18:16:31,4,10,8.52,26.61,1.0,1
1347,2024-03-10 10:02:00,2024-03-10 10:26:12,17,1,3.17,10.95,1.0,1
1348,2024-03-11 17:16:00,2024-03-11 17:30:01,9,9,1.21,6.68,1.0,1
1349,2024-03-27 13:27:00,2024-03-27 13:30:05,13,20,0.7,4.89,3.0,1
1350,2024-03-29 23:42:00,2024-03-29 23:59:14,2,20,1.94,8.02,1.0,1
1351,2024-03-28 06:04:00,2024-03-28 06:28:53,17,8,6.09,21.18,1.0,1
1352,2024-03-05 21:36:00,2024-03-05 22:22:34,17,13,3.52,11.02,1.0,1
1353,2024-03-14 02:17:00,2024-03-14 02:18:32,10,17,0.94,5.12,1.0,1
1354,2024-03-14 10:17:00,2024-03-14 10:25:06,2,15,4.54,15.06,1.0,2
1355,2024-03-08 20:21:00,2024-03-08 20:24:25,15,13,1.32,7.07,2.0,1
1356,2024-03-14 13:21:00,2024-03-14 13:35:07,14,10,1.32,6.1,1.0,1
1357,2024-03-09 05:44:00,2024-03-09 06:23:49,9,13,1.65,7.27,1.0,1
1358,2024-03-13 07:05:00,2024-03-13 07:07:55,12,7,4.25,14.29,2.0,1
1359,2024-03-02 17:10:00,2024-03-02 17:46:31,1,8,1.57,7.32,1.0,1
1360,2024-03-18 15:32:00,2024-03-18 15:49:04,4,2,1.23,5.95,1.0,1
1361,2024-03-30 17:46:00,2024-03-30 18:18:54,4,18,1.34,5.99,1.0,1
1362,2024-03-02 02:47:00,2024-03-02 02:51:58,19,9,1.16,5.87,1.0,2
1363,2024-03-11 11:16:00,2024-03-11 11:33:21,8,15,4.57,14.9,2.0,2
1364,2024-03-13 05:21:00,2024-03-13 05:40:57,7,12,1.74,7.78,1.0,1
1365,2024-03-20 22:27:00,2024-03-20 22:42:04,19,9,4.84,16.31,1.0,1
1366,2024-03-04 18:43:00,2024-03-04 19:11:20,4,19,1.72,7.74,2.0,1
1367,2024-03-06 04:45:00,2024-03-06 04:56:08,18,11,0.5,4.32,1.0,2
1368,2024-03-07 21:58:00,2024-03-07 22:01:27,11,20,5.54,20.11,1.0,1
1369,2024-03-24 21:10:00,2024-03-24 21:23:59,9,5,2.13,9.18,2.0,1
1370,2024-03-19 10:58:00,2024-03-19 11:23:19,11,7,1.42,6.96,1.0,3
1371,2024-03-18 00:31:00,2024-03-18 00:46:17,12,8,2.52,10.89,1.0,1
1372,2024-03-14 07:55:00,2024-03-14 08:10:51,2,1,4.8,17.29,4.0,1
1373,2024-03-16 09:44:00,2024-03-16 10:02:46,6,1,3.37,11.62,1.0,1
1374,2024-03-08 06:48:00,2024-03-08 06:56:26,3,9,4.21,14.7,1.0,2
1375,2024-03-27 10:31:00,2024-03-27 10:38:35,17,20,1.3,6.82,1.0,1
1376,2024-03-30 22:50:00,2024-03-30 23:00:53,8,16,5.31,18.26,1.0,2
1377,2024-03-09 17:12:00,2024-03-09 17:29:55,10,11,3.6,13.98,2.0,1
1378,2024-03-20 07:00:00,2024-03-20 07:06:45,2,12,2.45,9.31,1.0,1
1379,2024-03-11 17:17:00,2024-03-11 17:23:27,16,11,4.33,14.93,2.0,1
1380,2024-03-28 12:05:00,2024-03-28 12:08:01,5,8,2.1,8.55,1.0,2
1381,2024-03-10 09:10:00,2024-03-10 10:00:50,13,14,2.17,8.98,1.0,1
1382,2024-03-22 19:05:00,2024-03-22 19:14:56,16,15,2.15,8.38,1.0,1
1383,2024-03-07 17:18:00,2024-03-07 17:34:25,5,15,3.65,14.5,1.0,2
1384,2024-03-03 19:54:00,2024-03-03 19:59:37,9,15,2.66,9.14,1.0,2
1385,2024-03-14 16:13:00,2024-03-14 16:57:49,20,18,0.96,5.41,1.0,2
1386,2024-03-24 17:03:00,2024-03-24 17:08:22,5,16,1.32,7.16,4.0,2
1387,2024-03-09 00:45:00,2024-03-09 01:10:01,13,4,0.8,5.39,2.0,1
1388,2024-03-20 15:57:00,2024-03-20 16:02:21,7,10,5.81,19.74,3.0,1
1389,2024-03-06 23:39:00,2024-03-07 00:02:35,1,11,1.25,6.1,1.0,1
1390,2024-03-09 14:22:00,2024-03-09 14:46:34,10,6,6.5,23.39,1.0,2
1391,2024-03-23 23:03:00,2024-03-23 23:17:45,1,11,1.31,7.05,1.0,2
1392,2024-03-11 16:16:00,2024-03-11 16:56:41,18,18,1.11,5.69,1.0,2
1393,2024-03-29 03:50:00,2024-03-29 04:14:02,12,20,1.79,-5.0,1.0,3
1394,2024-03-25 10:30:00,2024-03-25 10:47:59,15,12,4.8,17.85,1.0,2
1395,2024-03-21 10:33:00,2024-03-21 10:50:01,2,16,1.6,6.96,3.0,1
1396,2024-03-19 22:00:00,2024-03-19 22:02:25,4,9,1.26,6.6,1.0,1
1397,2024-03-23 11:59:00,2024-03-23 12:05:58,4,1,0.66,4.51,1.0,1
1398,2024-03-06 00:16:00,2024-03-06 00:38:20,18,7,1.35,7.3,4.0,1
1399,2024-03-08 17:35:00,2024-03-08 17:59:55,20,1,1.59,7.47,1.0,1
1400,2024-03-22 00:01:00,2024-03-22 00:23:59,8,13,0.49,4.23,2.0,1
1401,2024-03-13 10:33:00,2024-03-13 10:40:26,6,11,1.39,6.49,1.0,1
1402,2024-03-16 15:38:00,2024-03-16 16:36:46,8,5,3.46,12.21,1.0,2
1403,2024-03-22 09:51:00,2024-03-22 10:07:36,2,16,5.62,17.01,3.0,1
1404,2024-03-27 05:37:00,2024-03-27 06:02:36,8,3,4.54,16.8,1.0,2
1405,2024-03-16 22:31:00,2024-03-16 22:40:09,9,5,4.25,12.56,1.0,2
1406,2024-03-05 13:04:00,2024-03-05 13:47:47,18,10,2.47,8.55,1.0,1
1407,2024-03-02 00:20:00,2024-03-02 00:45:59,7,2,0.44,3.99,4.0,1
1408,2024-03-22 11:54:00,2024-03-22 12:26:18,1,13,3.71,12.06,3.0,1
1409,2024-03-29 15:13:00,2024-03-29 15:25:28,19,1,2.4,10.44,4.0,2
1410,2024-03-21 10:04:00,2024-03-21 10:11:39,11,1,3.08,10.9,1.0,2
1411,2024-03-17 10:01:00,2024-03-17 10:20:10,5,18,4.57,17.32,2.0,1
1412,2024-03-26 20:42:00,2024-03-26 21:10:28,11,14,4.83,15.53,1.0,1
1413,2024-03-02 07:05:00,2024-03-02 07:31:17,1,13,8.67,29.36,1.0,1
1414,2024-03-21 13:25:00,2024-03-21 13:46:27,10,8,5.12,18.96,1.0,2
1415,2024-03-28 11:01:00,2024-03-28 11:12:11,13,12,4.25,12.67,1.0,3
1416,2024-03-10 22:36:00,2024-03-10 22:39:20,7,2,4.76,14.48,3.0,2
1417,2024-03-08 04:52:00,2024-03-08 04:59:54,3,1,3.63,13.37,1.0,1
1418,2024-03-25 11:48:00,2024-03-25 11:51:58,14,10,2.1,9.23,1.0,1
1419,2024-03-10 07:28:00,2024-03-10 07:48:54,13,6,3.52,11.42,1.0,1
1420,2024-03-21 12:30:00,2024-03-21 12:35:55,15,17,7.35,20.81,2.0,1
1421,2024-03-24 07:45:00,2024-03-24 07:50:51,1,8,9.12,25.81,1.0,1
1422,2024-03-09 11:42:00,2024-03-09 11:43:43,8,1,6.07,18.32,1.0,2
1423,2024-03-12 07:42:00,2024-03-12 07:48:40,5,17,4.81,14.12,1.0,1
1424,2024-03-07 08:07:00,2024-03-07 08:38:37,14,13,5.22,18.07,2.0,2
1425,2024-03-17 20:19:00,2024-03-17 20:29:27,19,14,1.13,5.81,1.0,1
1426,2024-03-21 11:22:00,2024-03-21 11:26:46,11,6,3.59,12.05,1.0,1
1427,2024-03-18 23:38:00,2024-03-18 23:51:30,17,15,1.03,6.27,1.0,1
1428,2024-03-13 00:03:00,2024-03-13 00:19:36,16,16,7.64,25.59,1.0,1
1429,2024-03-12 07:19:00,2024-03-12 07:20:55,16,19,4.88,16.03,1.0,1
1430,2024-03-05 17:18:00,2024-03-05 17:31:46,4,10,2.44,9.37,1.0,2
1431,2024-03-10 10:22:00,2024-03-10 10:52:17,17,18,3.34,10.66,2.0,1
1432,2024-03-15 12:34:00,2024-03-15 12:40:53,9,12,1.98,9.19,0.0,1
1433,2024-03-22 01:51:00,2024-03-22 02:17:46,6,10,0.45,4.04,1.0,1
1434,2024-03-03 03:18:00,2024-03-03 03:26:38,4,11,4.43,12.82,1.0,2
1435,2024-03-15 18:50:00,2024-03-15 19:16:03,14,12,5.07,18.65,2.0,1
1436,2024-03-24 17:17:00,2024-03-24 17:59:49,19,14,1.37,6.08,2.0,1
1437,2024-03-11 04:53:00,2024-03-11 05:07:07,17,9,4.87,16.33,1.0,2
1438,2024-03-28 22:18:00,2024-03-28 22:20:45,8,13,4.84,16.46,1.0,1
1439,2024-03-12 19:58:00,2024-03-12 20:09:14,12,3,2.23,8.3,1.0,2
1440,2024-03-08 18:00:00,2024-03-08 18:23:07,13,7,2.76,11.28,1.0,1
1441,2024-03-06 20:31:00,2024-03-06 21:06:23,19,17,2.46,10.74,1.0,1
1442,2024-03-04 15:23:00,2024-03-04 15:27:48,11,9,2.11,8.08,1.0,1
1443,2024-03-13 10:27:00,2024-03-13 11:05:11,17,13,5.38,18.55,1.0,2
1444,2024-03-18 18:19:00,2024-03-18 18:27:48,3,17,0.76,4.85,1.0,2
1445,2024-03-17 18:34:00,2024-03-17 18:40:04,11,8,2.29,9.18,2.0,1
1446,2024-03-03 11:34:00,2024-03-03 11:41:45,11,20,1.43,6.76,2.0,2
1447,2024-03-15 06:33:00,2024-03-15 06:48:37,18,12,2.28,10.04,1.0,1
1448,2024-03-09 23:20:00,2024-03-09 23:36:14,15,14,2.94,9.59,1.0,1
1449,2024-03-09 05:10:00,2024-03-09 05:22:18,11,19,0.95,5.21,1.0,1
1450,2024-03-19 07:39:00,2024-03-19 07:49:55,10,15,2.57,10.23,1.0,1
1451,2024-03-30 16:30:00,2024-03-30 16:50:20,13,2,3.36,12.14,3.0,2
1452,2024-03-27 14:50:00,2024-03-27 15:06:36,11,9,4.32,16.09,2.0,1
1453,2024-03-09 09:12:00,2024-03-09 09:39:24,13,3,4.5,12.94,2.0,1
1454,2024-03-11 08:07:00,2024-03-11 08:15:19,7,14,2.44,8.45,1.0,1
1455,2024-03-29 08:43:00,2024-03-29 09:01:04,5,19,1.23,6.37,1.0,1
1456,2024-03-31 21:28:00,2024-03-31 21:38:44,19,6,1.46,6.48,1.0,1
1457,2024-03-19 04:28:00,2024-03-19 04:29:23,11,16,2.46,9.96,1.0,1
1458,2024-03-12 21:30:00,2024-03-12 21:34:27,5,3,6.19,17.51,2.0,2
1459,2024-03-18 13:11:00,2024-03-18 13:33:52,12,20,2.79,10.45,4.0,1
1460,2024-03-13 17:12:00,2024-03-13 17:28:28,19,3,3.49,10.8,,1
1461,2024-03-24 18:45:00,2024-03-24 19:15:10,17,2,1.76,7.12,1.0,1
1462,2024-03-08 14:11:00,2024-03-08 14:28:47,6,8,1.66,6.96,1.0,1
1463,2024-03-01 14:18:00,2024-03-01 14:36:54,7,18,6.64,19.9,1.0,2
1464,2024-03-25 17:34:00,2024-03-25 17:43:20,17,11,5.22,19.49,1.0,1
1465,2024-03-31 14:02:00,2024-03-31 14:07:23,8,5,2.34,8.66,1.0,2
1466,2024-03-17 07:48:00,2024-03-17 07:57:02,11,11,2.63,9.83,1.0,2
1467,2024-03-18 07:16:00,2024-03-18 07:30:46,5,9,1.45,7.07,1.0,2
1468,2024-03-10 02:22:00,2024-03-10 02:26:47,14,6,3.53,12.02,1.0,1
1469,2024-03-31 13:55:00,2024-03-31 13:57:51,10,15,9.43,27.52,1.0,1
1470,2024-03-08 07:59:00,2024-03-08 08:04:08,14,16,2.35,9.97,1.0,2
1471,2024-03-08 10:11:00,2024-03-08 10:16:59,18,18,6.3,17.93,1.0,1
1472,2024-03-18 00:29:00,2024-03-18 00:47:43,6,18,1.3,5.92,1.0,2
1473,2024-03-11 09:46:00,2024-03-11 09:53:40,16,6,2.0,8.94,2.0,3
1474,2024-03-02 01:42:00,2024-03-02 01:54:40,13,15,5.64,19.35,1.0,1
1475,2024-03-05 04:28:00,2024-03-05 04:39:16,2,1,5.31,16.65,2.0,1
1476,2024-03-09 03:52:00,2024-03-09 04:06:47,13,12,1.31,6.89,1.0,1
1477,2024-03-31 05:58:00,2024-03-31 06:17:15,19,16,0.98,5.18,1.0,2
1478,2024-03-08 00:21:00,2024-03-08 00:28:29,15,9,3.28,12.0,1.0,1
1479,2024-03-14 12:06:00,2024-03-14 12:34:19,3,12,2.7,10.13,1.0,1
1480,2024-03-13 12:38:00,2024-03-13 12:48:31,18,10,0.92,5.62,1.0,2
1481,2024-03-16 11:08:00,2024-03-16 11:24:30,10,1,4.03,15.37,1.0,1
1482,2024-03-24 23:05:00,2024-03-24 23:13:26,19,14,1.81,8.7,1.0,1
1483,2024-03-16 03:50:00,2024-03-16 03:56:02,14,8,3.79,12.43,1.0,3
1484,2024-03-02 11:21:00,2024-03-02 11:54:29,11,12,0.66,4.7,1.0,1
1485,2024-03-29 20:58:00,2024-03-29 21:02:30,11,2,0.38,3.88,3.0,2
1486,2024-03-31 09:40:00,2024-03-31 10:01:23,14,10,2.16,9.72,2.0,1
1487,2024-03-27 17:33:00,2024-03-27 17:40:59,18,6,0.94,5.82,1.0,1
1488,2024-03-05 01:48:00,2024-03-05 02:05:57,19,15,2.45,10.65,3.0,2
1489,2024-03-31 16:08:00,2024-03-31 16:25:12,16,5,11.93,38.45,1.0,1
1490,2024-03-03 14:08:00,2024-03-03 14:55:18,16,13,2.57,9.55,1.0,1
1491,2024-03-15 23:15:00,2024-03-15 23:27:15,2,17,2.5,10.59,2.0,1
1492,2024-03-31 20:19:00,2024-03-31 20:50:41,12,13,2.85,9.66,1.0,1
1493,2024-03-04 22:53:00,2024-03-04 23:12:11,4,11,1.84,7.8,1.0,3
1494,2024-03-15 09:51:00,2024-03-15 09:53:02,20,14,0.43,4.24,4.0,1
1495,2024-03-17 05:42:00,2024-03-17 06:03:21,4,12,0.76,4.95,1.0,1
1496,2024-03-09 11:33:00,2024-03-09 12:28:09,17,17,2.48,10.67,1.0,1
1497,2024-03-08 07:48:00,2024-03-08 07:51:32,2,16,8.09,24.17,2.0,2
1498,2024-03-29 15:12:00,2024-03-29 15:20:52,3,15,1.62,8.01,1.0,1
1499,2024-03-10 07:52:00,2024-03-10 07:55:45,14,7,1.39,7.25,1.0,1
1500,2024-03-10 09:20:00,2024-03-10 09:43:27,18,17,1.08,6.17,1.0,1
1501,2024-03-09 13:42:00,2024-03-09 13:59:27,19,20,1.99,8.85,2.0,1
1502,2024-03-26 11:21:00,2024-03-26 11:25:23,7,12,3.47,12.08,2.0,2
1503,2024-03-09 23:26:00,2024-03-09 23:30:12,12,10,1.38,7.27,1.0,1
1504,2024-03-26 12:28:00,2024-03-26 12:44:23,8,2,1.01,5.3,1.0,1
1505,2024-03-23 08:00:00,2024-03-23 08:12:31,15,1,3.34,12.35,1.0,2
1506,2024-03-04 18:39:00,2024-03-04 18:41:48,14,4,9.55,29.5,1.0,1
1507,2024-03-27 07:09:00,2024-03-27 07:25:17,14,2,1.4,6.89,3.0,2
1508,2024-03-22 19:46:00,2024-03-22 19:53:24,15,1,4.05,14.99,1.0,3
1509,2024-03-25 23:43:00,2024-03-26 00:04:06,6,15,0.45,4.25,1.0,2
1510,2024-03-08 12:34:00,2024-03-08 12:39:15,5,5,4.59,17.41,1.0,1
1511,2024-03-24 20:50:00,2024-03-24 20:56:38,13,12,0.64,4.43,1.0,1
1512,2024-03-05 21:57:00,2024-03-05 22:11:35,15,12,1.71,7.65,1.0,1
1513,2024-03-03 16:06:00,2024-03-03 16:07:43,6,3,1.5,6.6,1.0,1
1514,2024-03-10 09:13:00,2024-03-10 10:21:52,11,14,2.66,10.35,1.0,1
1515,2024-03-14 09:30:00,2024-03-14 09:32:45,15,4,0.66,4.56,4.0,1
1516,2024-03-30 04:07:00,2024-03-30 04:22:13,1,2,1.19,5.95,2.0,2
1517,2024-03-22 03:49:00,2024-03-22 04:12:17,5,11,0.95,5.31,3.0,1
1518,2024-03-13 03:21:00,2024-03-13 03:27:39,2,11,1.83,8.61,1.0,1
1519,2024-03-05 22:01:00,2024-03-05 22:34:57,6,4,4.17,14.04,1.0,2
1520,2024-03-16 07:16:00,2024-03-16 07:59:11,2,1,1.43,6.79,2.0,1
1521,2024-03-28 06:29:00,2024-03-28 06:51:09,10,9,2.28,9.61,1.0,1
1522,2024-03-05 14:24:00,2024-03-05 14:35:43,7,4,1.31,6.33,1.0,1
1523,2024-03-08 13:37:00,2024-03-08 13:52:04,20,18,7.59,22.61,1.0,1
1524,2024-03-04 12:21:00,2024-03-04 12:27:00,15,12,9.08,23.68,1.0,1
1525,2024-03-12 18:39:00,2024-03-12 19:14:35,4,17,0.94,5.27,1.0,1
1526,2024-03-17 15:33:00,2024-03-17 15:44:24,5,10,0.1,3.31,1.0,1
1527,2024-03-29 17:01:00,2024-03-29 17:04:46,20,2,1.18,6.0,1.0,3
1528,2024-03-18 16:06:00,2024-03-18 16:18:36,13,15,1.27,5.83,2.0,1
1529,2024-03-11 11:45:00,2024-03-11 11:53:42,15,10,5.26,15.17,2.0,3
1530,2024-03-04 19:05:00,2024-03-04 19:31:11,13,8,0.1,3.26,4.0,2
1531,2024-03-19 08:47:00,2024-03-19 08:57:51,6,19,1.29,6.1,1.0,1
1532,2024-03-13 21:55:00,2024-03-13 22:04:59,5,15,3.95,12.03,1.0,1
1533,2024-03-03 04:39:00,2024-03-03 05:01:14,18,7,3.05,10.34,1.0,2
1534,2024-03-20 09:24:00,2024-03-20 09:26:17,13,4,1.13,5.91,2.0,1
1535,2024-03-31 02:15:00,2024-03-31 02:22:24,9,19,0.1,3.27,1.0,1
1536,2024-03-09 10:00:00,2024-03-09 10:27:46,16,10,2.34,8.8,2.0,1
1537,2024-03-25 08:41:00,2024-03-25 09:00:26,20,19,1.91,8.92,1.0,3
1538,2024-03-18 01:43:00,2024-03-18 01:49:28,2,6,5.9,16.09,4.0,1
1539,2024-03-17 00:14:00,2024-03-17 00:16:02,16,3,3.88,14.63,1.0,1
1540,2024-03-02 22:14:00,2024-03-02 22:23:44,3,4,3.57,12.15,3.0,1
1541,2024-03-09 05:17:00,2024-03-09 05:33:06,6,10,1.23,6.61,2.0,1
1542,2024-03-29 12:58:00,2024-03-29 13:08:12,10,2,2.16,9.16,1.0,2
1543,2024-03-04 20:26:00,2024-03-04 20:27:00,9,1,7.82,27.18,2.0,1
1544,2024-03-08 09:57:00,2024-03-08 10:15:06,15,15,0.99,6.06,1.0,2
1545,2024-03-12 23:31:00,2024-03-13 00:04:43,16,18,7.29,23.45,3.0,1
1546,2024-03-26 04:18:00,2024-03-26 04:23:00,17,4,4.56,16.61,2.0,2
1547,2024-03-16 19:28:00,2024-03-16 19:35:35,17,1,1.04,5.79,1.0,2
1548,2024-03-13 19:17:00,2024-03-13 19:37:55,4,10,2.23,9.47,1.0,2
1549,2024-03-24 23:51:00,2024-03-24 23:53:32,6,6,1.31,6.76,1.0,1
1550,2024-03-31 07:18:00,2024-03-31 08:13:36,1,8,15.09,46.37,1.0,2
1551,2024-03-13 09:52:00,2024-03-13 10:25:20,16,15,2.44,8.82,1.0,2
1552,2024-03-03 18:23:00,2024-03-03 18:37:52,16,9,3.82,12.16,2.0,2
1553,2024-03-31 03:06:00,2024-03-31 03:31:43,18,15,6.92,20.42,1.0,1
1554,2024-03-06 17:45:00,2024-03-06 17:48:57,10,7,9.11,24.43,2.0,2
1555,2024-03-21 00:32:00,2024-03-21 00:50:56,10,15,2.14,8.47,1.0,1
1556,2024-03-20 04:55:00,2024-03-20 05:13:47,6,19,1.97,7.59,1.0,1
1557,2024-03-29 18:20:00,2024-03-29 18:33:36,14,17,0.98,5.82,3.0,1
1558,2024-03-09 16:37:00,2024-03-09 16:56:58,16,14,1.9,8.69,1.0,2
1559,2024-03-01 12:29:00,2024-03-01 13:13:50,10,20,1.09,5.91,1.0,1
1560,2024-03-28 04:57:00,2024-03-28 05:57:12,10,4,0.87,5.12,1.0,2
1561,2024-03-07 04:16:00,2024-03-07 04:34:16,6,12,6.4,22.14,1.0,1
1562,2024-03-08 09:57:00,2024-03-08 10:00:06,8,18,2.04,8.86,1.0,1
1563,2024-03-26 23:52:00,2024-03-27 00:18:29,20,12,3.71,13.18,2.0,1
1564,2024-03-03 17:48:00,2024-03-03 17:49:40,19,3,1.97,9.03,4.0,2
1565,2024-03-22 01:45:00,2024-03-22 01:59:10,15,9,0.85,5.54,2.0,1
1566,2024-03-08 04:32:00,2024-03-08 04:56:16,8,3,2.36,9.62,1.0,1
1567,2024-03-27 06:58:00,2024-03-27 07:07:27,7,12,1.7,8.4,2.0,2
1568,2024-03-11 20:35:00,2024-03-11 20:39:04,10,14,3.72,13.6,1.0,1
1569,2024-03-19 22:05:00,2024-03-19 22:17:06,2,16,4.86,16.83,1.0,2
1570,2024-03-12 14:29:00,2024-03-12 14:56:14,7,12,6.95,20.33,2.0,1
1571,2024-03-27 19:07:00,2024-03-27 19:17:56,14,6,1.6,-5.0,1.0,2
1572,2024-03-14 20:23:00,2024-03-14 20:46:34,14,18,1.8,7.8,1.0,2
1573,2024-03-07 00:05:00,2024-03-07 00:15:30,4,17,5.19,17.02,1.0,1
1574,2024-03-21 15:39:00,2024-03-21 15:58:32,12,1,7.25,19.78,1.0,1
1575,2024-03-17 17:30:00,2024-03-17 17:56:32,8,18,3.16,12.49,1.0,1
1576,2024-03-26 22:16:00,2024-03-26 22:30:07,5,7,4.81,18.31,1.0,3
1577,2024-03-12 12:02:00,2024-03-12 12:51:14,13,11,3.4,13.35,1.0,1
1578,2024-03-16 13:38:00,2024-03-16 13:51:04,14,4,2.33,10.39,1.0,1
1579,2024-03-17 20:34:00,2024-03-17 20:40:30,17,15,2.18,9.74,1.0,1
1580,2024-03-09 07:52:00,2024-03-09 08:34:45,15,11,1.95,7.75,2.0,2
1581,2024-03-03 18:02:00,2024-03-03 18:13:30,16,20,2.11,8.9,2.0,2
1582,2024-03-02 02:41:00,2024-03-02 02:42:08,9,9,4.47,14.65,1.0,1
1583,2024-03-29 22:34:00,2024-03-29 22:48:16,11,6,4.33,13.39,1.0,3
1584,2024-03-24 20:22:00,2024-03-24 20:32:41,6,10,3.32,12.58,1.0,1
1585,2024-03-06 04:10:00,2024-03-06 04:22:50,1,16,2.95,10.97,1.0,1
1586,2024-03-11 11:46:00,2024-03-11 11:51:54,4,8,4.43,12.9,2.0,1
1587,2024-03-08 11:28:00,2024-03-08 11:42:16,14,11,6.49,17.73,2.0,1
1588,2024-03-03 18:54:00,2024-03-03 19:01:40,10,18,1.63,6.88,1.0,1
1589,2024-03-06 05:09:00,2024-03-06 05:25:09,9,20,1.02,5.96,1.0,1
1590,2024-03-08 12:30:00,2024-03-08 12:39:53,3,4,6.3,19.27,3.0,1
1591,2024-03-12 11:47:00,2024-03-12 12:00:06,20,6,3.42,13.56,1.0,1
1592,2024-03-27 07:38:00,2024-03-27 08:02:14,9,3,2.08,9.17,1.0,2
1593,2024-03-26 16:53:00,2024-03-26 17:36:17,9,7,1.08,6.16,1.0,2
1594,2024-03-23 23:43:00,2024-03-23 23:58:22,2,19,0.69,4.63,1.0,1
1595,2024-03-07 14:20:00,2024-03-07 14:32:51,12,16,1.86,7.14,1.0,2
1596,2024-03-11 00:26:00,2024-03-11 00:46:39,18,16,1.27,6.94,2.0,2
1597,2024-03-29 23:05:00,2024-03-29 23:40:03,4,5,3.46,11.56,1.0,1
1598,2024-03-23 15:40:00,2024-03-23 16:17:20,17,13,2.65,10.67,2.0,2
1599,2024-03-05 06:05:00,2024-03-05 06:37:23,10,1,0.99,5.76,2.0,1
1600,2024-03-19 14:49:00,2024-03-19 14:52:44,5,9,0.1,3.26,1.0,1
1601,2024-03-28 05:31:00,2024-03-28 05:44:04,4,6,2.36,10.06,1.0,3
1602,2024-03-14 15:02:00,2024-03-14 15:25:37,10,16,2.43,10.36,1.0,1
1603,2024-03-15 07:35:00,2024-03-15 08:06:02,2,14,0.31,3.91,1.0,1
1604,2024-03-11 16:36:00,2024-03-11 16:51:21,18,9,5.9,17.61,1.0,1
1605,2024-03-17 23:05:00,2024-03-17 23:20:00,18,7,1.26,5.93,3.0,1
1606,2024-03-13 06:56:00,2024-03-13 07:04:03,6,13,1.8,8.0,1.0,1
1607,2024-03-31 20:07:00,2024-03-31 20:21:33,5,13,3.42,11.34,1.0,1
1608,2024-03-28 22:01:00,2024-03-28 22:18:57,18,9,2.55,8.96,1.0,1
1609,2024-03-02 17:28:00,2024-03-02 17:30:07,18,6,2.33,9.49,1.0,1
1610,2024-03-20 00:05:00,2024-03-20 00:35:12,1,3,7.36,20.04,1.0,2
1611,2024-03-19 16:53:00,2024-03-19 17:07:26,12,5,3.16,10.55,1.0,2
1612,2024-03-15 04:48:00,2024-03-15 05:08:36,13,12,6.99,18.42,3.0,2
1613,2024-03-10 15:00:00,2024-03-10 15:07:31,17,17,1.81,8.52,1.0,2
1614,2024-03-29 17:35:00,2024-03-29 17:47:52,10,10,3.14,11.15,4.0,1
1615,2024-03-25 12:50:00,2024-03-25 13:33:56,2,14,3.32,13.5,1.0,1
1616,2024-03-08 03:10:00,2024-03-08 03:30:58,14,14,1.44,6.73,1.0,1
1617,2024-03-05 04:40:00,2024-03-05 04:54:29,3,18,2.64,9.11,1.0,1
1618,2024-03-26 10:45:00,2024-03-26 11:06:45,4,16,1.26,5.86,1.0,1
1619,2024-03-16 18:55:00,2024-03-16 19:02:18,4,14,0.57,4.35,1.0,2
1620,2024-03-04 10:46:00,2024-03-04 10:52:38,1,8,7.16,22.51,1.0,2
1621,2024-03-09 08:18:00,2024-03-09 08:37:53,18,9,5.64,20.14,4.0,1
1622,2024-03-16 04:17:00,2024-03-16 04:27:06,6,11,3.84,14.82,2.0,2
1623,2024-03-24 18:11:00,2024-03-24 18:13:56,18,6,1.31,6.87,2.0,1
1624,2024-03-21 00:31:00,2024-03-21 00:38:27,13,20,3.21,11.11,2.0,1
1625,2024-03-01 01:42:00,2024-03-01 01:59:36,8,14,2.78,11.29,1.0,2
1626,2024-03-04 04:10:00,2024-03-04 04:19:05,20,20,3.94,14.25,1.0,2
1627,2024-03-02 17:52:00,2024-03-02 18:38:46,4,8,4.2,13.23,1.0,2
1628,2024-03-02 09:48:00,2024-03-02 09:57:49,11,10,3.68,14.69,1.0,1
1629,2024-03-21 14:15:00,2024-03-21 14:21:12,6,9,2.49,9.58,1.0,1
1630,2024-03-07 04:37:00,2024-03-07 04:58:05,19,5,1.99,8.77,1.0,1
1631,2024-03-22 00:54:00,2024-03-22 01:04:50,11,9,9.4,25.2,1.0,1
1632,2024-03-23 05:09:00,2024-03-23 05:34:20,9,6,1.86,8.67,3.0,2
1633,2024-03-12 12:51:00,2024-03-12 13:07:45,12,9,1.44,6.22,2.0,1
1634,2024-03-15 15:48:00,2024-03-15 15:57:20,5,9,3.25,11.98,1.0,1
1635,2024-03-20 04:49:00,2024-03-20 05:12:41,7,2,2.19,9.51,2.0,1
1636,2024-03-29 21:07:00,2024-03-29 21:23:22,8,11,5.34,19.91,1.0,1
1637,2024-03-13 10:19:00,2024-03-13 10:24:22,6,17,1.13,6.58,1.0,1
1638,2024-03-13 19:11:00,2024-03-13 19:29:15,2,7,3.54,12.47,3.0,1
1639,2024-03-03 12:21:00,2024-03-03 12:34:29,5,19,3.71,14.61,1.0,1
1640,2024-03-20 17:50:00,2024-03-20 18:35:51,19,13,5.72,17.72,1.0,1
1641,2024-03-07 12:42:00,2024-03-07 13:05:51,8,8,2.26,10.21,2.0,1
1642,2024-03-12 04:02:00,2024-03-12 04:13:34,3,19,6.87,22.25,1.0,1
1643,2024-03-31 10:09:00,2024-03-31 10:39:09,11,11,3.09,10.32,1.0,1
1644,2024-03-02 16:12:00,2024-03-02 16:35:46,17,2,3.26,12.07,1.0,2
1645,2024-03-07 02:18:00,2024-03-07 02:39:38,17,4,1.07,6.26,1.0,1
1646,2024-03-29 12:26:00,2024-03-29 12:35:03,3,16,5.77,15.69,1.0,1
1647,2024-03-07 06:17:00,2024-03-07 06:22:47,19,18,4.44,13.86,1.0,1
1648,2024-03-24 06:51:00,2024-03-24 07:08:44,14,9,3.2,10.67,1.0,1
1649,2024-03-27 14:17:00,2024-03-27 14:33:58,11,1,3.12,10.93,1.0,1
1650,2024-03-13 11:41:00,2024-03-13 12:04:06,17,3,7.69,20.02,1.0,3
1651,2024-03-08 13:49:00,2024-03-08 14:01:33,12,17,0.41,4.04,1.0,1
1652,2024-03-09 13:33:00,2024-03-09 14:02:53,20,8,5.12,15.17,1.0,1
1653,2024-03-11 02:40:00,2024-03-11 02:51:41,12,14,2.54,10.99,1.0,1
1654,2024-03-08 14:15:00,2024-03-08 14:19:51,6,1,0.9,5.22,1.0,1
1655,2024-03-26 12:11:00,2024-03-26 12:46:50,20,20,3.7,14.64,1.0,1
1656,2024-03-25 15:06:00,2024-03-25 15:20:33,15,13,0.21,3.58,1.0,1
1657,2024-03-11 03:22:00,2024-03-11 03:43:14,6,17,2.84,10.41,2.0,1
1658,2024-03-02 12:37:00,2024-03-02 13:28:51,9,5,3.17,11.39,1.0,2
1659,2024-03-18 14:32:00,2024-03-18 15:31:26,5,20,0.95,5.77,3.0,1
1660,2024-03-12 12:25:00,2024-03-12 12:36:06,19,11,4.68,15.39,1.0,2
1661,2024-03-23 19:02:00,2024-03-23 19:34:39,5,12,4.66,13.44,2.0,1
1662,2024-03-07 16:10:00,2024-03-07 16:27:40,7,18,5.33,18.73,1.0,1
1663,2024-03-27 19:05:00,2024-03-27 19:33:35,20,20,3.07,10.84,2.0,1
1664,2024-03-10 03:06:00,2024-03-10 03:21:08,9,17,3.91,11.73,1.0,3
1665,2024-03-04 12:11:00,2024-03-04 12:18:22,20,14,2.01,8.02,2.0,1
1666,2024-03-27 07:31:00,2024-03-27 08:05:15,4,18,0.44,4.02,2.0,1
1667,2024-03-24 14:58:00,2024-03-24 15:01:54,13,11,4.43,14.73,1.0,1
1668,2024-03-23 10:34:00,2024-03-23 10:40:34,5,9,9.39,32.68,2.0,1
1669,2024-03-18 05:41:00,2024-03-18 05:59:26,12,7,5.95,18.91,1.0,1
1670,2024-03-07 05:11:00,2024-03-07 06:04:41,9,16,4.18,12.42,1.0,1
1671,2024-03-07 04:42:00,2024-03-07 04:55:17,3,13,3.62,13.93,1.0,2
1672,2024-03-20 23:27:00,2024-03-20 23:48:16,16,6,1.48,6.83,4.0,3
1673,2024-03-17 11:21:00,2024-03-17 11:31:13,16,16,3.31,13.09,1.0,1
1674,2024-03-19 14:01:00,2024-03-19 14:22:48,17,11,0.73,4.94,2.0,3
1675,2024-03-27 00:20:00,2024-03-27 00:38:51,1,6,9.99,34.85,0.0,1
1676,2024-03-20 04:18:00,2024-03-20 04:36:16,4,3,2.9,10.91,1.0,1
1677,2024-03-25 23:23:00,2024-03-25 23:26:46,19,3,8.16,23.04,2.0,2
1678,2024-03-04 16:21:00,2024-03-04 16:44:40,15,10,5.03,16.34,1.0,1
1679,2024-03-09 11:42:00,2024-03-09 12:01:45,10,17,1.84,8.62,2.0,1
1680,2024-03-09 03:01:00,2024-03-09 03:20:39,13,8,1.15,5.57,1.0,2
1681,2024-03-13 11:45:00,2024-03-13 11:56:04,3,18,3.89,13.57,1.0,2
1682,2024-03-17 00:55:00,2024-03-17 01:01:39,11,17,3.56,13.39,1.0,2
1683,2024-03-09 16:11:00,2024-03-09 16:16:48,1,4,8.78,22.56,1.0,1
1684,2024-03-06 12:03:00,2024-03-06 12:07:47,14,17,2.29,9.96,2.0,2
1685,2024-03-29 01:51:00,2024-03-29 01:58:47,1,14,1.45,6.4,1.0,1
1686,2024-03-30 05:23:00,2024-03-30 05:27:59,2,16,7.44,26.21,4.0,1
1687,2024-03-03 18:36:00,2024-03-03 18:57:41,4,6,3.99,15.48,1.0,1
1688,2024-03-13 13:09:00,2024-03-13 13:41:19,2,12,4.16,12.92,2.0,1
1689,2024-03-02 05:47:00,2024-03-02 05:51:20,13,10,2.1,8.11,1.0,2
1690,2024-03-08 16:17:00,2024-03-08 16:41:00,16,10,2.82,9.81,1.0,1
1691,2024-03-16 15:16:00,2024-03-16 15:32:10,8,5,1.49,7.01,1.0,3
1692,2024-03-21 08:12:00,2024-03-21 08:16:08,9,16,7.78,23.53,1.0,1
1693,2024-03-18 19:56:00,2024-03-18 20:09:21,10,2,3.53,13.93,1.0,3
1694,2024-03-13 06:18:00,2024-03-13 06:58:50,7,11,2.33,9.03,1.0,1
1695,2024-03-06 16:13:00,2024-03-06 16:39:58,20,16,6.33,22.98,1.0,3
1696,2024-03-18 02:49:00,2024-03-18 02:52:09,18,17,0.57,4.3,1.0,1
1697,2024-03-02 07:31:00,2024-03-02 07:55:49,6,5,4.14,12.41,1.0,1
1698,2024-03-07 19:52:00,2024-03-07 20:06:03,12,2,1.8,8.44,1.0,1
1699,2024-03-04 20:04:00,2024-03-04 20:16:59,11,6,3.35,13.42,1.0,2
1700,2024-03-16 18:48:00,2024-03-16 18:58:34,15,14,5.64,20.49,1.0,1
1701,2024-03-04 11:24:00,2024-03-04 11:31:01,16,17,0.82,5.54,1.0,2
1702,2024-03-03 15:20:00,2024-03-03 15:29:31,17,7,4.76,14.76,1.0,1
1703,2024-03-07 00:38:00,2024-03-07 01:02:24,15,16,3.31,12.01,1.0,1
1704,2024-03-18 04:46:00,2024-03-18 05:23:14,2,7,2.7,10.41,1.0,1
1705,2024-03-29 18:12:00,2024-03-29 18:32:44,2,17,3.51,12.9,1.0,1
1706,2024-03-30 12:43:00,2024-03-30 12:53:29,13,3,1.0,6.17,1.0,1
1707,2024-03-02 10:28:00,2024-03-02 10:46:29,11,14,6.23,16.95,1.0,1
1708,2024-03-31 19:50:00,2024-03-31 19:58:15,17,10,4.14,15.79,1.0,1
1709,2024-03-03 20:10:00,2024-03-03 20:20:06,9,14,1.08,6.19,1.0,1
1710,2024-03-26 08:01:00,2024-03-26 08:16:30,1,19,5.54,17.2,1.0,1
1711,2024-03-27 21:51:00,2024-03-27 22:11:55,12,15,2.88,11.85,2.0,1
1712,2024-03-02 06:25:00,2024-03-02 06:35:32,7,3,1.78,8.01,2.0,1
1713,2024-03-20 05:42:00,2024-03-20 06:14:04,3,6,1.02,5.85,4.0,1
1714,2024-03-23 02:31:00,2024-03-23 02:40:18,16,10,2.74,9.97,1.0,1
1715,2024-03-07 03:07:00,2024-03-07 03:12:47,18,7,1.11,5.53,1.0,1
1716,2024-03-04 02:07:00,2024-03-04 02:26:55,18,6,0.33,3.76,2.0,2
1717,2024-03-22 00:22:00,2024-03-22 00:27:46,4,4,1.19,6.78,1.0,2
1718,2024-03-10 13:41:00,2024-03-10 13:59:13,4,5,1.9,7.79,2.0,1
1719,2024-03-15 15:53:00,2024-03-15 16:07:41,8,6,4.9,13.89,1.0,3
1720,2024-03-16 21:28:00,2024-03-16 21:37:45,1,1,0.62,4.42,1.0,2
1721,2024-03-08 06:47:00,2024-03-08 07:03:27,2,1,1.27,5.83,1.0,1
1722,2024-03-14 16:09:00,2024-03-14 16:25:49,11,14,4.4,16.26,1.0,1
1723,2024-03-21 15:29:00,2024-03-21 15:47:53,5,1,3.86,14.68,0.0,1
1724,2024-03-05 05:28:00,2024-03-05 05:53:37,17,5,6.87,22.71,1.0,3
1725,2024-03-14 03:46:00,2024-03-14 04:11:21,9,19,0.48,4.44,1.0,1
1726,2024-03-06 10:24:00,2024-03-06 10:32:58,16,19,1.89,8.32,1.0,1
1727,2024-03-17 00:13:00,2024-03-17 00:21:09,10,3,2.66,10.33,2.0,1
1728,2024-03-20 01:11:00,2024-03-20 01:23:33,11,11,3.72,13.31,1.0,1
1729,2024-03-02 15:26:00,2024-03-02 15:35:55,20,9,1.6,6.85,3.0,1
1730,2024-03-17 00:36:00,2024-03-17 00:49:14,6,6,4.49,14.18,1.0,3
1731,2024-03-06 16:50:00,2024-03-06 17:03:51,7,17,1.55,7.35,1.0,1
1732,2024-03-12 06:11:00,2024-03-12 06:42:58,3,19,2.88,9.83,1.0,2
1733,2024-03-20 07:22:00,2024-03-20 07:41:41,19,19,2.46,10.05,2.0,2
1734,2024-03-14 20:21:00,2024-03-14 20:41:38,8,18,1.64,6.98,1.0,1
1735,2024-03-04 21:38:00,2024-03-04 22:33:59,20,2,1.05,5.74,1.0,2
1736,2024-03-07 11:29:00,2024-03-07 11:34:49,5,1,1.63,6.74,1.0,2
1737,2024-03-01 09:29:00,2024-03-01 10:11:44,18,4,1.12,6.29,1.0,1
1738,2024-03-12 15:07:00,2024-03-12 15:18:29,10,7,1.44,6.42,1.0,2
1739,2024-03-01 03:13:00,2024-03-01 03:21:58,19,13,8.46,28.04,2.0,1
1740,2024-03-29 06:59:00,2024-03-29 07:35:44,19,7,0.34,3.91,1.0,2
1741,2024-03-12 10:32:00,2024-03-12 10:51:39,11,3,3.49,11.84,1.0,1
1742,2024-03-04 21:13:00,2024-03-04 21:17:48,15,3,4.74,16.99,1.0,1
1743,2024-03-21 19:28:00,2024-03-21 19:54:10,16,15,5.78,17.88,1.0,3
1744,2024-03-15 21:12:00,2024-03-15 21:30:36,14,20,0.6,4.81,1.0,1
1745,2024-03-20 03:19:00,2024-03-20 03:46:32,5,20,0.6,4.43,1.0,1
1746,2024-03-28 14:01:00,2024-03-28 14:39:49,10,13,4.05,12.17,1.0,1
1747,2024-03-06 04:05:00,2024-03-06 04:28:33,18,12,0.52,4.4,1.0,1
1748,2024-03-25 17:57:00,2024-03-25 17:59:48,8,6,0.67,4.5,1.0,1
1749,2024-03-15 21:52:00,2024-03-15 22:00:16,12,6,4.88,14.57,3.0,2
1750,2024-03-30 20:20:00,2024-03-30 20:27:23,17,18,1.55,7.48,2.0,1
1751,2024-03-31 05:17:00,2024-03-31 05:23:34,5,20,0.3,3.85,1.0,1
1752,2024-03-19 21:36:00,2024-03-19 22:06:26,10,1,2.5,10.29,1.0,2
1753,2024-03-17 22:01:00,2024-03-17 22:09:16,1,16,0.75,5.28,1.0,1
1754,2024-03-13 05:05:00,2024-03-13 05:31:30,17,3,1.15,6.12,1.0,1
1755,2024-03-02 03:45:00,2024-03-02 04:08:11,19,16,1.27,5.84,1.0,3
1756,2024-03-03 05:21:00,2024-03-03 05:27:22,2,19,2.36,10.49,1.0,2
1757,2024-03-14 13:18:00,2024-03-14 13:30:32,9,12,5.16,16.31,1.0,2
1758,2024-03-11 13:43:00,2024-03-11 14:06:12,2,19,2.27,8.05,4.0,2
1759,2024-03-19 08:09:00,2024-03-19 08:23:22,17,18,4.59,16.52,4.0,1
1760,2024-03-04 10:30:00,2024-03-04 10:38:55,1,8,0.29,3.93,1.0,2
1761,2024-03-18 02:47:00,2024-03-18 03:03:42,16,9,2.39,9.19,1.0,1
1762,2024-03-07 04:35:00,2024-03-07 04:57:32,10,14,3.62,14.54,1.0,2
1763,2024-03-05 01:14:00,2024-03-05 01:27:45,15,3,2.6,10.51,1.0,2
1764,2024-03-20 14:43:00,2024-03-20 14:56:42,18,16,1.15,5.64,1.0,1
1765,2024-03-07 10:35:00,2024-03-07 10:36:57,13,17,2.9,11.14,1.0,1
1766,2024-03-22 21:45:00,2024-03-22 21:47:31,16,9,3.49,12.53,1.0,1
1767,2024-03-30 07:51:00,2024-03-30 07:55:45,3,17,1.21,6.16,1.0,1
1768,2024-03-28 22:05:00,2024-03-28 22:11:21,17,11,0.55,4.32,1.0,2
1769,2024-03-22 15:48:00,2024-03-22 16:32:21,20,8,4.34,15.29,1.0,1
1770,2024-03-05 19:44:00,2024-03-05 20:12:34,13,6,1.07,5.49,1.0,2
1771,2024-03-12 12:32:00,2024-03-12 12:39:20,2,13,1.58,7.56,1.0,2
1772,2024-03-03 18:59:00,2024-03-03 19:04:30,19,4,7.98,27.41,3.0,1
1773,2024-03-25 15:42:00,2024-03-25 16:49:20,1,20,4.08,15.63,1.0,1
1774,2024-03-24 14:33:00,2024-03-24 15:02:56,15,5,2.94,10.56,1.0,1
1775,2024-03-18 19:31:00,2024-03-18 19:43:21,1,4,1.97,8.32,1.0,1
1776,2024-03-13 19:27:00,2024-03-13 19:49:21,18,12,3.52,13.22,1.0,2
1777,2024-03-12 04:06:00,2024-03-12 04:25:16,10,17,8.63,28.31,1.0,1
1778,2024-03-20 03:01:00,2024-03-20 03:33:05,5,6,3.89,12.54,3.0,1
1779,2024-03-09 23:11:00,2024-03-09 23:15:13,9,5,2.78,9.57,1.0,1
1780,2024-03-02 06:09:00,2024-03-02 06:25:20,2,2,2.0,7.71,1.0,2
1781,2024-03-04 14:42:00,2024-03-04 15:02:30,14,6,1.57,6.69,1.0,2
1782,2024-03-15 19:55:00,2024-03-15 20:22:36,20,10,3.25,13.01,1.0,2
1783,2024-03-22 12:46:00,2024-03-22 12:58:25,11,3,2.11,9.47,1.0,1
1784,2024-03-25 05:30:00,2024-03-25 05:58:30,17,8,4.73,17.91,1.0,2
1785,2024-03-20 04:09:00,2024-03-20 04:20:37,8,12,3.31,13.44,1.0,1
1786,2024-03-27 09:42:00,2024-03-27 10:18:11,18,15,1.15,6.22,1.0,3
1787,2024-03-31 09:50:00,2024-03-31 10:00:31,11,8,0.4,4.02,1.0,1
1788,2024-03-08 06:39:00,2024-03-08 06:57:56,1,11,3.62,14.34,1.0,1
1789,2024-03-30 10:08:00,2024-03-30 10:18:57,8,4,2.87,10.29,1.0,2
1790,2024-03-20 02:08:00,2024-03-20 02:21:14,17,8,5.06,14.37,4.0,1
1791,2024-03-21 22:03:00,2024-03-21 22:23:52,9,13,4.16,12.64,1.0,1
1792,2024-03-23 15:11:00,2024-03-23 15:13:37,8,6,4.47,15.37,2.0,3
1793,2024-03-29 03:50:00,2024-03-29 04:12:01,17,6,4.05,13.08,1.0,1
1794,2024-03-09 15:32:00,2024-03-09 15:59:44,12,8,2.93,9.5,1.0,2
1795,2024-03-10 23:38:00,2024-03-10 23:45:37,19,3,3.92,13.15,2.0,1
1796,2024-03-08 14:12:00,2024-03-08 14:23:49,2,10,3.46,12.8,1.0,1
1797,2024-03-04 06:05:00,2024-03-04 06:07:56,5,19,1.1,5.6,1.0,1
1798,2024-03-04 04:28:00,2024-03-04 04:34:40,16,4,5.39,19.28,1.0,1
1799,2024-03-08 13:04:00,2024-03-08 13:23:46,8,13,1.63,7.64,1.0,1
1800,2024-03-30 18:50:00,2024-03-30 18:59:47,18,14,2.47,10.19,2.0,3
1801,2024-03-28 21:54:00,2024-03-28 22:02:49,17,15,2.29,8.86,2.0,3
1802,2024-03-14 13:41:00,2024-03-14 13:43:48,20,18,2.53,8.97,1.0,2
1803,2024-03-22 03:11:00,2024-03-22 03:27:17,12,7,4.33,15.29,1.0,3
1804,2024-03-12 16:56:00,2024-03-12 17:15:18,14,17,2.29,8.39,2.0,1
1805,2024-03-25 08:25:00,2024-03-25 08:29:03,15,7,3.31,12.81,1.0,2
1806,2024-03-02 23:42:00,2024-03-02 23:43:45,11,2,0.15,3.38,3.0,1
1807,2024-03-31 07:40:00,2024-03-31 07:59:24,13,20,8.54,23.23,1.0,2
1808,2024-03-31 22:29:00,2024-03-31 22:31:43,15,9,1.51,7.7,1.0,2
1809,2024-03-30 18:24:00,2024-03-30 19:09:59,10,8,0.89,5.0,1.0,1
1810,2024-03-29 04:41:00,2024-03-29 04:46:29,17,10,5.72,19.79,1.0,1
1811,2024-03-05 09:09:00,2024-03-05 09:34:16,18,4,3.41,13.87,1.0,1
1812,2024-03-17 08:03:00,2024-03-17 08:25:59,2,3,4.86,15.28,3.0,3
1813,2024-03-25 02:15:50,2024-03-25 02:04:00,10,19,0.1,3.25,4.0,1
1814,2024-03-14 05:26:00,2024-03-14 05:33:12,18,19,0.88,5.59,1.0,2
1815,2024-03-03 12:08:00,2024-03-03 12:21:08,11,15,2.12,8.34,1.0,1
1816,2024-03-27 02:42:00,2024-03-27 02:53:46,15,2,8.02,26.75,2.0,1
1817,2024-03-14 05:50:00,2024-03-14 06:09:19,10,14,4.25,13.8,3.0,1
1818,2024-03-27 08:42:00,2024-03-27 09:01:47,17,20,3.98,15.23,1.0,1
1819,2024-03-27 07:07:00,2024-03-27 07:32:06,7,6,2.21,10.03,1.0,1
1820,2024-03-16 00:45:00,2024-03-16 00:56:03,7,4,6.98,24.01,4.0,1
1821,2024-03-03 22:05:00,2024-03-03 22:33:25,8,11,5.37,15.14,2.0,2
1822,2024-03-25 14:11:00,2024-03-25 14:27:30,6,3,3.79,11.83,1.0,1
1823,2024-03-11 22:52:00,2024-03-11 23:13:00,12,16,1.92,7.65,3.0,1
1824,2024-03-08 16:15:00,2024-03-08 16:24:19,4,1,1.45,7.5,1.0,2
1825,2024-03-15 12:49:00,2024-03-15 13:33:32,20,3,0.91,5.62,3.0,2
1826,2024-03-10 07:47:00,2024-03-10 08:20:50,4,9,6.12,18.84,2.0,1
1827,2024-03-15 11:16:00,2024-03-15 11:26:21,13,18,2.5,10.29,1.0,1
1828,2024-03-25 06:41:00,2024-03-25 06:42:44,16,18,1.4,7.28,1.0,1
1829,2024-03-12 05:14:00,2024-03-12 05:37:16,9,12,3.17,12.73,4.0,1
1830,2024-03-26 01:09:00,2024-03-26 01:29:29,1,15,0.69,5.09,1.0,2
1831,2024-03-07 11:25:00,2024-03-07 11:40:56,6,3,6.48,22.98,1.0,1
1832,2024-03-31 15:33:00,2024-03-31 15:41:08,2,19,2.12,9.18,1.0,1
1833,2024-03-16 13:32:00,2024-03-16 13:45:35,3,13,1.13,5.61,1.0,2
1834,2024-03-16 00:53:00,2024-03-16 01:01:55,3,8,5.69,21.03,1.0,1
1835,2024-03-14 10:00:00,2024-03-14 10:37:43,15,1,1.35,6.41,2.0,3
1836,2024-03-05 00:00:00,2024-03-05 00:03:43,1,15,0.42,4.11,1.0,1
1837,2024-03-14 09:49:00,2024-03-14 10:39:12,3,6,0.99,5.31,1.0,2
1838,2024-03-21 02:42:00,2024-03-21 02:54:42,4,10,0.92,5.22,1.0,2
1839,2024-03-23 23:35:00,2024-03-23 23:44:45,17,19,5.4,15.4,2.0,1
1840,2024-03-31 18:00:00,2024-03-31 18:03:09,5,16,0.76,4.96,1.0,1
1841,2024-03-28 11:39:00,2024-03-28 11:49:18,9,7,3.36,10.95,1.0,2
1842,2024-03-28 00:33:00,2024-03-28 00:42:21,9,4,1.45,6.37,1.0,2
1843,2024-03-17 06:34:00,2024-03-17 06:52:31,1,5,1.86,7.65,1.0,1
1844,2024-03-20 19:54:00,2024-03-20 20:01:25,3,11,2.49,9.77,2.0,1
1845,2024-03-07 02:42:00,2024-03-07 02:58:03,14,2,1.99,9.27,1.0,2
1846,2024-03-09 05:22:00,2024-03-09 05:35:38,8,10,3.34,10.48,1.0,1
1847,2024-03-26 12:11:00,2024-03-26 12:45:47,10,13,4.78,16.06,1.0,1
1848,2024-03-18 02:41:00,2024-03-18 03:35:59,18,8,2.35,9.02,2.0,1
1849,2024-03-15 22:03:00,2024-03-15 22:49:14,13,17,1.26,6.64,2.0,2
1850,2024-03-07 14:35:00,2024-03-07 14:56:28,17,17,5.63,18.47,2.0,3
1851,2024-03-25 13:51:00,2024-03-25 13:55:26,17,11,2.22,9.43,2.0,2
1852,2024-03-16 05:43:00,2024-03-16 05:56:02,19,13,4.67,14.53,1.0,1
1853,2024-03-14 13:25:00,2024-03-14 13:49:59,8,5,3.76,12.53,1.0,1
1854,2024-03-24 20:00:00,2024-03-24 20:16:50,7,17,1.15,5.91,0.0,2
1855,2024-03-01 15:37:00,2024-03-01 15:46:51,7,12,2.16,9.35,1.0,1
1856,2024-03-01 07:01:00,2024-03-01 07:16:29,5,18,3.99,13.86,1.0,2
1857,2024-03-06 01:56:00,2024-03-06 02:08:28,10,2,0.61,4.56,1.0,1
1858,2024-03-11 21:25:00,2024-03-11 21:31:08,13,16,3.73,13.3,1.0,1
1859,2024-03-02 12:10:00,2024-03-02 12:22:40,17,13,2.51,10.3,4.0,1
1860,2024-03-07 11:55:00,2024-03-07 12:11:20,18,2,7.19,21.51,1.0,1
1861,2024-03-31 03:31:00,2024-03-31 03:33:54,7,2,6.43,22.16,1.0,1
1862,2024-03-18 03:58:00,2024-03-18 04:00:58,5,8,0.74,4.75,1.0,2
1863,2024-03-18 21:15:00,2024-03-18 21:27:14,20,8,3.14,12.1,2.0,1
1864,2024-03-03 11:27:00,2024-03-03 11:43:10,11,13,1.15,5.82,1.0,1
1865,2024-03-23 21:35:00,2024-03-23 21:52:00,13,3,6.59,20.59,2.0,1
1866,2024-03-08 15:56:00,2024-03-08 15:59:42,13,4,5.41,19.67,1.0,1
1867,2024-03-09 05:09:00,2024-03-09 05:17:01,7,3,2.37,10.49,1.0,2
1868,2024-03-26 04:51:00,2024-03-26 04:59:35,13,17,3.27,10.48,1.0,2
1869,2024-03-18 19:22:00,2024-03-18 20:02:38,4,20,0.93,5.74,2.0,2
1870,2024-03-26 14:03:00,2024-03-26 14:15:41,1,15,1.52,7.35,1.0,1
1871,2024-03-16 06:11:00,2024-03-16 06:20:11,1,2,3.45,11.56,1.0,1
1872,2024-03-26 10:56:00,2024-03-26 11:15:47,7,3,1.91,8.85,1.0,2
1873,2024-03-10 22:58:00,2024-03-10 23:49:30,11,12,4.35,-5.0,4.0,2
1874,2024-03-08 17:51:00,2024-03-08 18:03:17,13,8,2.75,11.35,1.0,2
1875,2024-03-30 21:30:00,2024-03-30 22:12:09,9,3,1.27,5.99,2.0,1
1876,2024-03-16 17:02:00,2024-03-16 17:12:49,18,20,5.14,17.61,1.0,1
1877,2024-03-09 02:19:00,2024-03-09 02:39:29,3,12,1.9,7.88,2.0,1
1878,2024-03-22 02:36:00,2024-03-22 02:47:03,4,17,1.01,5.77,1.0,1
1879,2024-03-29 03:16:00,2024-03-29 03:45:15,16,4,7.24,23.78,1.0,2
1880,2024-03-04 19:01:00,2024-03-04 19:50:56,3,17,7.48,23.1,4.0,1
1881,2024-03-08 02:47:00,2024-03-08 03:24:32,19,13,1.36,6.43,1.0,2
1882,2024-03-23 18:43:00,2024-03-23 18:55:07,10,18,3.52,13.56,1.0,2
1883,2024-03-09 22:20:00,2024-03-09 22:39:41,3,3,4.2,13.1,2.0,2
1884,2024-03-12 01:33:00,2024-03-12 01:42:26,20,2,2.52,9.91,2.0,1
1885,2024-03-12 13:20:00,2024-03-12 13:31:11,11,7,5.86,18.86,4.0,2
1886,2024-03-14 15:48:00,2024-03-14 16:01:21,4,7,2.13,9.32,4.0,1
1887,2024-03-08 06:22:00,2024-03-08 06:43:54,7,2,4.23,13.75,1.0,2
1888,2024-03-24 10:29:00,2024-03-24 10:39:23,3,1,0.28,3.7,2.0,1
1889,2024-03-28 16:26:00,2024-03-28 16:46:47,8,8,1.86,7.73,2.0,3
1890,2024-03-07 22:42:00,2024-03-07 22:53:05,18,18,2.41,10.35,2.0,2
1891,2024-03-04 20:45:00,2024-03-04 20:57:57,17,20,6.09,21.01,3.0,1
1892,2024-03-08 11:04:00,2024-03-08 11:27:29,20,4,3.87,13.67,1.0,2
1893,2024-03-29 15:33:00,2024-03-29 15:41:33,13,1,1.83,8.11,2.0,1
1894,2024-03-14 18:10:00,2024-03-14 18:29:11,7,16,3.96,14.5,2.0,2
1895,2024-03-18 02:43:00,2024-03-18 03:17:42,9,11,5.62,19.98,1.0,2
1896,2024-03-02 04:25:00,2024-03-02 04:38:22,12,17,3.96,12.31,1.0,1
1897,2024-03-04 23:25:00,2024-03-04 23:48:38,8,19,8.05,27.76,4.0,2
1898,2024-03-16 05:01:00,2024-03-16 05:26:06,3,5,3.26,12.54,1.0,1
1899,2024-03-31 11:55:00,2024-03-31 12:07:33,9,12,2.34,8.34,1.0,3
1900,2024-03-25 19:44:00,2024-03-25 19:57:54,15,10,3.34,12.69,2.0,1
1901,2024-03-24 12:19:00,2024-03-24 12:43:17,13,14,5.41,18.51,1.0,1
1902,2024-03-04 02:54:00,2024-03-04 03:23:05,20,20,1.75,8.18,1.0,1
1903,2024-03-15 01:27:00,2024-03-15 01:32:23,19,4,2.37,10.07,1.0,1
1904,2024-03-08 22:03:00,2024-03-08 22:08:24,8,6,4.25,12.45,1.0,1
1905,2024-03-15 11:26:00,2024-03-15 11:28:33,18,5,8.16,27.79,2.0,2
1906,2024-03-19 17:25:00,2024-03-19 17:29:44,4,2,1.99,8.46,0.0,1
1907,2024-03-23 04:54:00,2024-03-23 04:55:59,3,15,2.46,9.62,1.0,1
1908,2024-03-21 22:38:00,2024-03-21 23:32:00,5,19,2.22,10.11,1.0,1
1909,2024-03-17 12:54:00,2024-03-17 12:56:53,15,13,2.64,10.6,1.0,1
1910,2024-03-06 03:12:00,2024-03-06 03:29:00,12,18,2.84,11.87,1.0,1
1911,2024-03-08 10:14:00,2024-03-08 10:25:28,4,17,4.09,15.74,1.0,2
1912,2024-03-19 07:55:00,2024-03-19 08:15:52,6,8,3.94,12.31,1.0,1
1913,2024-03-08 12:44:00,2024-03-08 12:49:08,15,5,3.68,14.09,1.0,1
1914,2024-03-29 18:18:00,2024-03-29 18:30:08,20,12,1.4,6.64,1.0,1
1915,2024-03-06 03:46:00,2024-03-06 04:17:21,19,20,3.18,10.77,1.0,1
1916,2024-03-04 20:01:00,2024-03-04 20:09:56,13,13,0.23,3.57,1.0,1
1917,2024-03-16 08:22:00,2024-03-16 08:41:10,5,6,2.23,9.91,1.0,1
1918,2024-03-17 21:24:00,2024-03-17 21:31:21,3,10,1.82,7.12,1.0,1
1919,2024-03-01 06:55:00,2024-03-01 07:29:26,4,14,1.71,7.05,1.0,1
1920,2024-03-30 18:21:00,2024-03-30 18:33:36,4,1,1.83,7.32,2.0,1
1921,2024-03-03 20:57:00,2024-03-03 21:12:04,16,4,2.01,8.75,3.0,1
1922,2024-03-15 20:38:00,2024-03-15 20:42:39,12,16,1.58,8.0,1.0,1
1923,2024-03-21 22:05:00,2024-03-21 22:11:55,17,3,5.09,14.39,1.0,1
1924,2024-03-11 22:50:00,2024-03-11 23:05:50,16,2,3.13,11.95,1.0,1
1925,2024-03-03 14:54:00,2024-03-03 15:50:13,15,14,8.89,23.51,1.0,1
1926,2024-03-06 10:39:00,2024-03-06 10:45:31,1,13,1.33,6.86,2.0,1
1927,2024-03-25 00:48:00,2024-03-25 00:59:06,15,16,1.79,8.13,1.0,1
1928,2024-03-23 16:53:00,2024-03-23 17:18:39,6,12,2.43,10.69,1.0,1
1929,2024-03-10 06:19:00,2024-03-10 06:20:00,10,6,2.7,9.9,1.0,1
1930,2024-03-23 03:11:00,2024-03-23 03:35:40,8,18,3.0,10.49,1.0,1
1931,2024-03-09 11:22:00,2024-03-09 12:36:03,17,12,9.43,27.36,1.0,1
1932,2024-03-06 18:14:00,2024-03-06 18:19:51,15,16,3.02,12.33,1.0,2
1933,2024-03-18 09:52:00,2024-03-18 10:20:50,8,9,3.8,11.55,1.0,1
1934,2024-03-14 17:33:00,2024-03-14 17:40:54,1,14,1.93,8.49,3.0,2
1935,2024-03-31 11:01:00,2024-03-31 11:11:11,11,11,0.93,5.71,1.0,1
1936,2024-03-03 08:53:00,2024-03-03 09:36:49,17,8,0.63,4.4,1.0,1
1937,2024-03-08 15:50:00,2024-03-08 16:05:19,3,13,3.39,13.77,1.0,1
1938,2024-03-09 11:15:00,2024-03-09 11:56:31,5,12,3.61,13.83,2.0,3
1939,2024-03-09 10:14:00,2024-03-09 10:59:45,3,5,3.6,12.53,2.0,2
1940,2024-03-10 11:59:00,2024-03-10 12:12:44,12,4,5.11,16.1,2.0,1
1941,2024-03-05 07:46:00,2024-03-05 08:25:00,7,15,4.0,15.6,1.0,1
1942,2024-03-08 17:08:00,2024-03-08 17:31:36,10,6,2.94,10.65,1.0,1
1943,2024-03-11 07:40:00,2024-03-11 08:01:41,19,5,2.13,9.56,1.0,2
1944,2024-03-07 07:20:00,2024-03-07 07:32:11,11,4,1.02,5.82,,3
1945,2024-03-05 15:44:00,2024-03-05 15:45:15,15,9,5.18,15.63,2.0,3
1946,2024-03-18 05:53:00,2024-03-18 06:18:38,1,14,8.32,26.57,2.0,2
1947,2024-03-09 10:46:00,2024-03-09 11:00:57,9,14,0.63,4.99,3.0,1
1948,2024-03-21 23:41:00,2024-03-22 00:17:14,10,11,1.52,7.82,1.0,1
1949,2024-03-06 08:31:00,2024-03-06 08:36:16,9,13,2.47,8.98,3.0,1
1950,2024-03-04 04:00:00,2024-03-04 04:20:41,5,17,3.26,12.42,4.0,1
1951,2024-03-03 15:11:00,2024-03-03 15:41:59,15,2,3.62,13.8,1.0,1
1952,2024-03-04 00:58:00,2024-03-04 01:27:41,2,7,5.98,20.57,2.0,2
1953,2024-03-21 14:41:00,2024-03-21 14:52:01,3,4,0.55,4.63,2.0,1
1954,2024-03-16 05:38:00,2024-03-16 05:47:07,14,15,7.17,20.84,2.0,2
1955,2024-03-14 15:31:00,2024-03-14 15:48:18,8,7,1.05,6.2,3.0,1
1956,2024-03-01 11:55:00,2024-03-01 12:28:08,13,4,3.2,11.87,1.0,1
1957,2024-03-18 14:58:00,2024-03-18 15:06:26,14,11,1.84,7.67,1.0,1
1958,2024-03-29 20:10:00,2024-03-29 20:17:43,12,18,0.5,4.18,1.0,1
1959,2024-03-13 03:00:00,2024-03-13 03:09:04,3,9,3.53,11.75,1.0,1
1960,2024-03-23 09:50:00,2024-03-23 10:11:14,16,8,1.9,8.84,1.0,1
1961,2024-03-12 11:51:00,2024-03-12 11:59:53,2,9,1.66,8.13,1.0,2
1962,2024-03-01 13:52:00,2024-03-01 14:00:45,19,7,6.51,23.69,2.0,2
1963,2024-03-23 18:47:00,2024-03-23 18:52:30,13,19,4.61,14.44,2.0,1
1964,2024-03-06 14:32:00,2024-03-06 15:12:18,8,2,2.47,9.54,1.0,1
1965,2024-03-01 22:55:00,2024-03-01 23:14:26,2,5,5.21,19.65,1.0,3
1966,2024-03-13 21:04:00,2024-03-13 21:00:00,2,5,5.64,18.57,3.0,2
1967,2024-03-23 08:45:00,2024-03-23 09:07:33,18,14,0.85,5.65,2.0,1
1968,2024-03-11 15:37:00,2024-03-11 16:16:26,4,17,3.48,13.02,1.0,1
1969,2024-03-20 20:44:00,2024-03-20 20:55:08,12,13,2.53,9.07,1.0,1
1970,2024-03-08 18:28:00,2024-03-08 19:06:29,3,9,3.23,12.93,1.0,2
1971,2024-03-09 15:46:00,2024-03-09 15:52:28,13,10,2.32,8.1,1.0,1
1972,2024-03-17 07:24:22,2024-03-17 07:02:00,13,12,6.94,21.36,3.0,1
1973,2024-03-08 09:57:00,2024-03-08 10:39:26,15,4,0.66,4.76,1.0,1
1974,2024-03-20 11:02:00,2024-03-20 11:19:03,20,20,1.36,7.15,1.0,1
1975,2024-03-13 11:05:00,2024-03-13 11:16:10,14,8,2.2,7.94,1.0,1
1976,2024-03-03 11:22:00,2024-03-03 11:45:17,19,14,1.24,6.64,1.0,1
1977,2024-03-16 10:34:00,2024-03-16 10:45:51,11,12,0.31,3.9,1.0,1
1978,2024-03-11 08:23:00,2024-03-11 08:25:46,3,19,2.75,10.37,1.0,1
1979,2024-03-04 18:29:00,2024-03-04 18:37:07,8,1,3.94,14.8,2.0,1
1980,2024-03-17 13:43:00,2024-03-17 13:59:20,7,6,0.37,3.89,3.0,1
1981,2024-03-19 15:30:00,2024-03-19 15:31:01,2,14,0.75,4.87,4.0,2
1982,2024-03-05 06:57:00,2024-03-05 07:10:06,3,7,3.33,11.32,1.0,1
1983,2024-03-16 20:37:00,2024-03-16 21:10:26,5,20,5.66,18.1,4.0,2
1984,2024-03-07 05:25:00,2024-03-07 05:38:15,5,6,2.56,10.87,1.0,1
1985,2024-03-30 00:07:00,2024-03-30 00:21:20,1,1,3.48,13.97,2.0,1
1986,2024-03-19 22:40:00,2024-03-19 23:29:15,17,5,5.44,20.31,3.0,1
1987,2024-03-22 13:33:00,2024-03-22 13:42:55,7,6,0.84,5.33,1.0,3
1988,2024-03-22 18:57:00,2024-03-22 19:24:14,12,18,5.88,19.52,1.0,1
1989,2024-03-28 16:44:00,2024-03-28 17:03:34,15,20,3.09,11.31,1.0,3
1990,2024-03-13 22:34:00,2024-03-13 22:37:43,13,16,4.44,14.84,1.0,1
1991,2024-03-20 20:00:00,2024-03-20 20:32:50,8,8,1.27,6.27,1.0,1
1992,2024-03-16 16:54:00,2024-03-16 17:33:16,20,12,1.55,7.31,1.0,1
1993,2024-03-24 05:49:00,2024-03-24 06:01:04,2,7,2.08,8.35,1.0,2
1994,2024-03-02 12:54:00,2024-03-02 13:16:52,10,3,3.05,11.3,1.0,1
1995,2024-03-12 03:09:00,2024-03-12 03:57:22,7,12,2.75,10.21,1.0,1
1996,2024-03-23 09:47:00,2024-03-23 09:58:20,5,14,2.99,11.81,1.0,1
1997,2024-03-08 02:03:00,2024-03-08 02:11:55,5,4,12.03,38.75,1.0,3
1998,2024-03-11 09:59:00,2024-03-11 10:10:12,18,6,2.08,8.24,2.0,1
1999,2024-03-29 23:57:00,2024-03-30 00:19:54,2,4,5.21,16.47,1.0,1
2000,2024-03-23 09:09:00,2024-03-23 09:23:14,7,7,4.9,14.92,1.0,2
2001,2024-03-04 17:38:00,2024-03-04 18:01:43,17,14,7.06,20.07,1.0,2
2002,2024-03-17 02:36:00,2024-03-17 02:49:27,17,9,0.69,4.89,1.0,1
2003,2024-03-20 15:10:00,2024-03-20 15:19:11,19,10,5.27,15.69,4.0,2
2004,2024-03-25 14:56:00,2024-03-25 15:24:18,6,11,5.97,16.63,1.0,1
2005,2024-03-14 16:47:00,2024-03-14 17:27:39,2,18,2.41,10.03,1.0,1
2006,2024-03-26 04:37:00,2024-03-26 05:25:27,13,14,3.5,12.71,2.0,1
2007,2024-03-03 16:24:00,2024-03-03 16:39:15,1,3,2.23,8.51,1.0,1
2008,2024-03-02 15:13:00,2024-03-02 15:25:55,19,9,4.42,15.06,1.0,1
2009,2024-03-09 09:35:00,2024-03-09 09:55:05,1,11,2.7,9.42,1.0,2
2010,2024-03-25 20:34:00,2024-03-25 20:40:45,5,15,5.12,18.46,3.0,2
2011,2024-03-16 10:10:00,2024-03-16 10:27:43,10,16,1.54,7.65,1.0,1
2012,2024-03-10 18:59:00,2024-03-10 19:24:38,4,7,0.97,5.5,1.0,2
2013,2024-03-30 21:53:00,2024-03-30 22:01:48,12,13,2.93,9.81,4.0,1
2014,2024-03-22 06:04:00,2024-03-22 06:26:00,3,7,1.73,7.3,4.0,1
2015,2024-03-21 17:08:00,2024-03-21 17:25:55,17,19,0.69,4.93,1.0,2
2016,2024-03-13 15:21:00,2024-03-13 15:27:06,20,2,2.42,9.46,2.0,1
2017,2024-03-25 06:32:00,2024-03-25 06:39:03,17,19,2.46,10.1,2.0,2
2018,2024-03-20 03:12:00,2024-03-20 03:35:14,13,17,1.72,8.05,1.0,1
2019,2024-03-05 17:54:00,2024-03-05 17:56:14,9,8,1.83,7.28,1.0,1
2020,2024-03-23 11:49:00,2024-03-23 11:52:43,19,9,1.38,6.48,1.0,1
2021,2024-03-26 00:08:00,2024-03-26 00:13:13,9,2,2.93,11.11,1.0,2
2022,2024-03-22 16:47:00,2024-03-22 17:41:55,8,7,4.78,13.81,2.0,2
2023,2024-03-16 06:02:00,2024-03-16 06:31:52,9,5,0.41,4.3,1.0,2
2024,2024-03-24 03:51:00,2024-03-24 04:36:49,16,5,1.9,7.39,3.0,2
2025,2024-03-07 12:48:00,2024-03-07 13:05:30,3,8,8.97,23.35,,1
2026,2024-03-07 14:50:00,2024-03-07 15:15:15,2,14,3.67,12.29,1.0,1
2027,2024-03-13 16:22:00,2024-03-13 16:38:06,14,3,4.25,12.65,1.0,1
2028,2024-03-21 17:22:00,2024-03-21 17:38:07,4,18,2.4,9.79,1.0,3
2029,2024-03-06 08:10:00,2024-03-06 08:21:40,9,15,1.48,7.67,1.0,2
2030,2024-03-28 02:54:00,2024-03-28 03:07:47,19,9,6.08,22.11,4.0,2
2031,2024-03-05 01:57:00,2024-03-05 03:06:06,20,8,2.42,10.19,1.0,1
2032,2024-03-16 00:21:00,2024-03-16 00:33:38,16,8,0.85,5.61,1.0,1
2033,2024-03-30 15:46:00,2024-03-30 16:08:53,10,16,1.36,6.82,1.0,1
2034,2024-03-20 14:22:00,2024-03-20 14:31:00,11,13,1.63,7.34,2.0,2
2035,2024-03-08 07:18:00,2024-03-08 07:52:30,2,8,3.51,12.78,1.0,1
2036,2024-03-07 16:42:00,2024-03-07 16:56:22,10,13,0.61,4.88,1.0,2
2037,2024-03-30 15:08:00,2024-03-30 15:25:40,2,18,7.99,22.37,1.0,1
2038,2024-03-12 09:30:00,2024-03-12 09:45:46,17,15,5.05,17.33,1.0,1
2039,2024-03-25 04:15:00,2024-03-25 05:17:45,18,6,4.44,14.67,1.0,2
2040,2024-03-04 19:32:00,2024-03-04 19:54:19,12,17,1.93,8.51,1.0,1
2041,2024-03-07 23:36:00,2024-03-08 00:05:20,13,4,1.74,6.86,1.0,1
2042,2024-03-26 20:08:00,2024-03-26 20:19:35,19,6,0.0,7.74,1.0,1
2043,2024-03-03 00:56:00,2024-03-03 01:06:52,6,19,5.67,17.97,1.0,1
2044,2024-03-23 10:06:00,2024-03-23 10:47:49,14,19,4.76,16.45,2.0,1
2045,2024-03-04 12:51:00,2024-03-04 13:15:54,11,19,5.91,16.84,2.0,1
2046,2024-03-17 00:34:00,2024-03-17 00:52:11,9,14,4.52,16.83,2.0,2
2047,2024-03-04 07:15:00,2024-03-04 07:38:57,15,12,4.01,13.14,1.0,1
2048,2024-03-25 20:58:00,2024-03-25 21:08:02,8,7,4.7,16.2,2.0,2
2049,2024-03-12 21:39:00,2024-03-12 21:44:13,17,1,1.31,6.35,1.0,3
2050,2024-03-07 07:36:00,2024-03-07 07:51:11,19,2,1.53,7.28,1.0,1
2051,2024-03-04 22:34:00,2024-03-04 22:45:05,20,6,5.5,18.21,1.0,1
2052,2024-03-22 21:18:00,2024-03-22 21:27:34,10,20,0.32,3.99,1.0,1
2053,2024-03-31 22:40:00,2024-03-31 23:13:14,5,2,6.3,18.45,4.0,2
2054,2024-03-03 09:55:00,2024-03-03 10:08:15,18,4,2.39,8.53,1.0,1
2055,2024-03-31 04:33:00,2024-03-31 04:48:02,10,7,0.43,4.1,1.0,2
2056,2024-03-22 10:19:00,2024-03-22 10:41:52,14,16,4.47,14.62,1.0,2
2057,2024-03-04 03:55:00,2024-03-04 03:57:27,8,8,2.5,9.03,4.0,1
2058,2024-03-24 23:15:00,2024-03-24 23:56:38,13,4,7.94,22.25,2.0,1
2059,2024-03-10 07:06:00,2024-03-10 07:29:33,18,12,1.66,7.37,1.0,1
2060,2024-03-19 13:27:00,2024-03-19 13:28:16,5,13,8.37,25.32,2.0,1
2061,2024-03-13 16:37:00,2024-03-13 16:42:08,13,19,1.39,6.5,1.0,1
2062,2024-03-25 10:55:00,2024-03-25 12:07:03,18,16,1.61,6.93,2.0,1
2063,2024-03-28 02:09:00,2024-03-28 02:32:31,5,14,6.48,21.29,1.0,2
2064,2024-03-01 08:05:00,2024-03-01 08:37:33,5,17,2.03,9.44,1.0,2
2065,2024-03-06 10:56:00,2024-03-06 11:02:48,7,10,4.11,14.43,2.0,2
2066,2024-03-20 16:39:00,2024-03-20 16:49:18,12,16,6.18,18.69,2.0,3
2067,2024-03-07 12:27:00,2024-03-07 12:41:18,20,10,1.88,7.98,3.0,3
2068,2024-03-10 13:52:00,2024-03-10 14:11:08,9,5,1.74,7.15,1.0,1
2069,2024-03-26 02:35:00,2024-03-26 03:07:34,11,19,7.65,26.79,4.0,1
2070,2024-03-22 02:53:00,2024-03-22 03:12:40,4,18,1.75,8.56,4.0,1
2071,2024-03-02 08:26:00,2024-03-02 08:28:39,12,18,8.1,26.21,1.0,2
2072,2024-03-16 14:34:00,2024-03-16 14:52:04,19,11,0.39,4.09,2.0,2
2073,2024-03-20 14:53:00,2024-03-20 15:00:28,12,20,13.35,37.85,2.0,1
2074,2024-03-08 06:32:00,2024-03-08 06:38:59,12,9,6.76,19.86,3.0,1
2075,2024-03-01 05:39:00,2024-03-01 05:47:35,9,4,2.86,10.78,1.0,1
2076,2024-03-24 13:41:00,2024-03-24 14:28:38,10,17,2.62,9.65,1.0,1
2077,2024-03-08 19:54:00,2024-03-08 20:29:11,16,4,1.64,7.27,1.0,2
2078,2024-03-04 21:04:00,2024-03-04 21:22:08,6,14,3.16,10.44,1.0,2
2079,2024-03-31 09:41:00,2024-03-31 10:03:19,5,18,3.21,10.45,1.0,1
2080,2024-03-03 00:24:00,2024-03-03 00:49:42,5,5,2.27,8.78,2.0,1
2081,2024-03-15 12:56:00,2024-03-15 13:04:12,20,13,2.1,8.36,2.0,1
2082,2024-03-04 12:14:00,2024-03-04 12:20:08,19,14,2.32,8.28,1.0,1
2083,2024-03-26 08:45:00,2024-03-26 08:52:06,18,17,4.46,12.9,1.0,2
2084,2024-03-26 13:42:00,2024-03-26 14:06:18,1,4,0.63,4.99,2.0,1
2085,2024-03-03 05:03:00,2024-03-03 05:20:25,17,10,0.0,4.27,1.0,1
2086,2024-03-27 15:29:00,2024-03-27 15:53:47,1,18,3.37,12.38,2.0,1
2087,2024-03-29 13:59:00,2024-03-29 14:15:22,3,7,4.68,15.96,3.0,1
2088,2024-03-06 14:25:00,2024-03-06 14:43:09,6,9,1.07,6.37,1.0,1
2089,2024-03-06 13:32:00,2024-03-06 13:50:30,4,10,1.18,5.72,1.0,1
2090,2024-03-25 07:31:00,2024-03-25 07:46:26,13,7,0.99,5.71,1.0,1
2091,2024-03-11 19:06:00,2024-03-11 20:02:24,14,5,3.62,11.11,1.0,1
2092,2024-03-01 20:23:00,2024-03-01 20:29:23,9,1,1.65,8.1,0.0,2
2093,2024-03-10 04:23:00,2024-03-10 04:27:08,20,10,0.9,5.23,1.0,2
2094,2024-03-21 17:05:00,2024-03-21 17:26:10,20,16,5.64,15.98,1.0,1
2095,2024-03-21 20:43:00,2024-03-21 21:29:48,14,5,1.94,7.37,1.0,1
2096,2024-03-28 22:52:00,2024-03-28 23:07:03,5,16,1.93,8.98,1.0,1
2097,2024-03-02 14:39:00,2024-03-02 14:52:44,16,6,9.39,29.97,1.0,1
2098,2024-03-22 05:05:00,2024-03-22 05:17:25,11,6,3.1,10.9,2.0,1
2099,2024-03-02 18:53:00,2024-03-02 19:13:25,10,15,1.33,6.56,1.0,1
2100,2024-03-07 07:49:00,2024-03-07 08:52:11,19,17,3.16,10.85,1.0,1
2101,2024-03-08 00:07:00,2024-03-08 00:17:31,18,12,0.75,5.23,1.0,2
2102,2024-03-14 14:29:00,2024-03-14 14:55:01,4,15,3.2,10.5,2.0,1
2103,2024-03-04 05:39:00,2024-03-04 05:51:45,18,12,4.44,16.67,1.0,1
2104,2024-03-09 00:13:00,2024-03-09 00:27:17,5,18,1.14,6.41,1.0,1
2105,2024-03-29 22:44:00,2024-03-29 22:51:47,14,1,6.53,20.14,1.0,2
2106,2024-03-09 22:17:00,2024-03-09 22:29:03,7,17,4.83,13.96,1.0,1
2107,2024-03-06 05:34:00,2024-03-06 05:49:14,9,14,0.59,4.62,2.0,2
2108,2024-03-12 10:10:00,2024-03-12 10:23:04,8,17,0.77,4.71,2.0,2
2109,2024-03-09 20:26:00,2024-03-09 20:39:40,20,2,3.75,13.68,1.0,1
2110,2024-03-01 17:36:00,2024-03-01 18:03:12,14,16,0.68,4.97,1.0,1
2111,2024-03-08 22:14:00,2024-03-08 22:30:46,6,5,2.71,10.01,1.0,1
2112,2024-03-18 13:20:00,2024-03-18 13:38:06,12,7,1.54,6.6,1.0,2
2113,2024-03-15 22:49:00,2024-03-15 23:15:58,12,19,2.24,8.95,2.0,1
2114,2024-03-21 00:03:00,2024-03-21 00:08:36,9,9,2.2,9.39,1.0,2
2115,2024-03-25 11:08:00,2024-03-25 11:33:56,4,13,6.82,22.42,1.0,1
2116,2024-03-30 05:10:00,2024-03-30 05:13:09,4,20,0.91,5.35,2.0,1
2117,2024-03-14 18:12:00,2024-03-14 18:22:10,16,14,1.12,5.75,2.0,1
2118,2024-03-07 19:07:00,2024-03-07 19:35:31,16,6,0.64,5.03,1.0,1
2119,2024-03-31 17:38:00,2024-03-31 17:49:53,4,5,1.34,6.3,1.0,2
2120,2024-03-14 02:11:00,2024-03-14 02:18:23,8,9,1.59,7.73,1.0,1
2121,2024-03-24 05:27:00,2024-03-24 05:30:58,9,15,0.86,5.64,1.0,1
2122,2024-03-05 15:34:00,2024-03-05 16:39:19,16,8,0.99,5.74,2.0,1
2123,2024-03-17 12:44:00,2024-03-17 12:51:33,8,11,0.65,4.84,1.0,1
2124,2024-03-11 08:52:00,2024-03-11 09:12:08,13,9,1.23,5.83,4.0,1
2125,2024-03-30 05:24:00,2024-03-30 05:40:46,12,16,4.17,12.85,1.0,1
2126,2024-03-02 03:08:00,2024-03-02 03:13:51,12,3,4.06,15.64,1.0,1
2127,2024-03-29 20:19:00,2024-03-29 20:37:47,5,11,0.1,3.28,4.0,1
2128,2024-03-09 23:04:00,2024-03-09 23:20:32,9,4,0.84,5.39,1.0,1
2129,2024-03-28 17:07:00,2024-03-28 17:33:25,18,7,0.63,4.89,2.0,1
2130,2024-03-12 09:31:00,2024-03-12 09:41:28,6,3,5.12,18.03,3.0,1
2131,2024-03-15 12:50:00,2024-03-15 13:02:24,19,18,0.28,3.83,1.0,1
2132,2024-03-03 18:24:00,2024-03-03 18:39:26,7,16,0.71,4.59,1.0,1
2133,2024-03-09 17:56:00,2024-03-09 18:31:47,1,10,2.09,7.96,1.0,1
2134,2024-03-21 14:12:00,2024-03-21 14:31:08,18,17,1.12,5.7,2.0,2
2135,2024-03-07 08:01:00,2024-03-07 08:15:40,4,20,2.6,8.85,2.0,1
2136,2024-03-08 13:12:00,2024-03-08 13:18:02,8,15,0.98,5.16,1.0,1
2137,2024-03-04 05:08:00,2024-03-04 06:17:56,7,12,0.95,5.91,2.0,1
2138,2024-03-12 02:57:00,2024-03-12 03:07:09,1,8,2.06,7.87,1.0,1
2139,2024-03-03 09:49:00,2024-03-03 09:56:56,4,18,0.7,4.79,1.0,1
2140,2024-03-30 18:15:00,2024-03-30 18:40:33,14,5,1.61,7.5,1.0,1
2141,2024-03-15 22:17:00,2024-03-15 22:23:55,16,11,2.4,10.01,1.0,1
2142,2024-03-10 11:15:00,2024-03-10 11:47:34,13,11,2.02,8.15,1.0,1
2143,2024-03-16 02:55:00,2024-03-16 03:15:52,9,3,1.72,7.72,1.0,1
2144,2024-03-03 09:39:00,2024-03-03 10:40:09,19,13,2.24,8.24,2.0,1
2145,2024-03-14 16:11:00,2024-03-14 16:15:02,5,11,2.65,10.57,1.0,1
2146,2024-03-11 15:29:00,2024-03-11 16:04:35,15,17,3.83,12.8,2.0,1
2147,2024-03-18 17:30:00,2024-03-18 17:58:32,3,18,0.43,4.27,2.0,1
2148,2024-03-18 17:51:00,2024-03-18 18:12:36,14,5,3.94,12.13,1.0,2
2149,2024-03-17 03:25:00,2024-03-17 04:05:47,9,4,7.13,19.87,2.0,1
2150,2024-03-29 11:32:00,2024-03-29 11:37:33,7,13,11.15,31.91,1.0,3
2151,2024-03-06 16:39:00,2024-03-06 16:46:56,9,18,1.4,7.02,1.0,1
2152,2024-03-26 20:14:00,2024-03-26 20:38:03,14,16,1.56,7.14,3.0,2
2153,2024-03-11 20:22:00,2024-03-11 20:33:26,16,5,4.48,15.55,1.0,1
2154,2024-03-19 00:38:00,2024-03-19 00:54:56,9,18,5.44,16.54,1.0,1
2155,2024-03-11 07:33:00,2024-03-11 07:43:35,9,1,1.52,6.77,3.0,2
2156,2024-03-24 12:45:00,2024-03-24 13:03:05,13,2,2.0,8.83,1.0,1
2157,2024-03-18 01:57:00,2024-03-18 02:10:25,3,13,1.3,6.55,3.0,1
2158,2024-03-16 16:54:00,2024-03-16 17:12:03,1,19,8.25,25.5,1.0,3
2159,2024-03-04 21:19:00,2024-03-04 21:29:56,6,1,1.38,7.16,2.0,1
2160,2024-03-12 01:02:00,2024-03-12 01:40:47,6,20,3.13,11.79,1.0,1
2161,2024-03-28 16:13:00,2024-03-28 16:31:20,7,11,5.31,17.84,3.0,2
2162,2024-03-16 11:59:00,2024-03-16 12:12:46,14,11,0.72,4.95,1.0,2
2163,2024-03-05 23:56:00,2024-03-05 23:59:06,15,20,2.76,9.59,1.0,1
2164,2024-03-16 10:34:00,2024-03-16 10:49:28,17,10,0.6,4.49,2.0,2
2165,2024-03-31 17:03:00,2024-03-31 17:13:47,13,2,3.81,14.24,3.0,1
2166,2024-03-11 07:32:00,2024-03-11 07:37:19,15,17,1.27,6.38,1.0,2
2167,2024-03-14 09:08:00,2024-03-14 09:18:17,3,15,4.18,15.26,1.0,1
2168,2024-03-13 14:21:00,2024-03-13 14:48:44,17,17,5.6,16.32,3.0,1
2169,2024-03-07 18:31:00,2024-03-07 18:53:10,10,3,2.04,8.22,1.0,1
2170,2024-03-16 14:11:00,2024-03-16 14:28:05,18,11,3.89,12.13,2.0,1
2171,2024-03-18 03:53:00,2024-03-18 04:15:45,5,1,0.9,5.76,1.0,1
2172,2024-03-27 15:50:00,2024-03-27 16:07:13,4,13,2.73,10.62,2.0,2
2173,2024-03-12 05:35:00,2024-03-12 05:52:12,18,16,6.43,19.42,1.0,1
2174,2024-03-20 18:59:00,2024-03-20 19:10:09,9,16,1.37,7.04,1.0,1
2175,2024-03-31 11:46:00,2024-03-31 12:18:56,18,3,0.61,4.78,1.0,2
2176,2024-03-04 09:42:00,2024-03-04 10:24:45,2,2,1.85,8.9,1.0,2
2177,2024-03-27 02:50:00,2024-03-27 03:05:07,9,10,2.59,9.16,1.0,2
2178,2024-03-01 02:57:00,2024-03-01 03:22:31,2,10,3.32,13.56,2.0,1
2179,2024-03-08 21:13:00,2024-03-08 21:27:33,7,5,6.18,19.05,2.0,2
2180,2024-03-25 10:54:00,2024-03-25 10:59:39,9,20,0.72,4.93,1.0,1
2181,2024-03-05 22:56:00,2024-03-05 23:16:53,3,6,1.87,8.83,2.0,1
2182,2024-03-21 10:58:00,2024-03-21 11:10:16,6,15,2.4,10.4,1.0,1
2183,2024-03-07 10:31:00,2024-03-07 10:46:22,14,7,2.8,10.97,1.0,1
2184,2024-03-13 17:19:00,2024-03-13 17:27:46,11,10,1.05,6.08,1.0,3
2185,2024-03-07 18:56:00,2024-03-07 19:12:59,15,16,3.61,12.66,1.0,2
2186,2024-03-31 00:32:00,2024-03-31 01:12:33,1,9,2.3,9.94,1.0,1
2187,2024-03-27 13:20:00,2024-03-27 13:24:17,15,7,5.27,16.09,1.0,3
2188,2024-03-25 17:07:00,2024-03-25 17:44:15,10,4,1.55,6.97,1.0,2
2189,2024-03-04 16:31:00,2024-03-04 16:42:49,14,9,4.15,15.36,1.0,1
2190,2024-03-09 11:41:00,2024-03-09 12:03:43,8,5,1.31,6.81,1.0,1
2191,2024-03-02 17:08:00,2024-03-02 18:06:32,13,3,2.86,9.41,2.0,1
2192,2024-03-04 07:17:00,2024-03-04 07:39:10,5,15,7.86,23.44,1.0,1
2193,2024-03-15 22:43:00,2024-03-15 22:58:30,9,19,2.36,9.32,4.0,1
2194,2024-03-06 01:09:00,2024-03-06 01:29:55,1,5,3.98,15.54,1.0,1
2195,2024-03-08 20:59:00,2024-03-08 21:09:02,12,13,6.69,24.32,2.0,1
2196,2024-03-13 03:52:00,2024-03-13 03:56:11,3,17,2.87,11.96,4.0,2
2197,2024-03-21 02:32:00,2024-03-21 02:47:43,4,19,4.92,17.8,1.0,1
2198,2024-03-13 07:11:00,2024-03-13 07:27:02,5,2,5.02,17.58,1.0,1
2199,2024-03-11 17:28:00,2024-03-11 17:35:11,5,20,1.85,7.49,1.0,1
2200,2024-03-16 07:57:00,2024-03-16 08:09:57,10,13,8.23,26.54,2.0,1
2201,2024-03-15 18:38:00,2024-03-15 18:47:31,19,7,0.57,-5.0,1.0,3
2202,2024-03-03 22:09:00,2024-03-03 22:11:39,13,5,0.66,5.0,1.0,2
2203,2024-03-11 13:32:00,2024-03-11 13:38:23,8,16,1.22,5.83,1.0,2
2204,2024-03-30 12:15:00,2024-03-30 12:31:22,7,6,8.31,26.34,1.0,2
2205,2024-03-08 14:09:00,2024-03-08 14:14:57,6,12,2.72,10.6,1.0,1
2206,2024-03-27 18:34:00,2024-03-27 18:51:58,12,15,1.68,6.94,1.0,2
2207,2024-03-10 04:27:00,2024-03-10 04:36:16,3,16,2.74,10.2,1.0,1
2208,2024-03-29 10:00:00,2024-03-29 10:34:57,9,4,1.49,7.7,1.0,1
2209,2024-03-20 21:13:00,2024-03-20 21:24:38,4,17,0.57,4.36,1.0,2
2210,2024-03-18 11:56:00,2024-03-18 11:57:30,7,5,0.95,5.22,2.0,2
2211,2024-03-16 16:06:00,2024-03-16 16:19:02,14,3,6.64,19.55,1.0,3
2212,2024-03-20 10:03:00,2024-03-20 10:26:15,9,5,3.44,13.2,1.0,1
2213,2024-03-01 00:28:00,2024-03-01 00:31:35,16,4,7.37,21.24,1.0,1
2214,2024-03-07 21:33:00,2024-03-07 22:29:05,8,6,4.98,18.21,1.0,1
2215,2024-03-28 02:17:00,2024-03-28 02:35:10,2,7,4.06,12.24,1.0,2
2216,2024-03-14 19:24:00,2024-03-14 19:38:25,13,19,3.86,14.13,1.0,3
2217,2024-03-29 15:57:00,2024-03-29 16:02:07,7,14,8.72,29.54,3.0,1
2218,2024-03-15 07:00:00,2024-03-15 07:04:49,20,3,0.3,3.77,1.0,2
2219,2024-03-07 16:57:00,2024-03-07 17:01:59,20,2,9.57,32.66,1.0,2
2220,2024-03-27 21:15:00,2024-03-27 21:40:02,5,20,3.23,13.28,2.0,1
2221,2024-03-14 10:28:00,2024-03-14 11:05:20,7,6,3.34,11.26,2.0,2
2222,2024-03-04 20:18:00,2024-03-04 20:33:32,16,5,1.18,6.73,1.0,1
2223,2024-03-14 08:48:00,2024-03-14 09:04:24,2,19,3.2,11.28,1.0,2
2224,2024-03-02 14:12:00,2024-03-02 14:20:19,4,9,3.69,14.39,0.0,1
2225,2024-03-27 13:47:00,2024-03-27 14:03:58,13,6,4.66,17.53,1.0,1
2226,2024-03-15 12:00:00,2024-03-15 12:06:44,20,16,2.05,8.45,2.0,1
2227,2024-03-19 09:47:00,2024-03-19 09:58:34,14,15,3.54,11.94,1.0,2
2228,2024-03-05 12:24:00,2024-03-05 12:30:42,1,16,2.32,8.86,2.0,1
2229,2024-03-07 08:41:00,2024-03-07 08:50:22,4,20,0.58,4.76,2.0,1
2230,2024-03-29 03:10:00,2024-03-29 03:20:39,13,10,3.15,11.58,1.0,1
2231,2024-03-08 23:07:00,2024-03-08 23:33:42,17,2,2.47,8.76,2.0,2
2232,2024-03-08 17:10:00,2024-03-08 17:23:30,14,9,2.85,10.69,1.0,1
2233,2024-03-11 13:25:00,2024-03-11 13:29:13,3,8,1.04,5.96,3.0,1
2234,2024-03-13 12:58:00,2024-03-13 13:32:25,4,13,0.43,4.19,1.0,2
2235,2024-03-18 03:00:00,2024-03-18 03:29:41,10,3,0.16,3.36,1.0,3
2236,2024-03-22 02:48:00,2024-03-22 04:15:24,15,3,0.56,4.36,1.0,1
2237,2024-03-23 12:00:00,2024-03-23 12:14:47,1,20,0.68,4.61,3.0,2
2238,2024-03-11 07:42:00,2024-03-11 08:11:16,13,10,1.87,7.59,3.0,2
2239,2024-03-09 23:24:00,2024-03-09 23:33:21,16,12,1.53,7.36,1.0,1
2240,2024-03-01 16:46:00,2024-03-01 16:55:44,5,16,3.08,11.54,1.0,1
2241,2024-03-01 00:51:00,2024-03-01 01:13:14,5,13,3.45,13.14,2.0,1
2242,2024-03-04 04:15:00,2024-03-04 04:31:51,13,18,1.73,8.29,0.0,1
2243,2024-03-19 21:02:00,2024-03-19 21:13:13,1,17,2.93,9.94,1.0,2
2244,2024-03-27 15:11:00,2024-03-27 15:28:22,13,20,6.82,20.28,3.0,1
2245,2024-03-24 07:41:00,2024-03-24 08:21:55,16,17,5.03,18.0,1.0,2
2246,2024-03-02 02:19:00,2024-03-02 02:24:10,16,17,3.33,12.16,1.0,1
2247,2024-03-12 04:39:00,2024-03-12 05:01:26,9,14,2.23,8.71,2.0,1
2248,2024-03-02 07:23:00,2024-03-02 07:34:14,20,2,7.96,25.02,2.0,2
2249,2024-03-13 15:37:00,2024-03-13 15:43:47,19,19,0.0,8.03,1.0,2
2250,2024-03-21 23:45:00,2024-03-21 23:49:05,1,16,0.91,5.58,1.0,1
2251,2024-03-11 12:36:00,2024-03-11 12:43:44,13,13,4.53,12.99,1.0,1
2252,2024-03-12 21:05:00,2024-03-12 21:25:02,11,20,2.62,10.26,1.0,2
2253,2024-03-07 00:10:00,2024-03-07 00:21:33,17,18,0.86,5.72,2.0,1
2254,2024-03-05 17:43:00,2024-03-05 17:46:59,11,3,0.53,4.31,1.0,1
2255,2024-03-17 06:07:00,2024-03-17 06:32:39,10,1,0.65,4.73,1.0,1
2256,2024-03-23 13:46:00,2024-03-23 13:56:50,1,9,1.98,8.32,1.0,1
2257,2024-03-16 02:28:00,2024-03-16 02:59:48,13,1,2.6,8.88,1.0,2
2258,2024-03-01 00:46:00,2024-03-01 00:58:41,17,15,4.58,16.47,1.0,1
2259,2024-03-26 15:11:00,2024-03-26 15:25:45,6,11,0.82,4.81,4.0,1
2260,2024-03-22 03:01:07,2024-03-22 02:55:00,7,1,2.18,9.27,4.0,1
2261,2024-03-30 23:39:00,2024-03-31 00:02:26,6,3,1.45,6.25,1.0,1
2262,2024-03-17 18:49:00,2024-03-17 19:07:07,1,9,4.4,14.68,1.0,2
2263,2024-03-08 19:03:00,2024-03-08 19:14:07,10,3,4.53,16.46,1.0,1
2264,2024-03-06 09:26:00,2024-03-06 09:29:36,15,19,3.15,12.98,1.0,1
2265,2024-03-03 19:49:00,2024-03-03 20:02:43,20,9,0.0,9.99,1.0,3
2266,2024-03-20 22:42:00,2024-03-20 23:04:11,7,6,1.96,7.68,1.0,2
2267,2024-03-11 12:42:00,2024-03-11 12:45:33,6,14,2.93,12.11,1.0,1
2268,2024-03-01 03:23:00,2024-03-01 03:41:11,18,7,4.41,16.89,0.0,1
2269,2024-03-03 20:10:00,2024-03-03 20:30:12,18,10,0.0,6.01,4.0,1
2270,2024-03-31 23:14:00,2024-03-31 23:41:17,7,2,0.72,4.76,1.0,2
2271,2024-03-25 00:44:00,2024-03-25 00:50:25,18,13,1.98,8.47,1.0,1
2272,2024-03-21 04:19:00,2024-03-21 04:29:44,9,9,2.05,9.25,2.0,1
2273,2024-03-21 21:18:00,2024-03-21 21:38:33,5,20,6.35,23.06,2.0,1
2274,2024-03-12 08:15:00,2024-03-12 08:44:49,20,4,2.93,11.65,1.0,1
2275,2024-03-21 23:03:00,2024-03-21 23:45:17,3,15,4.83,14.63,3.0,1
2276,2024-03-24 02:18:00,2024-03-24 02:43:43,3,11,1.36,6.37,1.0,1
2277,2024-03-19 10:05:00,2024-03-19 10:35:58,1,10,4.38,14.52,2.0,1
2278,2024-03-02 08:17:00,2024-03-02 08:42:06,2,4,5.02,18.94,2.0,1
2279,2024-03-04 15:39:00,2024-03-04 15:47:04,4,19,0.54,4.28,1.0,1
2280,2024-03-19 03:04:00,2024-03-19 03:19:21,11,10,10.51,33.37,1.0,2
2281,2024-03-23 00:00:00,2024-03-23 00:15:51,15,1,4.59,15.49,1.0,2
2282,2024-03-12 12:46:00,2024-03-12 12:51:47,16,10,1.36,7.34,1.0,1
2283,2024-03-07 21:39:00,2024-03-07 21:43:33,6,3,4.85,14.71,2.0,2
2284,2024-03-23 23:54:00,2024-03-24 00:26:17,12,5,1.44,6.76,1.0,1
2285,2024-03-13 07:54:00,2024-03-13 08:22:31,7,18,0.34,4.05,2.0,1
2286,2024-03-07 22:05:00,2024-03-07 22:39:14,5,16,4.12,12.53,1.0,2
2287,2024-03-02 15:53:00,2024-03-02 16:08:38,6,8,4.48,16.05,2.0,1
2288,2024-03-19 06:41:00,2024-03-19 06:54:00,7,15,1.58,7.34,3.0,1
2289,2024-03-27 05:47:00,2024-03-27 05:54:51,10,14,1.42,7.5,1.0,2
2290,2024-03-06 18:12:00,2024-03-06 18:27:14,4,13,1.4,6.3,1.0,1
2291,2024-03-31 23:03:00,2024-03-31 23:13:37,5,5,1.5,7.2,1.0,1
2292,2024-03-04 15:23:00,2024-03-04 15:41:38,7,10,5.74,20.51,2.0,2
2293,2024-03-29 03:26:00,2024-03-29 03:34:09,10,5,6.55,23.2,2.0,1
2294,2024-03-24 10:50:00,2024-03-24 11:15:39,6,15,4.7,17.25,1.0,2
2295,2024-03-18 19:53:00,2024-03-18 19:56:46,6,8,1.09,5.68,1.0,1
2296,2024-03-12 08:27:00,2024-03-12 09:00:58,12,6,3.82,14.17,1.0,2
2297,2024-03-08 13:22:00,2024-03-08 13:39:37,8,8,2.84,11.83,1.0,1
2298,2024-03-09 08:31:00,2024-03-09 09:08:53,11,5,1.12,6.5,1.0,1
2299,2024-03-08 01:00:00,2024-03-08 01:10:53,1,17,5.02,17.49,1.0,3
2300,2024-03-07 00:24:00,2024-03-07 00:39:12,13,14,4.76,15.36,1.0,1
2301,2024-03-29 12:38:00,2024-03-29 12:44:58,10,19,1.83,7.93,1.0,2
2302,2024-03-26 12:26:00,2024-03-26 12:36:42,16,18,1.98,8.76,1.0,2
2303,2024-03-12 12:16:00,2024-03-12 12:20:24,6,11,0.86,5.43,1.0,1
2304,2024-03-25 10:33:00,2024-03-25 10:57:36,12,12,6.75,23.55,1.0,1
2305,2024-03-25 20:49:00,2024-03-25 20:54:08,2,6,3.29,13.5,1.0,1
2306,2024-03-09 21:38:00,2024-03-09 21:47:11,8,14,2.63,10.06,1.0,1
2307,2024-03-01 14:01:00,2024-03-01 14:25:43,2,5,3.69,11.14,1.0,1
2308,2024-03-15 19:50:00,2024-03-15 20:06:37,15,13,1.98,8.54,1.0,2
2309,2024-03-20 23:16:00,2024-03-20 23:27:16,20,13,5.74,19.55,1.0,2
2310,2024-03-20 04:21:00,2024-03-20 04:29:42,15,10,4.62,13.7,1.0,1
2311,2024-03-15 12:05:00,2024-03-15 12:08:30,15,13,0.4,4.02,2.0,2
2312,2024-03-31 04:39:00,2024-03-31 04:42:39,1,11,5.22,18.97,1.0,2
2313,2024-03-16 07:48:00,2024-03-16 07:51:53,19,16,1.32,7.09,1.0,1
2314,2024-03-10 04:08:00,2024-03-10 04:15:21,6,13,2.87,9.43,1.0,1
2315,2024-03-10 01:01:00,2024-03-10 01:22:21,4,9,1.65,7.07,3.0,1
2316,2024-03-27 15:03:00,2024-03-27 15:21:03,18,14,4.66,13.72,1.0,1
2317,2024-03-10 18:49:00,2024-03-10 19:11:37,12,20,2.28,8.03,1.0,1
2318,2024-03-01 12:31:00,2024-03-01 12:48:02,12,14,1.88,8.31,1.0,3
2319,2024-03-26 02:13:00,2024-03-26 02:31:37,2,19,3.65,14.47,4.0,1
2320,2024-03-16 21:18:00,2024-03-16 21:30:44,19,5,4.21,12.81,1.0,1
2321,2024-03-25 00:03:00,2024-03-25 00:11:22,20,18,4.64,13.23,1.0,1
2322,2024-03-10 13:14:00,2024-03-10 13:43:16,8,1,2.2,8.65,1.0,2
2323,2024-03-14 05:12:00,2024-03-14 05:21:37,8,8,5.79,20.91,1.0,1
2324,2024-03-01 13:03:00,2024-03-01 13:16:18,10,13,2.45,8.96,1.0,1
2325,2024-03-28 08:44:00,2024-03-28 09:13:32,6,1,2.08,7.89,2.0,1
2326,2024-03-30 07:51:00,2024-03-30 08:17:39,6,2,1.87,7.64,1.0,1
2327,2024-03-06 03:33:00,2024-03-06 03:35:06,4,4,4.09,15.24,1.0,1
2328,2024-03-06 06:15:00,2024-03-06 06:48:45,3,20,0.34,3.84,2.0,1
2329,2024-03-18 15:11:00,2024-03-18 15:12:14,8,12,2.07,8.98,1.0,2
2330,2024-03-30 05:00:00,2024-03-30 05:44:53,8,16,0.42,3.93,1.0,2
2331,2024-03-22 03:31:00,2024-03-22 03:50:54,5,12,4.75,14.65,1.0,3
2332,2024-03-17 08:38:00,2024-03-17 08:56:19,20,14,5.13,15.35,2.0,2
2333,2024-03-27 04:17:00,2024-03-27 04:47:28,16,10,1.8,8.05,2.0,2
2334,2024-03-27 06:51:00,2024-03-27 06:55:01,19,2,2.47,9.4,2.0,2
2335,2024-03-02 15:47:00,2024-03-02 16:28:47,5,15,1.94,8.03,1.0,1
2336,2024-03-21 14:49:00,2024-03-21 15:05:50,6,10,2.16,8.66,1.0,1
2337,2024-03-06 00:14:00,2024-03-06 00:58:18,1,17,7.86,22.42,1.0,1
2338,2024-03-13 00:17:00,2024-03-13 00:28:46,19,19,1.42,6.81,3.0,2
2339,2024-03-13 12:33:00,2024-03-13 12:50:22,16,8,1.79,8.24,1.0,1
2340,2024-03-16 04:33:00,2024-03-16 04:54:38,20,19,1.98,8.01,3.0,1
2341,2024-03-18 02:08:00,2024-03-18 02:26:42,6,1,2.14,8.08,1.0,2
2342,2024-03-23 08:17:00,2024-03-23 08:54:12,12,10,1.84,7.84,2.0,1
2343,2024-03-30 09:31:00,2024-03-30 09:32:50,5,11,1.98,8.36,1.0,2
2344,2024-03-12 14:04:00,2024-03-12 14:14:20,11,3,2.56,9.84,1.0,1
2345,2024-03-31 02:08:00,2024-03-31 02:13:00,17,17,3.93,15.19,1.0,1
2346,2024-03-08 18:38:00,2024-03-08 18:54:20,16,14,3.38,12.59,4.0,2
2347,2024-03-28 18:26:00,2024-03-28 18:31:59,17,5,4.25,16.0,1.0,2
2348,2024-03-11 19:37:00,2024-03-11 19:51:27,20,11,8.55,21.9,1.0,1
2349,2024-03-03 07:30:00,2024-03-03 07:50:49,3,1,5.47,19.83,1.0,1
2350,2024-03-02 04:21:00,2024-03-02 04:34:34,2,8,2.4,9.91,1.0,1
2351,2024-03-29 13:23:00,2024-03-29 13:36:23,7,11,0.43,4.03,,1
2352,2024-03-30 02:40:00,2024-03-30 02:59:23,18,19,3.87,11.95,1.0,1
2353,2024-03-08 21:15:00,2024-03-08 21:37:19,6,10,1.72,-5.0,1.0,1
2354,2024-03-29 02:41:00,2024-03-29 03:01:44,11,13,0.23,3.55,1.0,1
2355,2024-03-17 22:51:00,2024-03-17 23:04:07,14,6,0.54,4.4,1.0,2
2356,2024-03-15 08:38:00,2024-03-15 09:00:04,3,20,1.35,6.08,2.0,1
2357,2024-03-11 16:20:00,2024-03-11 16:41:18,8,10,2.65,10.87,1.0,2
2358,2024-03-23 01:13:00,2024-03-23 01:31:56,14,9,2.98,12.23,2.0,1
2359,2024-03-29 18:08:00,2024-03-29 18:12:18,10,5,4.4,14.1,1.0,1
2360,2024-03-04 11:03:00,2024-03-04 11:08:08,15,10,8.02,28.33,1.0,2
2361,2024-03-04 03:07:00,2024-03-04 03:30:43,5,13,4.11,12.25,1.0,1
2362,2024-03-27 18:47:00,2024-03-27 19:09:40,17,19,0.43,4.3,1.0,1
2363,2024-03-12 12:25:00,2024-03-12 12:32:09,18,16,0.55,4.65,2.0,1
2364,2024-03-20 01:12:00,2024-03-20 01:15:40,6,10,1.21,6.65,1.0,1
2365,2024-03-17 07:04:00,2024-03-17 07:37:38,14,18,2.88,9.49,1.0,1
2366,2024-03-25 16:45:00,2024-03-25 16:50:31,19,10,4.32,13.54,1.0,1
2367,2024-03-14 18:56:00,2024-03-14 19:07:43,14,4,1.83,8.36,1.0,1
2368,2024-03-22 13:04:00,2024-03-22 13:06:37,4,8,3.3,11.84,2.0,1
2369,2024-03-23 19:33:00,2024-03-23 20:20:15,1,5,4.04,12.07,1.0,2
2370,2024-03-12 00:18:00,2024-03-12 01:05:24,4,19,0.63,4.97,1.0,2
2371,2024-03-07 03:20:00,2024-03-07 03:41:23,18,15,9.68,33.9,2.0,1
2372,2024-03-03 14:29:00,2024-03-03 14:50:40,18,15,2.14,9.84,1.0,1
2373,2024-03-06 14:32:00,2024-03-06 14:42:43,3,9,6.81,22.59,1.0,1
2374,2024-03-08 22:45:00,2024-03-08 22:47:54,1,10,1.0,5.87,1.0,1
2375,2024-03-17 20:25:00,2024-03-17 20:35:42,2,3,2.04,8.19,1.0,1
2376,2024-03-11 08:04:00,2024-03-11 08:34:39,6,6,3.45,13.81,3.0,2
2377,2024-03-30 19:36:00,2024-03-30 19:51:37,6,5,3.7,14.84,1.0,1
2378,2024-03-08 23:53:00,2024-03-08 23:56:03,6,10,2.69,8.92,1.0,1
2379,2024-03-16 03:37:00,2024-03-16 03:44:53,19,15,2.14,9.19,1.0,1
2380,2024-03-03 03:09:00,2024-03-03 03:50:11,14,12,0.26,3.77,2.0,1
2381,2024-03-11 05:54:00,2024-03-11 05:55:26,1,3,2.56,10.02,1.0,1
2382,2024-03-15 20:47:00,2024-03-15 21:08:51,5,16,5.59,18.6,2.0,2
2383,2024-03-07 06:21:00,2024-03-07 06:38:19,3,19,1.28,6.72,3.0,1
2384,2024-03-24 10:28:00,2024-03-24 11:00:33,17,12,8.02,27.78,1.0,1
2385,2024-03-13 23:40:00,2024-03-13 23:46:38,20,6,3.97,13.23,2.0,2
2386,2024-03-04 06:07:00,2024-03-04 06:20:52,13,10,0.48,4.2,1.0,2
2387,2024-03-08 05:07:00,2024-03-08 05:36:25,9,1,3.69,12.93,2.0,1
2388,2024-03-19 05:39:00,2024-03-19 05:54:29,3,5,0.92,5.65,4.0,1
2389,2024-03-03 15:50:00,2024-03-03 16:03:57,3,20,3.37,13.57,4.0,1
2390,2024-03-02 18:13:00,2024-03-02 18:28:55,20,9,0.99,6.07,1.0,1
2391,2024-03-04 14:06:00,2024-03-04 14:27:28,3,9,0.0,9.2,2.0,2
2392,2024-03-01 11:47:00,2024-03-01 12:11:35,3,12,1.2,6.42,2.0,2
2393,2024-03-25 00:21:00,2024-03-25 01:06:22,8,5,3.02,10.31,1.0,1
2394,2024-03-21 07:49:00,2024-03-21 08:08:43,13,6,1.97,7.85,4.0,1
2395,2024-03-03 21:37:00,2024-03-03 21:50:11,5,13,1.42,6.21,1.0,1
2396,2024-03-13 07:22:00,2024-03-13 07:30:11,10,15,1.78,8.38,1.0,2
2397,2024-03-19 21:48:00,2024-03-19 22:06:38,7,3,1.65,7.51,1.0,1
2398,2024-03-28 12:12:00,2024-03-28 13:03:58,17,8,1.71,8.09,1.0,1
2399,2024-03-03 00:51:00,2024-03-03 01:20:34,14,15,1.03,5.41,1.0,1
2400,2024-03-25 06:19:00,2024-03-25 06:35:08,17,2,5.25,18.55,1.0,1
2401,2024-03-28 06:22:00,2024-03-28 06:24:30,11,4,3.86,11.63,2.0,1
2402,2024-03-29 08:12:00,2024-03-29 08:31:08,20,19,4.68,16.71,1.0,1
2403,2024-03-28 00:26:00,2024-03-28 00:36:45,6,7,1.74,7.36,2.0,1
2404,2024-03-03 02:05:00,2024-03-03 02:33:56,6,9,2.76,11.68,2.0,1
2405,2024-03-19 13:10:00,2024-03-19 13:24:58,12,4,1.77,8.29,1.0,2
2406,2024-03-29 12:13:00,2024-03-29 12:46:09,10,1,3.53,13.33,1.0,1
2407,2024-03-02 18:27:00,2024-03-02 18:47:58,10,17,2.04,8.73,1.0,2
2408,2024-03-29 18:32:00,2024-03-29 18:58:19,15,13,1.77,8.06,1.0,1
2409,2024-03-04 05:18:00,2024-03-04 05:22:28,17,8,0.68,5.15,1.0,1
2410,2024-03-26 13:30:00,2024-03-26 13:43:38,15,18,23.69,60.8,2.0,1
2411,2024-03-03 02:38:00,2024-03-03 02:45:19,17,16,1.96,7.48,1.0,2
2412,2024-03-23 12:54:00,2024-03-23 13:06:21,16,1,2.32,8.86,1.0,1
2413,2024-03-20 19:17:00,2024-03-20 20:06:34,10,8,6.96,24.62,2.0,1
2414,2024-03-24 02:24:00,2024-03-24 02:42:21,9,5,8.97,29.77,1.0,2
2415,2024-03-21 23:49:00,2024-03-21 23:54:27,18,8,0.58,4.67,1.0,1
2416,2024-03-25 22:33:00,2024-03-25 22:47:13,8,14,0.31,3.98,2.0,1
2417,2024-03-18 05:20:00,2024-03-18 05:28:09,12,14,4.37,13.97,1.0,1
2418,2024-03-16 04:52:00,2024-03-16 04:55:40,10,12,0.33,3.94,1.0,1
2419,2024-03-22 21:32:00,2024-03-22 21:37:17,4,2,3.67,13.69,1.0,1
2420,2024-03-13 19:08:00,2024-03-13 19:09:37,17,8,4.29,13.41,1.0,2
2421,2024-03-15 04:12:59,2024-03-15 04:04:00,8,19,1.5,7.3,1.0,1
2422,2024-03-11 17:07:00,2024-03-11 17:09:03,2,2,1.47,7.26,1.0,1
2423,2024-03-05 03:33:00,2024-03-05 03:42:53,2,13,1.85,8.19,4.0,1
2424,2024-03-19 13:41:00,2024-03-19 13:53:26,1,19,1.46,7.6,1.0,1
2425,2024-03-15 05:30:00,2024-03-15 05:45:09,8,10,2.85,10.43,1.0,2
2426,2024-03-12 22:11:00,2024-03-12 22:21:36,3,3,3.89,13.41,1.0,1
2427,2024-03-17 12:49:00,2024-03-17 13:04:02,17,13,1.49,6.48,1.0,3
2428,2024-03-18 16:27:00,2024-03-18 16:48:38,16,4,0.2,3.43,2.0,1
2429,2024-03-25 21:46:00,2024-03-25 21:49:45,3,16,3.08,12.58,1.0,1
2430,2024-03-03 04:42:00,2024-03-03 05:06:30,10,9,0.46,4.23,1.0,1
2431,2024-03-16 15:24:00,2024-03-16 15:44:58,18,19,1.1,6.02,3.0,1
2432,2024-03-31 06:17:00,2024-03-31 06:25:03,5,18,0.43,4.14,2.0,2
2433,2024-03-30 08:15:00,2024-03-30 08:30:20,15,18,3.25,11.05,1.0,2
2434,2024-03-03 05:18:00,2024-03-03 05:28:15,19,18,2.55,8.65,1.0,1
2435,2024-03-05 14:03:00,2024-03-05 14:28:52,18,2,3.39,11.6,1.0,2
2436,2024-03-25 06:16:00,2024-03-25 06:21:06,1,17,3.72,11.33,1.0,2
2437,2024-03-18 13:22:00,2024-03-18 13:33:40,16,4,10.24,30.33,1.0,1
2438,2024-03-08 10:46:00,2024-03-08 11:54:46,17,11,6.24,17.24,1.0,1
2439,2024-03-07 11:47:00,2024-03-07 11:50:58,2,10,5.26,16.43,1.0,1
2440,2024-03-10 04:11:00,2024-03-10 04:17:41,16,12,3.63,14.37,2.0,3
2441,2024-03-17 14:34:00,2024-03-17 15:03:45,7,15,9.99,32.21,1.0,1
2442,2024-03-17 12:18:00,2024-03-17 13:05:42,20,6,3.46,13.38,1.0,2
2443,2024-03-02 09:01:00,2024-03-02 09:05:30,6,19,0.92,5.38,4.0,3
2444,2024-03-05 22:06:00,2024-03-05 22:17:18,4,12,8.25,28.86,1.0,2
2445,2024-03-09 00:39:00,2024-03-09 00:56:05,12,3,2.21,8.3,1.0,3
2446,2024-03-08 09:03:00,2024-03-08 09:31:52,1,7,2.2,9.45,2.0,1
2447,2024-03-03 10:04:00,2024-03-03 10:30:19,11,17,1.91,9.0,1.0,1
2448,2024-03-11 10:02:00,2024-03-11 10:16:24,7,2,2.96,9.71,1.0,1
2449,2024-03-28 02:20:00,2024-03-28 02:28:10,5,16,6.49,21.28,1.0,1
2450,2024-03-08 13:32:00,2024-03-08 13:43:02,16,10,5.52,18.61,2.0,1
2451,2024-03-28 18:24:00,2024-03-28 18:46:56,20,13,1.7,7.58,1.0,1
2452,2024-03-24 19:28:00,2024-03-24 20:08:23,9,18,7.69,24.5,1.0,1
2453,2024-03-06 14:59:00,2024-03-06 15:16:40,8,12,1.09,6.11,1.0,1
2454,2024-03-10 20:41:00,2024-03-10 20:50:00,11,19,4.08,15.72,2.0,1
2455,2024-03-12 16:58:00,2024-03-12 17:37:29,14,10,3.96,15.05,2.0,1
2456,2024-03-08 20:39:00,2024-03-08 20:42:28,5,1,3.04,11.46,2.0,1
2457,2024-03-11 01:12:00,2024-03-11 01:23:16,18,9,4.1,12.08,1.0,2
2458,2024-03-30 04:13:00,2024-03-30 04:56:34,7,10,4.17,16.26,3.0,2
2459,2024-03-04 06:29:00,2024-03-04 07:03:01,16,15,2.31,10.15,2.0,1
2460,2024-03-03 05:27:00,2024-03-03 05:32:32,3,9,2.53,10.5,1.0,1
2461,2024-03-03 21:30:00,2024-03-03 21:49:24,18,17,6.09,19.18,1.0,1
2462,2024-03-12 16:11:00,2024-03-12 16:19:07,4,1,2.91,9.68,1.0,1
2463,2024-03-06 23:57:00,2024-03-07 00:01:48,9,14,4.49,13.29,1.0,1
2464,2024-03-11 22:43:00,2024-03-11 23:01:18,16,15,7.34,25.84,1.0,1
2465,2024-03-02 15:00:00,2024-03-02 15:09:11,8,20,3.45,12.98,2.0,1
2466,2024-03-02 05:05:00,2024-03-02 05:21:51,2,15,7.93,24.46,1.0,1
2467,2024-03-07 18:27:00,2024-03-07 18:37:22,14,8,2.72,11.26,4.0,1
2468,2024-03-04 22:19:00,2024-03-04 23:11:47,18,11,6.79,24.0,1.0,3
2469,2024-03-01 07:35:00,2024-03-01 08:04:53,2,8,1.03,5.9,4.0,1
2470,2024-03-02 05:54:00,2024-03-02 06:12:41,17,6,5.67,20.85,1.0,1
2471,2024-03-04 18:37:00,2024-03-04 18:46:46,16,4,2.04,8.87,1.0,1
2472,2024-03-21 22:08:00,2024-03-21 22:37:59,14,11,1.53,6.51,1.0,2
2473,2024-03-30 03:48:00,2024-03-30 04:23:23,15,11,2.51,9.18,1.0,1
2474,2024-03-16 03:23:00,2024-03-16 03:43:41,15,12,2.05,8.51,1.0,2
2475,2024-03-31 20:07:00,2024-03-31 20:11:20,5,11,1.67,8.31,1.0,1
2476,2024-03-05 06:42:00,2024-03-05 06:47:09,18,15,4.74,17.45,1.0,1
2477,2024-03-12 10:01:00,2024-03-12 10:19:00,11,8,0.83,4.85,2.0,1
2478,2024-03-03 07:43:00,2024-03-03 08:00:23,8,17,7.16,19.23,1.0,1
2479,2024-03-04 07:58:00,2024-03-04 07:59:45,3,9,0.27,3.84,1.0,1
2480,2024-03-10 13:14:00,2024-03-10 13:45:45,7,18,8.4,24.31,1.0,2
2481,2024-03-21 21:12:00,2024-03-21 21:25:17,11,6,4.63,16.47,2.0,2
2482,2024-03-24 05:32:00,2024-03-24 05:44:58,16,11,4.32,14.67,1.0,2
2483,2024-03-04 13:08:00,2024-03-04 13:32:02,11,16,0.57,4.65,1.0,2
2484,2024-03-19 17:06:00,2024-03-19 17:16:39,11,7,1.91,7.53,4.0,1
2485,2024-03-17 16:01:00,2024-03-17 16:20:08,12,6,2.79,10.37,1.0,1
2486,2024-03-29 21:33:00,2024-03-29 21:57:50,10,14,2.86,11.71,2.0,1
2487,2024-03-13 07:02:00,2024-03-13 07:36:36,18,16,1.34,6.56,2.0,1
2488,2024-03-26 11:12:00,2024-03-26 11:20:51,5,13,1.63,6.82,1.0,1
2489,2024-03-26 18:33:00,2024-03-26 18:44:32,3,6,4.61,16.51,2.0,2
2490,2024-03-10 13:32:00,2024-03-10 14:05:46,1,2,0.5,4.12,1.0,1
2491,2024-03-14 01:59:00,2024-03-14 02:19:21,11,20,2.83,10.69,2.0,1
2492,2024-03-30 04:06:00,2024-03-30 04:25:16,6,15,2.66,11.09,1.0,1
2493,2024-03-06 15:27:00,2024-03-06 15:36:01,20,17,1.11,6.29,1.0,1
2494,2024-03-20 03:23:00,2024-03-20 03:30:28,5,1,1.34,7.23,1.0,1
2495,2024-03-05 23:59:00,2024-03-06 00:32:30,14,17,2.37,8.89,1.0,3
2496,2024-03-05 15:50:00,2024-03-05 16:07:48,18,15,2.68,9.02,1.0,1
2497,2024-03-27 22:08:00,2024-03-27 22:20:25,3,20,1.36,6.43,2.0,2
2498,2024-03-15 09:14:00,2024-03-15 09:32:30,16,6,2.23,8.85,2.0,2
2499,2024-03-23 10:33:00,2024-03-23 11:18:26,9,10,6.3,18.5,1.0,1
2500,2024-03-14 02:55:00,2024-03-14 03:17:35,7,17,0.59,4.53,1.0,1
2501,2024-03-21 17:20:00,2024-03-21 17:44:11,6,1,1.58,7.27,1.0,1
2502,2024-03-29 05:25:00,2024-03-29 05:38:54,1,9,2.26,8.48,1.0,2
2503,2024-03-05 12:40:00,2024-03-05 12:48:38,10,14,0.76,5.26,1.0,2
2504,2024-03-20 04:29:00,2024-03-20 05:03:00,9,4,4.41,14.85,1.0,1
2505,2024-03-20 19:36:00,2024-03-20 19:45:15,8,20,2.37,10.23,2.0,1
2506,2024-03-01 04:24:00,2024-03-01 04:34:23,11,1,2.92,11.06,1.0,1
2507,2024-03-15 04:03:00,2024-03-15 04:17:38,3,18,2.19,9.95,1.0,1
2508,2024-03-31 22:15:00,2024-03-31 22:26:13,6,8,2.15,8.93,1.0,2
2509,2024-03-03 09:52:00,2024-03-03 09:58:05,10,7,0.99,5.85,1.0,1
2510,2024-03-27 18:50:00,2024-03-27 19:04:19,4,16,9.05,29.6,1.0,1
2511,2024-03-29 06:49:00,2024-03-29 07:05:13,2,14,5.68,19.13,0.0,2
2512,2024-03-20 21:27:00,2024-03-20 21:35:55,9,15,8.95,28.49,2.0,1
2513,2024-03-21 05:46:00,2024-03-21 05:59:59,16,4,0.34,4.08,1.0,1
2514,2024-03-29 18:50:00,2024-03-29 19:28:08,9,10,3.63,11.54,1.0,1
2515,2024-03-10 13:31:00,2024-03-10 13:47:13,6,14,1.45,7.02,1.0,1
2516,2024-03-02 23:12:00,2024-03-02 23:34:17,16,17,4.63,17.46,1.0,2
2517,2024-03-22 03:27:00,2024-03-22 03:29:42,17,19,1.73,7.85,1.0,3
2518,2024-03-16 15:22:00,2024-03-16 15:39:07,10,18,4.85,14.93,1.0,1
2519,2024-03-11 20:52:00,2024-03-11 20:57:27,8,10,3.01,10.99,3.0,2
2520,2024-03-03 20:26:00,2024-03-03 20:28:25,10,12,1.8,8.59,1.0,1
2521,2024-03-19 23:30:00,2024-03-19 23:52:20,7,7,3.02,10.28,1.0,3
2522,2024-03-13 07:25:00,2024-03-13 07:36:05,8,20,2.71,9.11,1.0,1
2523,2024-03-25 13:22:00,2024-03-25 13:47:30,8,13,1.8,7.13,2.0,2
2524,2024-03-13 04:57:00,2024-03-13 05:17:50,10,10,0.5,4.55,2.0,1
2525,2024-03-23 18:52:00,2024-03-23 19:09:32,19,16,3.14,10.61,1.0,1
2526,2024-03-20 09:57:00,2024-03-20 10:26:59,3,15,4.74,17.51,1.0,1
2527,2024-03-09 04:23:00,2024-03-09 04:40:15,16,8,3.43,10.98,1.0,2
2528,2024-03-19 15:23:00,2024-03-19 15:55:11,11,5,5.0,16.45,1.0,1
2529,2024-03-14 06:24:00,2024-03-14 06:30:42,5,13,2.19,8.61,2.0,2
2530,2024-03-27 13:50:00,2024-03-27 14:18:03,9,18,0.85,4.9,1.0,1
2531,2024-03-03 19:53:00,2024-03-03 20:31:09,2,3,7.71,21.42,1.0,1
2532,2024-03-17 14:04:00,2024-03-17 14:23:16,20,15,9.52,28.12,1.0,1
2533,2024-03-12 20:56:00,2024-03-12 21:02:46,11,6,8.2,21.98,2.0,1
2534,2024-03-02 11:34:00,2024-03-02 11:58:39,8,3,6.44,18.0,1.0,1
2535,2024-03-30 08:03:00,2024-03-30 08:16:37,9,20,6.03,18.6,1.0,1
2536,2024-03-08 04:42:00,2024-03-08 04:50:32,3,9,1.63,6.62,1.0,2
2537,2024-03-28 07:00:00,2024-03-28 07:10:23,14,10,1.09,5.61,2.0,1
2538,2024-03-05 12:06:00,2024-03-05 12:14:46,10,2,3.1,12.15,1.0,2
2539,2024-03-07 12:10:00,2024-03-07 12:46:07,20,9,4.58,14.88,1.0,1
2540,2024-03-19 21:42:00,2024-03-19 21:53:18,10,7,0.47,4.41,1.0,1
2541,2024-03-23 14:04:00,2024-03-23 14:27:18,1,18,4.25,16.6,2.0,1
2542,2024-03-25 13:11:00,2024-03-25 13:18:59,9,3,1.43,6.61,1.0,1
2543,2024-03-08 01:28:00,2024-03-08 01:52:22,17,1,11.47,34.89,2.0,1
2544,2024-03-11 17:27:00,2024-03-11 17:50:18,18,16,3.31,10.99,1.0,3
2545,2024-03-13 12:03:00,2024-03-13 12:24:57,9,12,1.9,9.03,2.0,1
2546,2024-03-24 00:35:00,2024-03-24 00:57:41,8,20,2.4,9.9,2.0,1
2547,2024-03-20 16:14:00,2024-03-20 16:21:21,6,16,1.07,5.67,1.0,1
2548,2024-03-21 19:22:00,2024-03-21 19:26:28,9,3,3.37,10.75,1.0,1
2549,2024-03-30 16:49:00,2024-03-30 17:59:03,6,8,1.05,5.39,1.0,2
2550,2024-03-25 13:43:00,2024-03-25 14:02:54,11,7,2.92,12.18,1.0,1
2551,2024-03-13 16:46:00,2024-03-13 16:55:54,5,1,4.4,13.61,1.0,1
2552,2024-03-22 04:28:00,2024-03-22 04:35:10,16,9,2.74,10.8,2.0,1
2553,2024-03-30 15:34:00,2024-03-30 15:57:36,6,3,4.69,14.7,1.0,2
2554,2024-03-30 00:23:00,2024-03-30 01:08:01,5,5,3.45,11.24,1.0,1
2555,2024-03-30 12:43:00,2024-03-30 13:01:32,20,18,0.45,4.24,4.0,2
2556,2024-03-22 01:29:00,2024-03-22 01:32:10,20,16,4.04,14.48,4.0,3
2557,2024-03-15 18:13:00,2024-03-15 18:29:05,7,18,1.16,6.63,1.0,1
2558,2024-03-09 23:08:00,2024-03-09 23:45:19,13,4,0.77,5.41,1.0,2
2559,2024-03-31 11:46:00,2024-03-31 12:07:05,5,19,5.26,17.75,2.0,3
2560,2024-03-03 13:22:00,2024-03-03 13:27:08,5,7,2.62,10.75,1.0,1
2561,2024-03-05 14:59:00,2024-03-05 15:09:20,3,16,0.27,3.69,4.0,2
2562,2024-03-02 15:03:00,2024-03-02 15:14:10,11,2,2.68,9.35,1.0,2
2563,2024-03-31 18:16:47,2024-03-31 18:02:00,19,17,4.97,14.48,1.0,2
2564,2024-03-05 16:48:00,2024-03-05 17:04:00,9,20,0.9,5.36,2.0,2
2565,2024-03-01 22:27:00,2024-03-01 22:33:03,17,11,4.34,14.53,1.0,1
2566,2024-03-15 11:09:00,2024-03-15 11:21:46,10,17,2.6,9.28,1.0,1
2567,2024-03-19 22:04:00,2024-03-19 22:06:29,14,14,4.42,12.92,2.0,1
2568,2024-03-19 22:41:00,2024-03-19 22:47:27,6,6,4.22,14.77,1.0,1
2569,2024-03-26 21:29:00,2024-03-26 21:45:00,3,18,2.24,9.92,1.0,2
2570,2024-03-17 08:36:00,2024-03-17 08:53:14,18,1,1.22,6.46,1.0,1
2571,2024-03-18 04:42:00,2024-03-18 05:11:48,15,2,8.27,23.34,3.0,1
2572,2024-03-22 10:35:00,2024-03-22 10:47:16,7,19,6.72,21.92,2.0,1
2573,2024-03-24 16:38:00,2024-03-24 16:57:18,2,8,4.96,18.75,1.0,1
2574,2024-03-22 16:22:00,2024-03-22 16:33:40,15,18,1.74,8.55,1.0,1
2575,2024-03-23 01:37:00,2024-03-23 01:40:27,14,19,3.39,12.31,1.0,1
2576,2024-03-06 13:18:00,2024-03-06 13:38:28,15,16,1.14,5.64,3.0,1
2577,2024-03-03 17:50:00,2024-03-03 17:57:22,14,12,4.38,14.49,1.0,1
2578,2024-03-03 17:57:00,2024-03-03 18:14:05,7,16,6.15,17.72,1.0,1
2579,2024-03-20 10:40:00,2024-03-20 10:48:57,20,19,7.11,20.99,3.0,1
2580,2024-03-21 21:52:00,2024-03-21 22:08:32,20,6,1.34,5.97,,1
2581,2024-03-03 12:59:00,2024-03-03 13:09:04,6,1,2.4,9.89,2.0,1
2582,2024-03-02 10:35:00,2024-03-02 10:51:06,13,20,0.5,4.33,1.0,1
2583,2024-03-12 02:27:00,2024-03-12 02:45:23,20,5,1.73,7.11,2.0,2
2584,2024-03-02 04:42:00,2024-03-02 05:08:24,8,3,0.51,4.27,1.0,1
2585,2024-03-01 15:24:00,2024-03-01 15:35:08,6,11,1.04,5.83,4.0,1
2586,2024-03-17 06:10:00,2024-03-17 06:20:57,11,13,3.95,14.54,1.0,1
2587,2024-03-08 17:02:00,2024-03-08 17:17:15,10,3,1.03,5.61,1.0,1
2588,2024-03-15 01:30:00,2024-03-15 01:49:16,4,16,1.95,8.82,1.0,1
2589,2024-03-16 00:04:00,2024-03-16 00:08:09,10,12,1.88,7.38,2.0,1
2590,2024-03-03 00:03:00,2024-03-03 00:11:27,19,18,4.93,17.87,1.0,2
2591,2024-03-04 21:08:00,2024-03-04 21:11:10,8,13,1.35,7.22,1.0,1
2592,2024-03-20 17:54:00,2024-03-20 17:58:58,8,14,5.04,14.13,1.0,1
2593,2024-03-24 12:01:00,2024-03-24 12:03:39,7,17,0.94,5.27,1.0,1
2594,2024-03-02 23:37:00,2024-03-02 23:46:11,16,17,0.35,3.99,1.0,2
2595,2024-03-28 08:53:00,2024-03-28 09:24:59,7,7,4.02,15.32,1.0,1
2596,2024-03-08 12:06:00,2024-03-08 12:18:37,16,8,1.08,6.06,1.0,1
2597,2024-03-18 13:49:00,2024-03-18 14:22:53,2,7,4.33,14.58,2.0,2
2598,2024-03-18 21:16:00,2024-03-18 21:45:49,2,14,3.68,12.07,1.0,1
2599,2024-03-31 16:26:00,2024-03-31 16:35:02,12,10,1.64,7.5,1.0,2
2600,2024-03-29 08:30:00,2024-03-29 08:39:23,7,12,5.47,17.96,4.0,2
2601,2024-03-28 11:29:00,2024-03-28 11:38:42,9,10,4.4,13.05,1.0,1
2602,2024-03-26 00:27:00,2024-03-26 00:52:46,3,7,2.28,8.02,3.0,1
2603,2024-03-20 22:44:00,2024-03-20 23:03:24,9,11,6.44,20.3,4.0,1
2604,2024-03-05 16:21:00,2024-03-05 16:41:29,20,12,0.25,3.72,1.0,1
2605,2024-03-15 13:25:00,2024-03-15 14:01:17,20,8,0.33,3.83,2.0,2
2606,2024-03-26 08:59:00,2024-03-26 09:05:29,11,19,2.93,11.18,1.0,1
2607,2024-03-13 17:56:00,2024-03-13 18:17:53,14,5,4.12,14.67,1.0,2
2608,2024-03-11 08:52:00,2024-03-11 09:09:39,18,9,6.44,17.8,1.0,1
2609,2024-03-26 19:59:00,2024-03-26 20:04:16,9,13,0.73,4.91,1.0,1
2610,2024-03-25 06:41:00,2024-03-25 07:02:24,17,19,5.26,19.15,1.0,2
2611,2024-03-16 15:46:00,2024-03-16 15:51:27,15,12,2.46,-5.0,1.0,1
2612,2024-03-16 10:03:00,2024-03-16 10:20:28,7,13,0.24,3.73,2.0,1
2613,2024-03-19 11:31:00,2024-03-19 11:35:53,4,16,0.42,4.17,3.0,1
2614,2024-03-04 13:35:00,2024-03-04 13:52:41,17,11,5.16,17.43,1.0,2
2615,2024-03-25 13:43:00,2024-03-25 13:48:59,8,12,1.31,6.99,1.0,2
2616,2024-03-29 14:55:00,2024-03-29 15:09:30,6,3,0.66,4.96,1.0,1
2617,2024-03-28 11:13:00,2024-03-28 11:26:53,16,18,1.97,8.18,4.0,2
2618,2024-03-30 21:40:00,2024-03-30 22:00:00,18,7,1.04,5.37,1.0,2
2619,2024-03-12 06:01:00,2024-03-12 06:19:06,10,15,4.91,14.25,1.0,1
2620,2024-03-05 00:13:00,2024-03-05 00:16:12,4,6,1.21,6.5,1.0,1
2621,2024-03-19 06:06:00,2024-03-19 06:20:21,8,1,1.94,7.78,1.0,1
2622,2024-03-19 17:34:00,2024-03-19 17:43:18,8,3,0.25,3.79,2.0,1
2623,2024-03-31 07:26:00,2024-03-31 07:53:44,6,1,3.26,10.49,1.0,1
2624,2024-03-02 19:08:00,2024-03-02 19:09:00,7,2,5.3,19.73,2.0,1
2625,2024-03-09 00:23:00,2024-03-09 00:39:39,9,5,7.16,23.61,1.0,1
2626,2024-03-29 02:42:00,2024-03-29 03:09:43,6,20,1.87,8.13,1.0,1
2627,2024-03-30 19:27:00,2024-03-30 19:44:37,7,18,5.92,16.22,2.0,1
2628,2024-03-30 22:04:00,2024-03-30 22:08:21,17,20,6.6,18.63,1.0,2
2629,2024-03-07 15:51:00,2024-03-07 16:00:03,11,7,5.67,16.74,1.0,1
2630,2024-03-18 11:40:00,2024-03-18 12:04:50,6,15,1.25,6.67,2.0,1
2631,2024-03-14 16:04:00,2024-03-14 16:21:19,11,15,1.29,6.05,1.0,1
2632,2024-03-25 22:54:00,2024-03-25 23:09:04,19,8,2.94,11.5,1.0,1
2633,2024-03-22 17:08:00,2024-03-22 17:24:55,7,6,4.69,15.28,4.0,3
2634,2024-03-27 20:41:00,2024-03-27 20:59:23,7,15,0.75,5.1,2.0,3
2635,2024-03-08 04:26:00,2024-03-08 04:29:20,9,11,3.64,13.36,2.0,2
2636,2024-03-12 06:14:00,2024-03-12 06:33:20,19,10,5.39,16.19,1.0,2
2637,2024-03-08 00:11:00,2024-03-08 00:18:51,20,15,9.85,26.46,1.0,1
2638,2024-03-20 19:44:00,2024-03-20 19:49:51,10,10,0.57,4.35,2.0,1
2639,2024-03-03 11:55:00,2024-03-03 12:42:02,7,14,4.6,14.7,1.0,1
2640,2024-03-17 20:50:00,2024-03-17 21:15:35,3,15,0.61,4.41,1.0,1
2641,2024-03-06 18:47:00,2024-03-06 19:00:45,15,8,2.54,10.8,3.0,1
2642,2024-03-07 09:58:00,2024-03-07 10:37:14,15,18,1.0,5.71,1.0,3
2643,2024-03-21 04:55:00,2024-03-21 05:07:04,12,17,1.47,6.83,2.0,2
2644,2024-03-16 19:43:00,2024-03-16 19:55:06,2,9,6.18,21.29,1.0,1
2645,2024-03-22 04:00:00,2024-03-22 04:30:32,7,11,0.91,5.56,1.0,2
2646,2024-03-29 09:22:00,2024-03-29 09:31:41,1,14,2.02,9.43,1.0,1
2647,2024-03-03 20:52:00,2024-03-03 20:54:41,5,4,4.64,14.0,1.0,2
2648,2024-03-24 12:44:00,2024-03-24 12:52:58,13,5,4.21,16.41,1.0,1
2649,2024-03-21 12:59:00,2024-03-21 13:35:42,9,20,2.85,10.99,2.0,2
2650,2024-03-05 17:18:00,2024-03-05 17:26:28,4,7,1.31,7.09,3.0,1
2651,2024-03-17 03:21:00,2024-03-17 03:34:55,13,8,2.05,8.55,2.0,1
2652,2024-03-16 01:03:00,2024-03-16 01:05:27,12,4,7.02,22.94,1.0,1
2653,2024-03-24 17:15:00,2024-03-24 17:55:38,12,3,1.84,7.18,1.0,1
2654,2024-03-24 18:24:00,2024-03-24 18:32:31,6,3,1.22,6.85,1.0,1
2655,2024-03-29 15:36:00,2024-03-29 16:03:07,14,19,5.93,19.09,1.0,1
2656,2024-03-12 22:47:00,2024-03-12 22:58:42,7,12,1.42,7.15,1.0,1
2657,2024-03-20 02:20:00,2024-03-20 02:35:33,20,8,5.31,16.82,1.0,1
2658,2024-03-31 01:42:00,2024-03-31 01:49:06,8,3,0.1,3.25,1.0,2
2659,2024-03-27 23:10:00,2024-03-27 23:21:02,5,19,4.3,16.45,1.0,1
2660,2024-03-10 04:26:00,2024-03-10 04:31:27,5,1,0.74,4.72,2.0,1
2661,2024-03-21 23:32:00,2024-03-21 23:43:52,4,14,1.71,8.44,1.0,2
2662,2024-03-16 17:35:00,2024-03-16 18:39:31,9,2,5.31,16.64,2.0,1
2663,2024-03-04 14:14:00,2024-03-04 14:26:14,8,18,1.59,6.77,1.0,2
2664,2024-03-31 00:05:00,2024-03-31 00:25:40,2,14,1.05,5.87,1.0,2
2665,2024-03-19 16:52:00,2024-03-19 16:53:02,8,12,1.15,6.61,1.0,1
2666,2024-03-28 11:51:00,2024-03-28 12:02:45,2,13,2.8,10.1,1.0,1
2667,2024-03-13 03:35:00,2024-03-13 03:42:09,17,17,4.71,17.64,1.0,1
2668,2024-03-10 02:45:00,2024-03-10 03:20:53,3,8,3.15,12.79,1.0,1
2669,2024-03-29 10:49:00,2024-03-29 10:55:11,1,9,2.66,9.86,3.0,1
2670,2024-03-03 23:42:00,2024-03-04 00:21:31,9,18,3.49,12.59,1.0,2
2671,2024-03-16 18:27:00,2024-03-16 19:04:39,2,8,1.95,8.6,1.0,2
2672,2024-03-07 20:36:00,2024-03-07 20:50:22,8,19,2.04,9.28,1.0,2
2673,2024-03-09 22:15:00,2024-03-09 22:19:21,15,7,3.74,11.36,2.0,1
2674,2024-03-28 18:24:00,2024-03-28 18:26:03,13,16,2.17,8.1,1.0,2
2675,2024-03-21 15:30:00,2024-03-21 16:11:29,16,16,4.2,12.27,1.0,1
2676,2024-03-16 05:54:00,2024-03-16 06:01:26,5,20,2.53,10.43,2.0,1
2677,2024-03-06 17:55:00,2024-03-06 18:20:00,11,9,11.96,35.29,2.0,2
2678,2024-03-02 02:07:00,2024-03-02 02:40:31,7,18,4.01,13.43,1.0,1
2679,2024-03-13 13:43:00,2024-03-13 13:53:07,12,8,1.39,6.99,3.0,2
2680,2024-03-14 01:52:00,2024-03-14 02:02:26,17,18,2.72,11.24,1.0,2
2681,2024-03-30 04:58:00,2024-03-30 05:16:38,4,20,1.76,8.43,,2
2682,2024-03-28 19:48:00,2024-03-28 20:32:00,12,2,5.55,20.14,1.0,1
2683,2024-03-15 12:01:00,2024-03-15 12:13:08,20,9,2.89,9.63,1.0,1
2684,2024-03-07 09:41:00,2024-03-07 09:52:38,17,2,5.6,19.74,1.0,1
2685,2024-03-01 02:39:00,2024-03-01 02:42:00,5,12,1.97,7.77,1.0,1
2686,2024-03-10 20:46:00,2024-03-10 21:52:00,13,10,8.18,26.7,1.0,1
2687,2024-03-07 03:40:00,2024-03-07 04:03:33,6,7,3.19,10.85,2.0,1
2688,2024-03-26 00:03:00,2024-03-26 00:27:23,14,11,8.6,24.34,1.0,1
2689,2024-03-10 22:36:00,2024-03-10 22:59:57,3,12,2.27,10.2,1.0,1
2690,2024-03-12 10:00:00,2024-03-12 10:02:06,2,2,4.42,13.44,4.0,1
2691,2024-03-02 18:16:00,2024-03-02 18:21:38,19,4,7.16,24.2,1.0,1
2692,2024-03-05 05:44:00,2024-03-05 06:40:27,10,11,4.94,14.69,1.0,1
2693,2024-03-03 08:02:00,2024-03-03 08:23:13,13,17,3.06,11.51,1.0,2
2694,2024-03-18 05:54:00,2024-03-18 06:41:07,4,20,3.1,10.2,1.0,1
2695,2024-03-11 13:52:00,2024-03-11 14:44:22,10,9,4.78,15.86,1.0,2
2696,2024-03-15 12:13:00,2024-03-15 12:53:14,17,5,0.63,5.01,1.0,1
2697,2024-03-02 13:19:00,2024-03-02 13:24:19,10,6,2.16,9.24,1.0,1
2698,2024-03-15 06:06:00,2024-03-15 06:11:50,18,19,3.01,10.32,1.0,2
2699,2024-03-23 03:59:39,2024-03-23 03:48:00,11,6,5.54,20.31,2.0,1
2700,2024-03-04 09:44:00,2024-03-04 10:06:54,20,15,3.17,12.77,1.0,1
2701,2024-03-07 11:04:00,2024-03-07 11:40:56,17,19,1.0,6.01,1.0,1
2702,2024-03-31 11:36:00,2024-03-31 12:23:27,5,9,2.56,9.49,1.0,1
2703,2024-03-06 19:29:00,2024-03-06 19:40:07,17,6,3.36,12.89,1.0,1
2704,2024-03-23 11:57:00,2024-03-23 12:31:59,18,2,6.89,22.43,1.0,1
2705,2024-03-26 08:19:00,2024-03-26 08:32:21,18,1,5.66,21.09,1.0,1
2706,2024-03-23 14:32:00,2024-03-23 14:40:42,12,2,5.97,17.14,1.0,1
2707,2024-03-13 00:05:00,2024-03-13 00:07:01,17,17,4.01,12.5,1.0,1
2708,2024-03-21 10:28:00,2024-03-21 10:46:13,16,19,6.93,23.53,2.0,1
2709,2024-03-18 10:19:00,2024-03-18 10:30:16,16,16,3.66,12.95,2.0,1
2710,2024-03-06 06:57:00,2024-03-06 07:06:52,1,4,2.82,11.27,2.0,2
2711,2024-03-19 21:11:00,2024-03-19 21:43:14,12,15,6.23,20.94,2.0,1
2712,2024-03-30 18:35:00,2024-03-30 18:36:59,11,17,2.33,10.02,1.0,3
2713,2024-03-13 16:02:00,2024-03-13 16:18:48,16,19,6.69,21.92,1.0,1
2714,2024-03-05 14:52:00,2024-03-05 15:20:22,15,9,4.98,17.46,1.0,1
2715,2024-03-14 18:31:00,2024-03-14 18:46:43,10,19,3.72,13.65,1.0,2
2716,2024-03-20 02:44:00,2024-03-20 02:51:54,15,16,6.82,23.92,1.0,2
2717,2024-03-13 20:42:00,2024-03-13 20:57:58,16,13,3.14,10.48,1.0,2
2718,2024-03-18 06:44:00,2024-03-18 07:00:31,20,1,2.21,8.52,1.0,2
2719,2024-03-01 07:35:00,2024-03-01 08:06:06,7,1,5.31,15.72,1.0,1
2720,2024-03-16 08:23:00,2024-03-16 08:45:02,5,8,4.15,16.11,1.0,1
2721,2024-03-25 16:27:00,2024-03-25 16:57:54,13,19,1.66,6.77,2.0,1
2722,2024-03-03 07:57:00,2024-03-03 08:13:33,5,3,8.4,26.08,1.0,2
2723,2024-03-21 19:05:00,2024-03-21 19:16:40,20,20,1.71,7.81,1.0,1
2724,2024-03-09 02:50:00,2024-03-09 03:16:01,5,9,2.79,9.81,2.0,2
2725,2024-03-06 15:37:00,2024-03-06 15:39:15,2,14,3.71,11.62,1.0,2
2726,2024-03-06 14:39:00,2024-03-06 14:58:26,10,8,2.46,10.61,1.0,1
2727,2024-03-01 02:57:00,2024-03-01 03:09:49,3,12,4.39,17.02,1.0,2
2728,2024-03-10 19:33:00,2024-03-10 19:49:01,6,12,0.94,5.8,1.0,1
2729,2024-03-22 14:29:00,2024-03-22 14:40:40,13,13,1.9,8.75,1.0,1
2730,2024-03-17 00:05:00,2024-03-17 00:13:09,17,10,1.95,8.37,1.0,1
2731,2024-03-20 04:34:00,2024-03-20 05:26:42,19,17,1.35,6.01,1.0,2
2732,2024-03-24 05:33:00,2024-03-24 05:48:12,11,5,7.66,21.91,2.0,1
2733,2024-03-19 22:49:00,2024-03-19 22:54:51,17,13,0.76,5.14,1.0,1
2734,2024-03-12 13:32:00,2024-03-12 13:43:18,12,3,1.07,6.18,1.0,1
2735,2024-03-27 07:01:00,2024-03-27 07:51:54,3,16,3.05,10.38,1.0,1
2736,2024-03-12 07:56:00,2024-03-12 08:22:20,9,13,1.87,7.63,1.0,1
2737,2024-03-07 01:56:00,2024-03-07 02:09:02,6,9,6.92,24.02,1.0,1
2738,2024-03-19 19:37:00,2024-03-19 19:50:01,18,20,3.66,14.17,1.0,2
2739,2024-03-17 02:21:00,2024-03-17 02:29:23,14,18,2.46,8.73,1.0,2
2740,2024-03-28 23:00:00,2024-03-28 23:08:23,4,7,2.23,7.97,1.0,1
2741,2024-03-10 02:50:00,2024-03-10 02:55:38,16,9,0.11,3.26,1.0,1
2742,2024-03-26 16:50:00,2024-03-26 17:21:55,17,13,6.66,17.83,1.0,1
2743,2024-03-04 15:00:00,2024-03-04 15:21:03,3,10,5.76,20.18,1.0,3
2744,2024-03-15 19:20:00,2024-03-15 19:24:27,12,20,1.84,7.17,1.0,1
2745,2024-03-09 10:44:00,2024-03-09 10:51:21,12,15,3.66,14.57,3.0,2
2746,2024-03-13 07:47:00,2024-03-13 08:03:36,9,18,1.72,7.44,1.0,1
2747,2024-03-01 18:53:00,2024-03-01 19:18:59,3,4,3.1,12.16,4.0,1
2748,2024-03-03 03:46:00,2024-03-03 04:00:09,7,13,4.83,14.74,1.0,3
2749,2024-03-18 03:57:00,2024-03-18 04:12:49,11,1,2.55,10.19,2.0,1
2750,2024-03-28 04:41:00,2024-03-28 04:45:02,16,1,3.42,13.05,1.0,1
2751,2024-03-12 05:33:00,2024-03-12 05:35:25,6,9,3.43,11.58,1.0,1
2752,2024-03-18 15:45:00,2024-03-18 16:14:34,17,3,1.0,5.24,1.0,2
2753,2024-03-14 04:46:00,2024-03-14 05:04:20,7,2,4.92,15.88,1.0,1
2754,2024-03-30 10:27:00,2024-03-30 10:47:41,8,20,2.36,8.23,3.0,1
2755,2024-03-08 20:11:00,2024-03-08 20:30:32,16,4,4.82,14.84,1.0,1
2756,2024-03-17 16:07:00,2024-03-17 16:21:58,5,10,5.89,19.13,1.0,1
2757,2024-03-16 19:19:00,2024-03-16 19:49:15,3,11,9.34,31.4,1.0,2
2758,2024-03-01 22:27:00,2024-03-01 22:38:59,16,10,2.33,9.92,1.0,2
2759,2024-03-14 05:43:00,2024-03-14 05:53:16,9,5,4.8,17.88,1.0,1
2760,2024-03-16 09:08:00,2024-03-16 09:50:32,11,15,7.26,24.5,1.0,1
2761,2024-03-23 16:22:00,2024-03-23 16:50:29,17,13,6.98,23.22,2.0,1
2762,2024-03-02 11:42:00,2024-03-02 11:56:04,2,15,5.65,19.18,3.0,3
2763,2024-03-05 04:24:00,2024-03-05 04:36:06,5,1,4.94,13.93,1.0,1
2764,2024-03-14 21:06:00,2024-03-14 21:15:08,12,14,3.46,11.44,1.0,1
2765,2024-03-13 05:07:00,2024-03-13 06:11:17,17,1,2.06,8.34,1.0,2
2766,2024-03-13 02:31:00,2024-03-13 02:56:08,18,5,0.5,4.14,1.0,1
2767,2024-03-21 00:31:00,2024-03-21 00:41:56,9,5,2.68,10.08,1.0,3
2768,2024-03-12 20:14:00,2024-03-12 20:41:48,11,16,3.05,11.91,1.0,1
2769,2024-03-09 22:46:00,2024-03-09 22:56:45,13,1,1.05,5.9,2.0,2
2770,2024-03-13 19:51:00,2024-03-13 19:55:20,7,20,3.31,11.74,1.0,2
2771,2024-03-13 07:16:00,2024-03-13 07:25:52,13,16,1.5,6.67,1.0,1
2772,2024-03-25 16:16:00,2024-03-25 16:35:28,11,6,1.6,7.02,1.0,2
2773,2024-03-06 00:35:00,2024-03-06 00:57:44,15,20,4.37,14.44,2.0,1
2774,2024-03-19 05:06:00,2024-03-19 05:24:30,3,6,0.7,4.71,1.0,1
2775,2024-03-24 17:55:00,2024-03-24 18:05:06,5,13,3.89,14.82,1.0,1
2776,2024-03-11 12:48:00,2024-03-11 12:50:47,16,17,7.93,24.37,1.0,2
2777,2024-03-21 11:22:00,2024-03-21 11:30:49,17,15,1.34,5.97,1.0,1
2778,2024-03-22 20:35:00,2024-03-22 20:37:28,19,12,8.05,22.65,2.0,1
2779,2024-03-30 12:14:00,2024-03-30 12:31:26,1,8,1.52,6.93,1.0,1
2780,2024-03-30 09:57:00,2024-03-30 10:08:14,7,15,1.77,8.64,1.0,1
2781,2024-03-16 01:22:00,2024-03-16 01:51:06,10,8,2.58,9.73,1.0,2
2782,2024-03-20 00:55:00,2024-03-20 01:10:38,3,7,6.66,21.9,1.0,1
2783,2024-03-02 18:28:00,2024-03-02 19:05:54,12,12,1.09,6.19,2.0,1
2784,2024-03-29 21:02:00,2024-03-29 21:09:21,18,13,2.22,8.87,4.0,1
2785,2024-03-28 17:32:00,2024-03-28 17:47:47,14,9,4.07,-5.0,1.0,1
2786,2024-03-12 19:38:00,2024-03-12 19:44:37,10,11,4.9,17.15,1.0,1
2787,2024-03-26 08:13:00,2024-03-26 08:34:30,3,3,1.6,7.77,1.0,1
2788,2024-03-29 10:10:00,2024-03-29 10:47:35,2,10,1.16,6.63,2.0,2
2789,2024-03-22 23:58:00,2024-03-23 00:05:51,20,11,2.85,11.75,2.0,1
2790,2024-03-19 20:29:00,2024-03-19 20:41:38,1,6,0.67,4.65,1.0,1
2791,2024-03-18 19:58:00,2024-03-18 20:08:42,14,7,0.9,5.61,1.0,1
2792,2024-03-20 20:15:00,2024-03-20 20:23:36,18,19,4.16,13.76,1.0,1
2793,2024-03-02 07:07:00,2024-03-02 07:42:41,14,4,2.07,9.07,1.0,2
2794,2024-03-19 00:31:00,2024-03-19 00:58:31,18,8,3.11,11.99,2.0,1
2795,2024-03-13 19:10:00,2024-03-13 19:19:40,12,2,3.23,10.88,1.0,1
2796,2024-03-27 22:49:00,2024-03-27 22:57:07,5,13,4.89,14.97,2.0,2
2797,2024-03-16 10:09:00,2024-03-16 10:21:33,19,3,2.45,10.36,1.0,2
2798,2024-03-24 03:51:00,2024-03-24 04:12:35,3,15,3.3,12.24,1.0,2
2799,2024-03-11 08:42:00,2024-03-11 08:43:00,9,11,2.97,10.43,1.0,1
2800,2024-03-30 22:29:00,2024-03-30 22:50:05,5,9,1.36,6.65,1.0,3
2801,2024-03-19 09:14:00,2024-03-19 09:37:54,4,10,5.26,15.44,2.0,1
2802,2024-03-18 17:56:00,2024-03-18 18:06:07,9,7,0.1,3.27,1.0,1
2803,2024-03-25 23:28:00,2024-03-25 23:43:00,19,5,2.73,9.62,1.0,2
2804,2024-03-03 12:22:00,2024-03-03 12:32:55,11,1,0.79,5.25,2.0,2
2805,2024-03-28 09:29:00,2024-03-28 09:57:57,14,18,0.68,5.0,1.0,1
2806,2024-03-25 17:07:00,2024-03-25 17:24:07,6,6,1.12,5.94,1.0,1
2807,2024-03-03 05:32:00,2024-03-03 06:08:54,9,11,3.52,13.47,1.0,2
2808,2024-03-26 18:53:00,2024-03-26 19:15:15,12,2,0.63,4.75,2.0,1
2809,2024-03-14 09:57:00,2024-03-14 10:04:25,18,7,4.83,17.04,1.0,2
2810,2024-03-11 10:40:00,2024-03-11 10:56:28,15,6,4.63,13.76,1.0,1
2811,2024-03-16 21:12:00,2024-03-16 21:21:37,1,14,0.52,4.37,1.0,2
2812,2024-03-10 02:08:00,2024-03-10 02:10:33,10,11,7.52,23.53,2.0,2
2813,2024-03-03 22:35:00,2024-03-03 22:41:39,20,17,6.2,17.73,1.0,2
2814,2024-03-18 10:09:00,2024-03-18 10:18:47,2,5,4.4,14.38,2.0,2
2815,2024-03-13 14:35:00,2024-03-13 14:37:25,7,15,1.68,-5.0,1.0,1
2816,2024-03-13 17:47:00,2024-03-13 18:10:29,6,13,2.25,9.62,1.0,1
2817,2024-03-18 00:15:00,2024-03-18 00:40:23,3,15,3.47,14.05,1.0,1
2818,2024-03-27 13:11:00,2024-03-27 13:21:37,14,1,2.36,9.65,2.0,2
2819,2024-03-08 20:54:00,2024-03-08 21:38:07,18,13,2.12,9.51,2.0,3
2820,2024-03-09 20:46:00,2024-03-09 21:13:00,8,2,7.05,24.86,1.0,1
2821,2024-03-25 03:45:00,2024-03-25 03:46:00,6,20,1.17,6.53,1.0,1
2822,2024-03-09 01:55:00,2024-03-09 02:29:03,11,19,4.18,12.61,1.0,2
2823,2024-03-07 05:17:00,2024-03-07 05:26:36,10,4,5.48,19.77,1.0,1
2824,2024-03-07 13:06:00,2024-03-07 13:21:21,9,10,4.69,15.25,1.0,2
2825,2024-03-08 13:03:00,2024-03-08 13:19:34,3,8,3.06,12.75,1.0,1
2826,2024-03-02 10:12:00,2024-03-02 10:40:48,2,19,0.29,3.65,2.0,2
2827,2024-03-06 09:15:00,2024-03-06 09:19:04,14,4,0.61,4.75,1.0,2
2828,2024-03-11 00:53:00,2024-03-11 01:01:29,15,19,2.84,11.19,1.0,1
2829,2024-03-07 17:03:00,2024-03-07 17:05:20,7,2,4.75,16.36,1.0,2
2830,2024-03-23 09:36:00,2024-03-23 09:53:01,9,17,4.66,14.69,1.0,2
2831,2024-03-25 12:34:00,2024-03-25 12:56:31,11,7,3.59,12.78,1.0,1
2832,2024-03-29 15:42:00,2024-03-29 16:07:57,17,20,1.73,8.46,2.0,1
2833,2024-03-06 13:37:00,2024-03-06 14:05:38,15,3,3.74,11.27,1.0,2
2834,2024-03-04 21:48:00,2024-03-04 21:58:42,9,19,0.76,5.07,1.0,2
2835,2024-03-19 11:47:00,2024-03-19 11:58:44,20,10,4.57,14.23,1.0,1
2836,2024-03-10 06:02:00,2024-03-10 06:08:04,4,10,2.82,11.32,2.0,2
2837,2024-03-05 19:10:00,2024-03-05 19:23:29,2,17,3.04,11.56,1.0,2
2838,2024-03-23 14:03:00,2024-03-23 14:08:52,14,18,1.34,6.8,1.0,1
2839,2024-03-21 05:16:53,2024-03-21 05:07:00,6,10,4.45,14.86,1.0,1
2840,2024-03-19 22:11:00,2024-03-19 22:23:50,17,8,1.52,7.84,1.0,3
2841,2024-03-10 17:40:00,2024-03-10 17:45:47,11,3,2.4,9.51,1.0,1
2842,2024-03-23 08:39:00,2024-03-23 08:40:46,9,15,3.21,11.66,2.0,2
2843,2024-03-01 02:44:00,2024-03-01 03:06:49,10,15,3.94,14.12,1.0,1
2844,2024-03-30 20:24:00,2024-03-30 20:38:32,12,19,6.22,17.53,1.0,1
2845,2024-03-23 09:15:00,2024-03-23 09:36:44,18,9,2.98,11.43,2.0,1
2846,2024-03-13 13:20:00,2024-03-13 13:30:52,16,13,6.2,22.07,1.0,1
2847,2024-03-16 05:38:00,2024-03-16 06:16:44,11,11,4.37,16.65,2.0,1
2848,2024-03-28 04:22:00,2024-03-28 04:28:57,2,12,1.96,8.3,1.0,1
2849,2024-03-05 08:46:00,2024-03-05 08:51:33,20,16,5.62,18.79,1.0,1
2850,2024-03-20 02:23:00,2024-03-20 02:43:39,20,7,2.18,9.84,1.0,1
2851,2024-03-09 06:40:00,2024-03-09 06:48:37,12,20,1.38,7.34,1.0,3
2852,2024-03-09 12:13:00,2024-03-09 12:14:00,11,2,5.84,17.53,1.0,1
2853,2024-03-29 10:07:00,2024-03-29 10:26:04,20,13,2.77,10.33,0.0,1
2854,2024-03-25 00:21:00,2024-03-25 00:26:07,4,3,1.48,7.57,1.0,1
2855,2024-03-10 17:35:00,2024-03-10 17:44:43,16,8,6.14,16.52,1.0,1
2856,2024-03-08 18:23:00,2024-03-08 18:26:01,2,1,2.84,11.34,1.0,1
2857,2024-03-03 16:52:00,2024-03-03 16:59:31,16,8,1.82,8.51,1.0,2
2858,2024-03-07 00:56:00,2024-03-07 00:58:41,11,8,2.51,9.89,1.0,2
2859,2024-03-03 13:17:00,2024-03-03 13:21:47,16,3,2.68,9.49,1.0,1
2860,2024-03-14 01:39:00,2024-03-14 02:09:55,10,12,0.45,4.26,1.0,1
2861,2024-03-01 20:40:00,2024-03-01 21:07:10,14,16,1.04,5.38,1.0,1
2862,2024-03-08 02:52:00,2024-03-08 03:05:01,16,1,3.22,12.75,1.0,1
2863,2024-03-25 04:43:00,2024-03-25 04:55:03,10,4,6.7,21.64,1.0,1
2864,2024-03-21 01:51:00,2024-03-21 02:20:46,9,8,1.38,6.68,1.0,2
2865,2024-03-03 09:39:00,2024-03-03 09:47:11,10,16,2.84,11.22,4.0,1
2866,2024-03-24 17:03:00,2024-03-24 17:16:22,6,3,2.51,9.22,3.0,2
2867,2024-03-26 15:34:00,2024-03-26 15:55:25,7,9,0.53,4.66,1.0,1
2868,2024-03-07 13:15:00,2024-03-07 13:40:08,1,13,5.18,17.21,1.0,1
2869,2024-03-05 07:17:00,2024-03-05 07:32:09,20,7,1.47,6.96,1.0,1
2870,2024-03-19 03:55:00,2024-03-19 04:13:14,3,10,5.57,19.84,1.0,1
2871,2024-03-29 16:09:00,2024-03-29 16:36:49,5,16,0.28,3.63,1.0,2
2872,2024-03-16 05:55:00,2024-03-16 06:14:33,6,13,2.74,10.71,1.0,2
2873,2024-03-19 10:33:00,2024-03-19 10:42:06,7,15,0.39,3.86,1.0,1
2874,2024-03-23 05:41:00,2024-03-23 06:01:03,2,17,2.15,8.72,1.0,2
2875,2024-03-24 16:23:00,2024-03-24 16:37:26,4,3,6.3,21.25,2.0,1
2876,2024-03-17 18:55:00,2024-03-17 19:07:06,13,15,1.47,6.58,2.0,1
2877,2024-03-23 08:47:00,2024-03-23 08:59:22,7,18,2.53,9.49,1.0,2
2878,2024-03-01 18:15:00,2024-03-01 18:29:22,1,5,3.91,13.64,1.0,1
2879,2024-03-12 10:28:00,2024-03-12 10:36:35,7,17,6.71,21.95,2.0,1
2880,2024-03-30 09:19:00,2024-03-30 09:21:55,12,9,4.24,13.92,1.0,1
2881,2024-03-26 21:03:00,2024-03-26 21:52:47,18,17,11.81,34.69,1.0,2
2882,2024-03-30 06:40:00,2024-03-30 06:59:33,2,8,0.74,5.21,1.0,1
2883,2024-03-22 04:13:00,2024-03-22 04:29:50,9,8,0.79,5.25,1.0,1
2884,2024-03-22 06:33:00,2024-03-22 06:37:46,2,19,2.26,8.25,1.0,1
2885,2024-03-29 06:22:00,2024-03-29 06:31:35,11,7,4.55,13.26,1.0,2
2886,2024-03-17 22:13:00,2024-03-17 22:37:48,2,2,4.03,13.3,1.0,2
2887,2024-03-03 08:50:00,2024-03-03 09:09:11,7,17,2.83,9.45,2.0,1
2888,2024-03-10 20:56:00,2024-03-10 20:59:57,11,16,0.78,4.72,1.0,1
2889,2024-03-06 22:21:00,2024-03-06 22:36:27,4,8,2.04,8.59,1.0,1
2890,2024-03-14 21:05:00,2024-03-14 21:22:46,3,13,1.43,6.3,1.0,1
2891,2024-03-19 08:44:00,2024-03-19 09:06:25,9,6,0.84,5.25,1.0,2
2892,2024-03-04 19:29:00,2024-03-04 19:37:49,17,3,5.63,17.26,1.0,2
2893,2024-03-08 21:15:00,2024-03-08 21:24:16,13,1,2.05,8.78,1.0,2
2894,2024-03-08 06:02:00,2024-03-08 06:23:12,14,12,2.42,9.86,1.0,2
2895,2024-03-01 16:51:00,2024-03-01 17:03:32,12,14,4.27,15.24,1.0,3
2896,2024-03-22 00:31:00,2024-03-22 00:55:16,17,3,0.54,4.28,1.0,1
2897,2024-03-03 07:59:00,2024-03-03 08:07:04,20,1,3.69,14.21,2.0,1
2898,2024-03-30 22:53:00,2024-03-30 23:28:23,7,7,1.19,6.72,1.0,1
2899,2024-03-12 13:40:00,2024-03-12 13:51:12,19,20,1.83,7.26,2.0,2
2900,2024-03-05 07:09:00,2024-03-05 07:25:04,12,9,6.65,21.88,1.0,1
2901,2024-03-14 13:25:00,2024-03-14 14:10:20,12,1,7.29,25.97,1.0,1
2902,2024-03-03 14:44:00,2024-03-03 14:57:16,13,8,2.47,8.58,1.0,1
2903,2024-03-01 04:00:00,2024-03-01 04:29:59,7,14,3.61,12.94,1.0,2
2904,2024-03-14 01:59:00,2024-03-14 02:49:55,10,9,2.81,10.31,2.0,2
2905,2024-03-22 18:32:00,2024-03-22 18:54:38,9,18,2.04,9.02,1.0,1
2906,2024-03-10 15:15:00,2024-03-10 15:20:10,9,13,4.03,14.08,1.0,1
2907,2024-03-07 12:32:00,2024-03-07 12:42:41,12,7,1.88,8.4,2.0,1
2908,2024-03-20 19:08:00,2024-03-20 19:17:50,6,17,1.09,5.61,1.0,1
2909,2024-03-25 06:14:00,2024-03-25 07:02:18,16,4,0.78,5.15,1.0,1
2910,2024-03-25 05:44:00,2024-03-25 05:48:22,5,13,6.2,20.27,1.0,1
2911,2024-03-01 04:56:00,2024-03-01 05:13:41,5,17,4.89,17.47,1.0,2
2912,2024-03-29 01:42:00,2024-03-29 02:14:11,15,12,2.32,9.9,1.0,2
2913,2024-03-13 11:49:00,2024-03-13 12:12:55,8,5,6.34,17.44,1.0,1
2914,2024-03-29 17:28:00,2024-03-29 17:39:47,11,6,2.56,11.08,1.0,1
2915,2024-03-01 01:30:00,2024-03-01 01:55:18,3,17,1.63,6.91,1.0,1
2916,2024-03-29 05:25:00,2024-03-29 05:50:40,19,5,0.33,3.98,1.0,3
2917,2024-03-09 22:15:00,2024-03-09 22:28:32,12,6,1.39,7.3,4.0,1
2918,2024-03-30 10:32:00,2024-03-30 10:38:07,4,7,0.22,3.69,1.0,1
2919,2024-03-19 12:06:00,2024-03-19 12:56:47,14,1,1.98,8.42,4.0,3
2920,2024-03-23 04:33:00,2024-03-23 05:04:36,3,8,0.35,3.88,1.0,1
2921,2024-03-26 05:47:00,2024-03-26 05:55:41,13,4,11.07,31.27,1.0,1
2922,2024-03-01 22:18:00,2024-03-01 22:32:31,2,1,9.92,28.35,1.0,1
2923,2024-03-26 05:22:00,2024-03-26 05:32:32,14,9,5.02,18.55,1.0,2
2924,2024-03-28 16:10:00,2024-03-28 16:23:42,4,20,4.33,13.21,3.0,1
2925,2024-03-19 00:23:00,2024-03-19 00:45:43,9,7,3.83,14.76,1.0,2
2926,2024-03-15 21:39:00,2024-03-15 21:50:16,8,5,2.51,10.23,1.0,1
2927,2024-03-01 05:18:00,2024-03-01 05:27:20,2,6,1.98,7.41,1.0,2
2928,2024-03-12 18:53:00,2024-03-12 19:01:30,3,12,1.53,7.85,4.0,2
2929,2024-03-12 07:12:00,2024-03-12 07:22:01,20,15,3.96,15.17,1.0,1
2930,2024-03-10 21:35:00,2024-03-10 21:49:16,20,11,3.01,10.43,1.0,1
2931,2024-03-31 17:42:00,2024-03-31 17:52:56,11,12,2.71,11.48,1.0,1
2932,2024-03-05 00:26:00,2024-03-05 00:33:59,1,8,2.2,9.32,1.0,1
2933,2024-03-08 22:22:00,2024-03-08 22:26:45,8,2,3.62,-5.0,1.0,1
2934,2024-03-25 12:21:00,2024-03-25 12:44:30,20,19,5.47,16.29,2.0,1
2935,2024-03-28 07:08:00,2024-03-28 07:16:22,14,7,1.14,6.42,1.0,1
2936,2024-03-04 22:10:00,2024-03-04 22:12:11,17,12,2.23,8.85,1.0,1
2937,2024-03-15 11:59:00,2024-03-15 12:02:52,9,10,4.55,16.03,2.0,1
2938,2024-03-10 09:41:00,2024-03-10 10:11:46,17,14,6.67,21.73,2.0,1
2939,2024-03-03 16:12:00,2024-03-03 16:15:38,5,2,0.88,5.46,1.0,1
2940,2024-03-18 19:52:00,2024-03-18 20:07:01,19,9,3.84,15.03,1.0,1
2941,2024-03-06 04:56:00,2024-03-06 05:02:48,13,8,0.65,5.08,3.0,1
2942,2024-03-21 04:56:00,2024-03-21 05:12:34,16,14,7.06,21.57,1.0,1
2943,2024-03-26 21:41:00,2024-03-26 21:55:35,1,3,5.79,17.28,1.0,1
2944,2024-03-13 03:57:00,2024-03-13 04:33:59,1,15,2.76,10.16,2.0,2
2945,2024-03-05 05:38:00,2024-03-05 05:52:42,10,14,1.5,6.57,1.0,1
2946,2024-03-10 07:52:00,2024-03-10 07:59:01,1,1,0.32,3.77,2.0,1
2947,2024-03-25 07:19:00,2024-03-25 07:40:41,7,7,4.92,16.89,1.0,1
2948,2024-03-11 01:00:00,2024-03-11 01:15:01,18,6,4.51,15.89,1.0,1
2949,2024-03-01 02:28:00,2024-03-01 02:31:47,12,4,0.83,5.42,1.0,2
2950,2024-03-02 00:11:00,2024-03-02 00:14:05,11,10,2.08,8.0,,1
2951,2024-03-23 03:17:00,2024-03-23 03:49:16,11,6,3.89,15.23,1.0,1
2952,2024-03-01 20:10:00,2024-03-01 20:14:41,3,5,1.51,6.49,1.0,1
2953,2024-03-13 04:08:00,2024-03-13 04:24:16,19,20,5.18,15.24,1.0,2
2954,2024-03-27 22:45:00,2024-03-27 23:03:02,6,5,3.58,14.23,3.0,1
2955,2024-03-04 09:26:00,2024-03-04 09:53:38,3,10,0.97,5.22,1.0,1
2956,2024-03-15 18:25:00,2024-03-15 18:30:13,16,6,1.81,8.77,1.0,1
2957,2024-03-14 01:51:00,2024-03-14 01:56:32,11,20,3.87,13.06,2.0,1
2958,2024-03-28 20:01:00,2024-03-28 20:27:36,12,18,4.11,14.88,1.0,1
2959,2024-03-15 04:28:00,2024-03-15 05:15:23,2,7,2.7,10.61,1.0,1
2960,2024-03-02 23:41:00,2024-03-02 23:53:32,13,17,2.12,8.85,2.0,1
2961,2024-03-07 16:41:00,2024-03-07 16:45:44,14,11,5.81,18.39,1.0,2
2962,2024-03-10 06:57:00,2024-03-10 07:19:07,2,20,1.45,6.44,1.0,1
2963,2024-03-01 06:27:00,2024-03-01 06:46:15,15,8,2.52,10.64,2.0,1
2964,2024-03-06 16:30:00,2024-03-06 16:31:18,1,1,8.96,23.26,2.0,1
2965,2024-03-31 01:59:00,2024-03-31 02:20:42,14,6,2.31,8.84,1.0,2
2966,2024-03-28 02:21:00,2024-03-28 02:23:32,16,4,2.54,9.82,1.0,1
2967,2024-03-07 08:03:00,2024-03-07 08:08:06,19,5,7.24,20.99,2.0,1
2968,2024-03-10 21:43:00,2024-03-10 22:03:54,13,11,1.26,7.02,1.0,1
2969,2024-03-19 11:12:00,2024-03-19 11:36:27,19,8,6.6,19.58,2.0,1
2970,2024-03-03 21:02:00,2024-03-03 21:13:41,3,19,0.72,4.74,1.0,2
2971,2024-03-29 13:00:44,2024-03-29 12:54:00,2,17,2.58,9.44,1.0,1
2972,2024-03-22 14:20:00,2024-03-22 14:32:32,17,19,4.84,18.01,1.0,2
2973,2024-03-08 05:47:00,2024-03-08 05:55:16,20,7,9.13,29.13,4.0,1
2974,2024-03-24 18:32:00,2024-03-24 19:03:58,15,20,6.8,18.92,2.0,1
2975,2024-03-15 12:32:00,2024-03-15 12:34:38,15,1,1.73,8.53,1.0,1
2976,2024-03-01 17:29:00,2024-03-01 17:59:41,11,6,1.32,5.99,2.0,1
2977,2024-03-18 06:49:00,2024-03-18 06:57:34,4,18,8.9,25.6,2.0,1
2978,2024-03-08 10:35:00,2024-03-08 11:34:47,16,14,3.41,12.64,2.0,1
2979,2024-03-19 14:42:00,2024-03-19 14:54:06,13,5,2.11,9.39,1.0,1
2980,2024-03-20 20:30:00,2024-03-20 20:46:35,8,16,5.14,14.6,1.0,1
2981,2024-03-03 21:16:00,2024-03-03 21:29:29,17,11,7.01,19.89,2.0,1
2982,2024-03-07 15:37:00,2024-03-07 16:17:11,9,1,0.78,5.35,2.0,1
2983,2024-03-07 03:51:00,2024-03-07 04:25:10,5,9,1.59,7.82,1.0,1
2984,2024-03-18 15:06:00,2024-03-18 15:34:05,15,17,0.74,5.1,1.0,1
2985,2024-03-28 19:01:00,2024-03-28 19:05:44,20,6,6.08,19.14,2.0,2
2986,2024-03-10 17:28:00,2024-03-10 17:32:11,15,15,7.87,27.39,1.0,1
2987,2024-03-08 06:28:00,2024-03-08 06:36:43,13,5,3.63,14.4,2.0,1
2988,2024-03-16 09:17:00,2024-03-16 09:27:11,1,10,0.98,5.72,1.0,2
2989,2024-03-28 16:27:00,2024-03-28 16:43:53,10,6,2.7,9.3,1.0,1
2990,2024-03-16 02:27:00,2024-03-16 02:50:36,2,1,0.99,5.34,1.0,2
2991,2024-03-03 19:17:00,2024-03-03 19:30:51,5,19,2.21,8.56,2.0,2
2992,2024-03-28 18:19:00,2024-03-28 18:37:21,14,6,9.81,32.28,1.0,1
2993,2024-03-25 15:26:00,2024-03-25 15:30:36,8,10,2.15,8.85,2.0,1
2994,2024-03-11 12:53:00,2024-03-11 13:34:05,9,15,8.45,25.44,1.0,1
2995,2024-03-31 03:10:00,2024-03-31 03:18:34,9,9,2.69,11.18,2.0,2
2996,2024-03-29 07:03:00,2024-03-29 07:16:08,8,20,7.65,26.74,1.0,2
2997,2024-03-08 21:42:00,2024-03-08 22:08:30,12,8,1.37,6.4,1.0,1
2998,2024-03-11 02:57:00,2024-03-11 03:07:56,1,15,4.72,14.69,1.0,1
2999,2024-03-20 07:31:00,2024-03-20 07:53:10,8,14,1.42,7.46,1.0,1
3000,2024-03-08 22:26:00,2024-03-08 23:09:48,17,7,1.66,6.88,1.0,1
